date,tic,open,high,low,close,volume,macd,macds,macdh,macd.1,macd_signal,macd_hist,ema_3,ema_5,ema_8,ema_10,ema_12,ema_15,ema_20,ema_26,ema_30,ema_35,ema_40,ema_45,ema_50,ema_60,ema_100,ema_200,sma_5,sma_10,sma_15,sma_20,sma_30,sma_50,sma_60,sma_100,sma_200,wma_10,wma_20,wma_30,dema_10,dema_20,dema_30,tema_10,tema_20,tema_30,trix,trix_signal,rsi_6,rsi_9,rsi_12,rsi_14,rsi_21,rsi_24,cci_14,cci_20,roc_12,roc_25,mom_10,mom_14,mom_20,willr_14,willr_21,stoch_k_9,stoch_d_9,stoch_j_9,stoch_k_14,stoch_d_14,stoch_j_14,uo,bb_upper_20,bb_lower_20,bb_width_20,bb_pct_20,bb_upper_50,bb_lower_50,bb_width_50,bb_pct_50,atr_7,atr_14,atr_21,std_10,std_20,std_30,kc_upper,kc_lower,dc_upper,dc_lower,dc_middle,obv,vol_ma_5,vol_ma_10,vol_ma_20,vol_ratio,mfi,ad_line,vwap,cmf,adx,pos_di,neg_di,aroon_up,aroon_down,aroon_osc,pivot,r1,r2,s1,s2,sar,price_change,price_change_pct,true_range,typical_price,median_price,weighted_close,intraday_intensity
2020-11-23,AAPL,117.18,117.62,113.75,113.85,127959300,0.0,0.0,0.0,0.0,0.0,0.0,113.85,113.85,113.85,113.85,113.85,113.85,113.85,113.85,113.85,113.85,113.85,113.85,113.85,113.85,113.85,113.85,,,,,,,,,,,,,113.85,113.85,113.85,113.85,113.85,113.85,,,,,,,,,,,,,,,,,,,,,,,,,,,,,,,,,,,,,,,,,,,,0,,,,,,-121346416.28,115.07,,,,,,,,,,,,,113.75,,,3.87,115.07,115.68,114.77,-121346416.28
2020-11-24,AAPL,113.91,115.85,112.59,115.17,113874200,0.03,0.02,0.01,0.11,0.02,0.08,114.51,114.29,114.14,114.09,114.05,114.01,113.98,113.95,113.94,113.92,113.91,113.91,113.9,113.89,113.88,113.86,,,,,,,,,,,,,114.29,114.09,114.01,114.45,114.19,114.09,0.0,0.0,,,,,,,,,,,,,,,,,,,,,,,,,,,,,,,,,,,,,,,,,,113874200,,,,,,-54978017.51,114.82,,,,,,,,115.07,116.4,118.94,112.53,111.2,117.62,1.32,1.16,3.26,114.54,114.22,114.7,66368398.77
2020-11-25,AAPL,115.55,116.75,115.17,116.03,76499200,0.06,0.04,0.03,0.26,0.07,0.19,115.27,114.87,114.56,114.44,114.36,114.27,114.17,114.1,114.07,114.04,114.02,114.0,113.99,113.96,113.92,113.88,,,,,,,,,,,,,114.89,114.45,114.27,115.23,114.69,114.45,0.01,0.0,,,,,,,,,,,,,,,,,,,,,,,,,,,,,,,,,,,,,,,,,,190373400,,,,,,-48199607.38,115.1,,,,,,,,114.54,116.48,117.8,113.22,111.28,117.62,0.86,0.75,1.58,115.98,115.96,116.0,6778410.13
2020-11-27,AAPL,116.57,117.49,116.22,116.59,46691300,0.1,0.06,0.04,0.41,0.14,0.28,115.93,115.44,115.01,114.83,114.7,114.56,114.4,114.29,114.23,114.18,114.14,114.11,114.09,114.05,113.97,113.91,,,,,,,,,,,,,115.52,114.86,114.57,115.99,115.25,114.87,0.02,0.01,,,,,,,,,,,,,,,,,,,,,,,,,,,,,,,,,,,,,,,,,,237064700,,,,,,-67684953.05,115.31,,,,,,,,115.98,116.8,117.56,115.22,114.4,117.52,0.56,0.48,1.46,116.77,116.85,116.72,-19485345.67
2020-11-30,AAPL,116.97,120.97,116.81,119.05,169410200,0.21,0.1,0.11,0.73,0.26,0.47,117.49,116.65,115.91,115.6,115.37,115.12,114.84,114.64,114.54,114.45,114.38,114.33,114.28,114.21,114.07,113.96,116.14,,,,,,,,,,,,116.79,115.66,115.15,117.59,116.33,115.69,0.03,0.01,,,,,,,,,,,,,,,,,,,,,,,,,,,,,,,,,,,,,,,,,,406474900,106886840.0,,,,,-54653399.2,116.46,,,,,,,,116.77,117.31,118.04,116.04,115.5,112.59,2.46,2.11,4.38,118.94,118.89,118.97,13031553.85
2020-12-01,AAPL,121.01,123.47,120.01,122.72,127728200,0.44,0.19,0.24,1.26,0.46,0.81,120.1,118.67,117.42,116.89,116.5,116.07,115.59,115.24,115.07,114.91,114.79,114.69,114.61,114.49,114.24,114.05,117.91,,,,,,,,,,,,118.93,117.01,116.13,120.27,118.16,117.06,0.05,0.02,100.0,,,,,,,,,,,,,,,,,,,,,,,,,,,,,,,,,,,,,,,,,534203100,106840620.0,,,,,17701303.69,117.54,,,,,,,,118.94,121.08,123.1,116.92,114.78,112.76,3.67,3.08,4.42,122.07,121.74,122.23,72354702.89
2020-12-02,AAPL,122.02,123.37,120.89,123.08,89004200,0.59,0.29,0.29,1.69,0.7,0.99,121.59,120.14,118.68,118.02,117.51,116.95,116.31,115.82,115.59,115.37,115.19,115.06,114.94,114.77,114.42,114.14,119.49,,,,,,,,,,,,120.6,118.24,117.07,122.15,119.74,118.32,0.08,0.03,100.0,,,,,,,,,,,,,,,,,,,,,,,,,,,,,,3.06,,,,,,,,,,,623207300,101866620.0,,,,,85890005.3,118.13,,,,,,,,122.07,124.12,125.53,120.66,118.61,113.19,0.36,0.29,2.48,122.45,122.13,122.6,68188701.61
2020-12-03,AAPL,123.52,123.78,122.21,122.94,78967600,0.67,0.38,0.29,2.0,0.96,1.04,122.27,121.07,119.63,118.91,118.35,117.69,116.94,116.35,116.06,115.79,115.57,115.4,115.26,115.04,114.59,114.23,120.88,,,,,,,,,,,,121.76,119.26,117.89,123.24,120.97,119.39,0.11,0.05,98.26,,,,,,,,,,,,,,,,,,,,,,,,,,,,,,2.74,,,,,,,,,,,544239700,102360300.0,,,,,80357243.52,118.59,,,,,,,,122.45,124.0,124.93,121.52,119.97,113.6,-0.14,-0.11,1.57,122.98,123.0,122.97,-5532761.78
2020-12-04,AAPL,122.6,122.86,121.52,122.25,78260400,0.69,0.45,0.23,2.16,1.2,0.96,122.26,121.47,120.21,119.52,118.95,118.26,117.44,116.78,116.46,116.15,115.9,115.7,115.53,115.28,114.74,114.31,122.01,,,,,,,,,,,,122.34,120.0,118.54,123.54,121.76,120.18,0.14,0.07,89.47,91.75,,,,,,,,,,,,,,86.33,,,,,,,,,,,,,,,2.47,,,,,,,,,,,465979300,108674120.0,,,,,87365637.55,118.9,,,,,,,,122.98,123.74,124.55,122.17,121.41,114.21,-0.69,-0.56,1.42,122.21,122.19,122.22,7008394.03
2020-12-07,AAPL,122.31,124.57,122.25,123.75,86712000,0.76,0.52,0.24,2.39,1.44,0.95,123.0,122.23,121.0,120.29,119.69,118.95,118.05,117.3,116.93,116.57,116.28,116.05,115.85,115.56,114.92,114.4,122.95,119.54,,,,,,,,121.33,,,123.23,120.9,119.32,124.3,122.76,121.14,0.17,0.09,90.59,92.82,,,,,,,,,,,,,,93.16,,,,,,,,,,,,,,,2.58,,,3.83,,,,,,,,552691300,92134480.0,99510660.0,,,,112781223.75,119.3,,,,,,,,122.21,122.9,123.55,121.56,120.87,114.78,1.5,1.23,2.32,123.52,123.41,123.58,25415586.21
2020-12-08,AAPL,124.37,124.98,123.09,124.38,82225500,0.84,0.59,0.25,2.58,1.67,0.92,123.69,122.94,121.75,121.03,120.41,119.63,118.65,117.82,117.41,117.0,116.68,116.41,116.19,115.85,115.1,114.5,123.28,120.6,,,,,,,,122.21,,,124.05,121.78,120.1,124.98,123.71,122.07,0.2,0.11,88.13,92.36,,,,,,,,,10.53,,,,,93.88,91.12,99.41,,,,,,,,,,,,,2.64,,,3.53,,,,,,,,634916800,83033940.0,94937280.0,,,,142800057.09,119.67,,,,,,,,123.52,124.8,125.84,122.48,121.2,115.57,0.63,0.51,1.89,124.15,124.04,124.21,30018833.33
2020-12-09,AAPL,124.53,125.95,121.0,121.78,115089200,0.75,0.63,0.12,2.5,1.84,0.67,122.74,122.56,121.76,121.17,120.62,119.9,118.95,118.12,117.69,117.27,116.92,116.64,116.41,116.04,115.24,114.57,123.02,121.26,,,,,,,,122.42,,,123.75,122.05,120.47,124.16,123.77,122.4,0.22,0.13,42.06,72.8,76.81,,,,,,,,6.61,,,,,57.14,81.39,8.64,,,,,,,,,,,,,2.72,,,2.97,,,,,,,,519827600,88250940.0,95058780.0,,,,63981392.84,119.98,,,,,,,,124.15,125.21,126.04,123.32,122.26,116.51,-2.6,-2.09,4.95,122.91,123.48,122.63,-78818664.24
2020-12-10,AAPL,120.5,123.87,120.15,123.24,81312200,0.75,0.65,0.1,2.53,1.97,0.55,122.99,122.78,122.09,121.55,121.02,120.32,119.36,118.5,118.05,117.6,117.23,116.93,116.68,116.28,115.4,114.66,123.08,121.98,,,,,,,,122.78,,,123.96,122.53,120.98,124.17,124.16,122.94,0.24,0.15,51.14,74.61,78.89,,,,,,8.25,,7.21,,,,,70.35,73.79,63.47,,,,,,,,,,,,,2.62,,,2.38,,,,,,,,601139800,88719860.0,95540080.0,,,,117752363.81,120.14,,,,,,,,122.91,124.82,127.86,119.87,117.96,117.64,1.46,1.2,3.72,122.42,122.01,122.62,53770970.97
2020-12-11,AAPL,122.43,122.76,120.55,122.41,86939800,0.69,0.66,0.03,2.45,2.07,0.38,122.7,122.66,122.16,121.7,121.24,120.58,119.65,118.79,118.33,117.87,117.49,117.17,116.9,116.48,115.53,114.74,123.11,122.56,,,,,,,,122.86,,,123.81,122.78,121.34,123.72,124.22,123.24,0.26,0.17,46.56,64.14,72.97,75.06,,,33.29,,6.29,,5.82,,,-26.5,,40.4,55.97,9.28,73.5,,,,,,,,,,,,2.65,2.86,,1.44,,,125.36,113.93,,,,514200000,90455740.0,99564930.0,,,61.51,177154670.6,120.25,,,25.37,11.97,,,,122.42,124.69,126.14,120.97,118.7,118.64,-0.83,-0.67,2.69,121.91,121.66,122.03,59402306.79
2020-12-14,AAPL,122.6,123.35,121.54,121.78,79184500,0.6,0.65,-0.05,2.31,2.12,0.19,122.24,122.37,122.07,121.72,121.32,120.73,119.85,119.01,118.56,118.08,117.69,117.37,117.09,116.65,115.66,114.81,122.72,122.83,120.6,,,,,,,122.72,,,123.45,122.87,121.57,123.08,124.07,123.36,0.26,0.19,46.93,44.68,68.51,72.39,,,34.4,,4.96,,2.73,7.93,,-31.21,,28.1,46.29,-8.26,68.79,,,,,,,,,,,,2.69,2.71,,0.83,,,125.27,114.43,,,,435015500,88950240.0,90542360.0,,,63.86,118969375.02,120.36,,,28.3,12.62,,,,121.91,123.26,124.12,121.05,119.7,119.51,-0.63,-0.51,1.81,122.22,122.44,122.11,-58185295.58
2020-12-15,AAPL,124.34,127.9,124.13,127.88,157243700,0.9,0.7,0.2,2.66,2.23,0.44,125.06,124.2,123.36,122.84,122.33,121.62,120.61,119.67,119.16,118.63,118.19,117.83,117.52,117.02,115.9,114.94,123.42,123.35,121.54,,,,,,,123.64,,,125.17,124.04,122.54,125.36,125.49,124.56,0.28,0.21,66.86,66.46,76.79,78.26,,,164.86,,9.68,,5.16,12.71,,-0.16,,99.74,56.08,187.06,99.84,80.71,138.11,,,,,,,,,,3.36,2.91,,1.8,,,126.44,114.78,,,,592259200,103953880.0,93493910.0,,,73.25,274544706.85,120.98,,,37.47,8.89,,,,122.22,122.91,124.03,121.1,120.41,120.29,6.1,5.01,6.12,126.64,126.02,126.95,155575331.83
2020-12-16,AAPL,127.41,128.37,126.56,127.81,98208600,1.11,0.78,0.32,2.9,2.36,0.54,126.43,125.41,124.35,123.74,123.17,122.4,121.3,120.27,119.72,119.14,118.66,118.26,117.92,117.37,116.14,115.06,124.62,123.82,122.38,,,,,,,124.45,,,126.39,125.02,123.4,126.8,126.6,125.58,0.3,0.23,64.67,66.78,73.45,77.14,,,192.31,,7.36,,4.73,11.78,,-4.61,,93.19,73.68,132.21,95.39,88.01,110.16,,,,,,,,,,3.28,2.93,,2.28,,,127.16,115.44,,,,494050600,100577760.0,94414350.0,,,73.83,311983344.42,121.36,,,36.21,8.85,,,,126.64,129.14,130.41,125.37,122.87,121.35,-0.07,-0.05,1.81,127.58,127.46,127.64,37438637.57
2020-12-17,AAPL,128.9,129.58,128.04,128.7,94359800,1.31,0.89,0.42,3.13,2.52,0.61,127.57,126.5,125.32,124.64,124.02,123.18,122.0,120.89,120.29,119.67,119.15,118.71,118.34,117.74,116.38,115.2,125.72,124.4,123.22,,,,,,,125.34,,,127.55,126.01,124.29,128.09,127.69,126.61,0.31,0.24,84.67,71.92,68.81,77.49,,,186.36,,4.87,,5.76,12.11,,-6.89,,90.67,94.53,82.94,93.11,96.11,87.1,,,,,,,,,,3.27,2.95,,2.71,,,127.91,116.1,,,,588410400,103187280.0,95953570.0,,,74.82,298503372.99,121.75,,,37.07,8.78,,,,127.58,128.6,129.39,126.79,125.77,122.48,0.89,0.7,1.77,128.77,128.81,128.76,-13479971.43
2020-12-18,AAPL,128.96,129.1,126.12,126.66,192541500,1.32,0.98,0.34,3.11,2.63,0.47,127.11,126.56,125.62,125.01,124.43,123.62,122.45,121.32,120.71,120.06,119.52,119.06,118.67,118.04,116.59,115.31,126.57,124.84,123.9,,,,,,,125.75,,,127.69,126.47,124.83,127.95,128.01,127.11,0.33,0.26,66.19,59.54,60.18,67.61,,,106.86,,2.91,,4.41,7.61,,-30.51,,69.03,84.3,38.51,69.49,86.0,36.47,,,,,,,,,,2.99,2.85,,2.68,,,128.16,116.74,,,,395868900,124307620.0,107381680.0,,,61.83,175742013.93,122.29,,,29.66,13.89,,,,128.77,129.51,130.31,127.97,127.23,123.75,-2.04,-1.59,2.98,127.29,127.61,127.14,-122761359.06
2020-12-21,AAPL,125.02,128.31,123.45,128.23,121251600,1.41,1.06,0.35,3.18,2.74,0.44,127.67,127.11,126.2,125.6,125.01,124.19,123.0,121.83,121.19,120.51,119.94,119.46,119.04,118.37,116.82,115.44,127.86,125.29,124.51,122.42,,,,,,126.36,124.53,,128.27,127.14,125.5,128.47,128.63,127.81,0.34,0.28,75.75,61.89,63.91,64.12,,,70.6,96.13,4.3,,4.48,5.51,,-14.32,,85.68,81.8,93.46,85.68,82.76,91.53,,131.24,113.59,14.42,0.83,,,,,3.15,2.88,,2.85,4.41,,128.77,117.23,129.58,112.59,121.08,517120500,132721040.0,110835640.0,105173150.0,1.15,53.24,293001791.71,122.54,0.14,,23.15,20.35,,,,127.29,128.47,130.27,125.49,124.31,129.58,1.57,1.24,4.86,126.66,125.88,127.06,117259777.78
2020-12-22,AAPL,131.61,134.41,129.65,131.88,168904800,1.71,1.19,0.51,3.49,2.89,0.6,129.78,128.7,127.46,126.74,126.07,125.16,123.84,122.58,121.88,121.14,120.52,120.0,119.55,118.81,117.12,115.61,128.66,126.04,125.12,123.32,,,,,,127.56,125.43,,129.86,128.35,126.56,130.39,130.04,129.07,0.36,0.29,85.27,79.29,71.92,69.3,78.15,,174.84,186.15,7.88,,7.5,8.8,18.03,-17.74,-11.59,82.26,78.99,88.79,82.26,79.14,88.49,,132.14,114.49,14.32,0.99,,,,,3.65,3.15,3.12,3.5,4.41,,130.14,117.55,134.41,112.59,123.5,686025300,135053260.0,119503570.0,107220425.0,1.58,56.03,282356531.2,123.24,0.19,,35.04,18.64,,,,126.66,129.88,131.52,125.02,121.8,123.45,3.65,2.85,6.18,131.98,132.03,131.95,-10645260.5
2020-12-23,AAPL,132.16,132.43,130.78,130.96,88223700,1.86,1.33,0.53,3.62,3.04,0.58,130.37,129.46,128.24,127.51,126.82,125.88,124.52,123.2,122.47,121.69,121.03,120.47,119.99,119.21,117.39,115.76,129.29,126.96,125.64,124.11,,,,,,128.46,126.16,,130.69,129.21,127.39,131.17,130.91,129.97,0.38,0.31,66.85,73.11,66.85,67.01,75.96,,129.84,150.78,5.83,,9.18,8.02,15.79,-24.19,-15.81,75.11,81.02,63.29,75.81,81.25,64.92,,132.69,115.53,13.83,0.9,,,,,3.62,3.16,3.02,3.46,4.29,,130.83,118.21,134.41,115.17,124.79,597801600,133056280.0,116817020.0,105937900.0,0.83,50.46,213381638.48,123.55,0.13,,34.05,18.61,,,,131.98,134.31,136.74,129.55,127.22,123.45,-0.92,-0.7,1.65,131.39,131.61,131.28,-68974892.73
2020-12-24,AAPL,131.32,133.46,131.1,131.97,54930100,2.02,1.47,0.55,3.77,3.19,0.58,131.17,130.29,129.07,128.32,127.61,126.64,125.23,123.85,123.08,122.26,121.57,120.97,120.46,119.63,117.68,115.92,129.94,127.83,126.25,124.9,,,,,,129.37,126.91,,131.58,130.12,128.26,132.05,131.83,130.91,0.39,0.33,70.63,78.32,67.43,70.33,75.74,,126.65,143.56,6.1,,8.73,9.72,15.94,-17.11,-12.68,81.04,79.47,84.19,82.89,80.32,88.03,,133.28,116.52,13.42,0.92,,,,,3.11,3.23,2.98,3.52,4.19,,131.7,118.77,134.41,116.22,125.32,652731700,125170340.0,114178810.0,104859445.0,0.52,54.87,198950849.49,123.74,0.12,,35.51,16.64,,,,131.39,132.0,133.04,130.35,129.74,123.67,1.01,0.77,2.5,132.18,132.28,132.12,-14430788.98
2020-12-28,AAPL,133.99,137.34,133.51,136.69,124486200,2.44,1.66,0.78,4.21,3.39,0.82,133.93,132.43,130.76,129.84,129.01,127.9,126.32,124.8,123.96,123.06,122.3,121.66,121.1,120.19,118.06,116.13,131.95,129.26,127.21,125.91,,,,,,130.98,128.03,,133.76,131.73,129.62,134.67,133.75,132.56,0.42,0.35,78.72,85.55,81.21,73.86,78.3,79.52,166.08,182.78,12.24,,14.28,12.94,20.1,-3.78,-3.08,95.32,83.82,118.31,96.22,84.97,118.71,,134.89,116.93,14.27,1.1,,,,,3.62,3.45,3.16,3.95,4.49,,133.22,119.42,137.34,116.81,127.08,777217900,111559280.0,117933450.0,108749190.0,1.14,56.29,281183247.93,124.34,0.16,,37.76,15.59,,,,132.18,133.25,134.54,130.89,129.82,123.88,4.72,3.58,5.37,135.85,135.43,136.06,82232398.43
2020-12-29,AAPL,138.05,138.79,134.34,134.87,121047300,2.62,1.85,0.76,4.37,3.59,0.78,134.4,133.24,131.67,130.75,129.91,128.77,127.14,125.54,124.66,123.72,122.92,122.23,121.64,120.67,118.39,116.31,133.27,130.56,127.95,126.7,,,,,,132.0,128.89,,134.71,132.77,130.62,135.49,134.8,133.64,0.44,0.36,79.99,70.94,73.98,68.53,74.21,75.95,134.09,162.42,9.44,,13.09,10.49,15.82,-21.03,-17.83,74.45,83.6,56.13,78.97,86.03,64.86,,135.92,117.48,14.56,0.94,,,,,4.0,3.63,3.3,3.31,4.61,,134.4,119.87,138.79,120.01,129.4,656170600,111518420.0,122119730.0,106331045.0,1.14,57.63,188969686.8,124.87,0.11,,37.91,14.81,,,,135.85,138.18,139.68,134.35,132.02,124.42,-1.82,-1.33,4.45,136.0,136.56,135.72,-92213561.12
2020-12-30,AAPL,135.58,135.99,133.4,133.72,96452100,2.64,2.01,0.63,4.35,3.74,0.61,134.06,133.4,132.13,131.29,130.5,129.39,127.76,126.15,125.25,124.27,123.44,122.73,122.11,121.1,118.69,116.49,133.64,131.15,128.57,127.25,,,,,,132.57,129.56,,134.97,133.43,131.37,135.38,135.29,134.34,0.45,0.38,70.69,66.63,73.02,72.23,70.12,73.0,90.12,117.45,9.24,17.45,5.84,11.94,11.0,-27.2,-27.0,66.95,78.91,43.04,72.8,82.66,53.08,,136.78,117.72,14.98,0.84,,,,,3.94,3.46,3.22,3.3,4.77,,134.69,120.84,138.79,120.15,129.47,559718500,97027880.0,116040570.0,104767240.0,0.92,57.97,116351310.36,125.2,0.05,,39.75,13.15,96.0,4.0,92.0,136.0,137.66,140.45,133.21,131.55,125.28,-1.15,-0.85,2.59,134.37,134.7,134.21,-72618376.45
2020-12-31,AAPL,134.08,134.74,131.72,132.69,99116600,2.56,2.12,0.44,4.2,3.83,0.37,133.37,133.16,132.25,131.55,130.84,129.8,128.23,126.63,125.73,124.74,123.9,123.16,122.53,121.48,118.97,116.65,133.99,131.64,129.3,127.73,,,,,,132.85,130.07,,134.76,133.78,131.9,134.72,135.36,134.74,0.47,0.4,53.8,61.14,71.85,67.88,64.74,70.57,58.07,84.95,8.96,15.21,4.88,9.45,9.61,-33.44,-32.73,60.23,67.21,46.28,66.56,72.78,54.12,,137.34,118.12,15.05,0.76,,,,,3.68,3.41,3.15,3.11,4.81,,135.06,121.4,138.79,120.15,129.47,460601900,99206460.0,116131370.0,105272860.0,0.94,57.06,80905638.83,125.47,-0.0,41.3,40.33,15.08,92.0,0.0,92.0,134.37,135.34,136.96,132.75,131.78,126.09,-1.03,-0.77,3.02,133.05,133.23,132.96,-35445671.52
2021-01-04,AAPL,133.52,133.61,126.76,129.41,143301900,2.23,2.14,0.09,3.78,3.82,-0.04,131.39,131.91,131.62,131.16,130.62,129.75,128.35,126.84,125.96,125.0,124.16,123.44,122.8,121.74,119.18,116.77,133.48,131.71,129.71,128.05,,,,,,132.45,130.23,,133.47,133.46,131.96,132.7,134.51,134.45,0.46,0.41,44.04,57.18,53.45,62.12,58.62,64.83,-7.2,30.45,1.2,11.53,0.71,7.0,6.47,-54.38,-50.32,38.85,55.35,5.87,45.62,61.66,13.55,45.55,137.42,118.69,14.63,0.57,,,,,3.78,3.71,3.36,3.04,4.68,,135.77,120.92,138.79,120.15,129.47,317300000,116880820.0,121025580.0,108489575.0,1.32,54.91,48479661.46,125.69,-0.01,40.35,37.11,23.42,88.0,0.0,88.0,133.05,134.38,136.07,131.36,130.03,138.79,-3.28,-2.47,6.85,129.93,130.18,129.8,-32425977.37
2021-01-05,AAPL,128.89,131.74,128.43,131.01,97664900,2.06,2.13,-0.07,3.53,3.76,-0.23,131.2,131.61,131.49,131.13,130.68,129.91,128.6,127.15,126.29,125.33,124.5,123.77,123.12,122.04,119.41,116.92,132.34,132.14,130.28,128.49,,,,,,132.32,130.51,,133.0,133.46,132.21,132.01,134.17,134.46,0.46,0.42,46.47,57.25,56.76,65.46,60.57,64.12,-11.67,32.78,2.5,12.37,4.35,9.23,8.76,-50.72,-41.74,35.33,44.81,16.37,49.28,53.82,40.21,50.36,137.53,119.45,14.07,0.64,,,,,4.01,3.82,3.44,2.5,4.52,,136.24,120.96,138.79,120.15,129.47,414964900,111516560.0,111537920.0,109459800.0,0.89,55.55,103065783.82,125.83,0.01,39.12,34.96,22.76,84.0,0.0,84.0,129.93,133.09,136.78,126.24,123.08,138.55,1.6,1.24,3.31,130.39,130.08,130.55,54586122.36
2021-01-06,AAPL,127.72,131.05,126.38,126.6,155088000,1.59,2.02,-0.43,2.94,3.6,-0.66,128.9,129.94,130.4,130.31,130.05,129.5,128.41,127.11,126.31,125.4,124.6,123.89,123.26,122.19,119.55,117.01,130.69,131.98,130.61,128.63,125.6,,,,,131.32,130.33,128.54,131.16,132.64,131.86,129.52,132.7,133.63,0.44,0.43,12.04,36.76,46.14,47.73,55.19,54.5,-76.14,-12.14,-1.63,6.34,-1.63,-1.28,2.85,-79.47,-65.4,1.77,25.32,-45.32,20.53,38.48,-15.36,43.73,137.44,119.82,13.7,0.38,,,,,4.32,3.72,3.6,2.82,4.41,6.02,135.84,120.98,138.79,120.15,129.47,259876900,118324700.0,114921560.0,112878600.0,1.37,46.36,-37410070.57,125.94,-0.07,34.74,27.19,27.34,80.0,0.0,80.0,130.39,132.36,133.7,129.05,127.08,138.31,-4.41,-3.37,4.67,128.01,128.72,127.66,-140475854.39
2021-01-07,AAPL,128.36,131.63,127.86,130.92,109578200,1.51,1.92,-0.4,2.79,3.44,-0.64,129.91,130.27,130.52,130.42,130.18,129.67,128.65,127.39,126.61,125.71,124.91,124.19,123.56,122.48,119.78,117.15,130.13,131.88,130.81,128.96,126.17,,,,,131.12,130.55,128.88,131.21,132.69,132.08,129.81,132.58,133.66,0.42,0.42,37.49,49.91,57.23,54.8,58.01,58.33,-27.96,21.68,3.36,6.68,-0.96,3.11,6.54,-51.3,-42.22,36.58,24.56,60.63,48.7,39.5,67.08,44.27,137.59,120.33,13.38,0.61,,,,,4.27,3.95,3.72,2.84,4.31,5.67,136.54,120.76,138.79,120.15,129.47,369455100,120949920.0,108988900.0,114246235.0,0.96,46.79,30894642.95,126.07,-0.05,30.41,25.8,25.75,76.0,0.0,76.0,128.01,129.64,132.68,124.97,123.34,137.84,4.32,3.41,5.03,130.14,129.74,130.33,68304713.53
2021-01-08,AAPL,132.43,132.63,130.23,132.05,105158200,1.52,1.84,-0.32,2.73,3.3,-0.56,130.98,130.86,130.86,130.72,130.47,129.97,128.97,127.74,126.96,126.06,125.26,124.54,123.89,122.79,120.02,117.3,130.0,131.99,131.09,129.47,126.74,,,,,131.15,130.85,129.26,131.61,132.92,132.41,130.54,132.74,133.86,0.41,0.42,44.71,50.17,56.58,55.13,58.48,59.48,8.6,44.39,2.98,7.29,1.09,3.35,10.27,-43.94,-36.16,45.69,28.02,81.04,56.06,41.76,84.66,48.97,137.51,121.44,12.41,0.66,,,,,3.98,3.99,3.75,2.82,4.02,5.37,136.95,120.99,138.79,120.15,129.47,474613300,122158240.0,110682350.0,113749685.0,0.92,47.2,85226379.62,126.24,0.01,26.05,25.13,25.46,72.0,24.0,48.0,130.14,132.41,133.91,128.64,126.37,137.38,1.13,0.86,2.4,131.64,131.43,131.74,54331736.67
2021-01-11,AAPL,129.19,130.17,128.5,128.98,100384500,1.28,1.73,-0.44,2.41,3.12,-0.71,129.98,130.23,130.44,130.4,130.24,129.85,128.97,127.83,127.09,126.23,125.44,124.73,124.09,122.99,120.2,117.42,129.91,131.69,131.11,129.76,127.17,,,,,130.6,130.8,129.4,130.87,132.55,132.31,129.66,132.05,133.45,0.39,0.41,39.58,32.32,44.91,53.44,57.88,56.67,-72.21,-12.27,-2.2,4.91,-2.99,2.32,5.74,-63.95,-52.63,20.95,34.41,-5.96,36.05,46.94,14.28,48.01,137.25,122.27,11.54,0.45,,,,,4.12,4.03,3.68,2.98,3.74,4.99,137.03,120.91,138.79,120.55,129.67,374228800,113574760.0,115227790.0,114703300.0,0.88,49.81,42547939.5,126.33,-0.03,23.46,24.88,24.86,68.0,20.0,48.0,131.64,133.04,134.04,130.64,129.24,136.94,-3.07,-2.32,3.55,129.22,129.33,129.16,-42678440.12
2021-01-12,AAPL,128.5,129.69,126.86,128.8,91951100,1.07,1.6,-0.53,2.12,2.92,-0.8,129.39,129.76,130.08,130.11,130.02,129.72,128.96,127.9,127.2,126.37,125.6,124.91,124.27,123.19,120.37,117.53,129.47,130.9,131.25,130.08,127.57,,,,,130.08,130.71,129.51,130.26,132.17,132.19,129.0,131.4,133.04,0.36,0.4,47.93,34.95,46.1,50.88,56.26,55.14,-107.21,-41.83,-1.65,5.36,-7.89,0.57,6.39,-80.5,-54.77,25.18,30.61,14.33,19.5,37.2,-15.91,49.03,136.75,123.41,10.25,0.4,,,,,4.09,3.89,3.64,2.52,3.33,4.57,136.73,121.18,138.79,121.54,130.16,282277700,112432000.0,111974280.0,114953865.0,0.8,50.68,76664072.01,126.38,-0.04,23.28,25.81,23.9,64.0,16.0,48.0,129.22,129.93,130.89,128.26,127.55,136.52,-0.18,-0.14,2.83,128.45,128.28,128.54,34116132.51
2021-01-13,AAPL,128.76,131.45,128.49,130.89,88636800,1.04,1.48,-0.44,2.03,2.74,-0.71,130.14,130.13,130.26,130.25,130.15,129.86,129.14,128.12,127.44,126.62,125.86,125.17,124.53,123.44,120.58,117.66,130.33,130.51,131.43,130.54,127.97,,,,,130.08,130.79,129.72,130.49,132.22,132.32,129.53,131.39,133.03,0.34,0.39,49.61,43.3,48.12,48.39,59.28,56.44,-40.12,-6.32,-0.82,5.77,-3.98,-0.99,9.11,-63.66,-45.8,53.95,33.36,95.12,36.34,30.63,47.76,52.98,135.94,125.13,8.28,0.53,,,,,3.54,3.66,3.65,2.1,2.7,4.32,136.45,121.83,138.79,123.45,131.12,370914500,99141760.0,108733230.0,115426480.0,0.77,47.94,131762623.36,126.47,0.01,22.14,18.95,25.4,60.0,12.0,48.0,128.45,130.04,131.28,127.21,125.62,136.11,2.09,1.62,2.96,130.28,129.97,130.43,55098551.35
2021-01-14,AAPL,130.8,131.0,128.76,128.91,90221800,0.86,1.36,-0.5,1.78,2.55,-0.77,129.53,129.73,129.96,130.01,129.96,129.74,129.12,128.18,127.53,126.75,126.01,125.33,124.71,123.62,120.74,117.77,129.93,130.03,131.23,130.59,128.17,,,,,129.79,130.63,129.78,130.0,131.88,132.19,129.02,130.85,132.64,0.32,0.38,59.04,41.43,35.07,46.78,57.58,57.14,-56.43,-33.7,-5.69,3.64,-4.81,-2.05,1.03,-79.61,-64.41,34.99,38.04,28.9,20.39,25.41,10.34,48.24,135.9,125.27,8.14,0.34,,,,,3.38,3.7,3.67,1.82,2.66,4.2,136.51,121.72,138.79,123.45,131.12,280692700,95270480.0,108110200.0,112075385.0,0.81,47.92,53624100.15,126.55,-0.1,21.08,18.74,25.11,56.0,8.0,48.0,130.28,132.06,133.24,129.1,127.32,135.72,-1.98,-1.51,2.24,129.56,129.88,129.39,-78138523.21
2021-01-15,AAPL,128.78,130.22,127.0,127.14,111598500,0.58,1.2,-0.62,1.43,2.32,-0.9,128.33,128.86,129.33,129.49,129.53,129.42,128.93,128.1,127.51,126.77,126.06,125.41,124.8,123.73,120.87,117.87,128.94,129.47,130.98,130.55,128.31,,,,,129.26,130.3,129.72,129.05,131.26,131.84,127.9,129.94,131.96,0.29,0.36,31.51,44.48,35.14,42.58,49.13,53.88,-88.55,-80.19,-5.73,4.4,-5.55,-4.83,-0.67,-93.88,-75.95,12.16,33.7,-30.92,6.12,20.95,-23.53,48.93,135.95,125.16,8.27,0.18,,,,,3.18,3.75,3.54,1.76,2.7,4.1,136.43,121.43,138.79,123.45,131.12,169094200,96558540.0,109358390.0,112744880.0,0.99,42.63,-48270182.46,126.59,-0.16,20.35,16.52,28.12,52.0,4.0,48.0,129.56,130.35,131.8,128.11,127.32,135.35,-1.77,-1.37,3.22,128.12,128.61,127.88,-101894282.61
2021-01-19,AAPL,127.78,128.71,126.94,127.83,90757300,0.4,1.04,-0.64,1.18,2.1,-0.91,128.08,128.52,129.0,129.18,129.27,129.22,128.83,128.08,127.53,126.83,126.15,125.51,124.92,123.87,121.01,117.97,128.71,129.31,130.7,130.51,128.47,,,,,128.96,130.04,129.69,128.59,130.84,131.6,127.51,129.35,131.47,0.26,0.34,28.43,41.9,38.47,34.47,50.02,55.41,-95.41,-86.4,-4.4,3.72,-1.58,-8.86,-0.87,-88.32,-71.45,23.2,23.45,22.7,11.68,12.73,9.59,42.22,135.98,125.04,8.39,0.26,,,,,2.71,3.49,3.53,1.83,2.74,3.97,135.81,121.84,138.79,123.45,131.12,259851500,94633100.0,104103930.0,112564755.0,0.81,35.16,-47757429.35,126.62,-0.15,21.04,9.8,30.31,48.0,0.0,48.0,128.12,129.24,131.34,126.02,124.9,134.99,0.69,0.54,1.77,127.83,127.82,127.83,512753.11
2021-01-20,AAPL,128.66,132.49,128.55,132.03,104319500,0.58,0.95,-0.37,1.32,1.94,-0.62,130.06,129.69,129.67,129.7,129.69,129.57,129.13,128.38,127.82,127.12,126.44,125.8,125.2,124.13,121.23,118.11,129.36,129.42,130.39,130.78,128.8,,,,,129.46,130.19,129.92,129.63,131.23,131.9,129.19,129.96,131.78,0.24,0.32,63.98,63.97,48.85,45.4,53.57,59.55,41.54,7.27,-0.5,7.86,1.02,-2.84,5.37,-41.21,-44.07,89.6,41.65,185.5,58.79,25.53,125.31,48.42,135.98,125.58,7.95,0.62,,,,,3.03,3.51,3.67,1.96,2.6,3.84,136.14,122.12,138.79,123.45,131.12,364171000,97106780.0,104769390.0,108153655.0,0.96,34.22,32203202.63,126.73,-0.07,20.41,14.5,30.18,44.0,0.0,44.0,127.83,128.71,129.6,126.94,126.06,134.64,4.2,3.29,4.66,131.02,130.52,131.28,79960631.98
2021-01-21,AAPL,133.8,139.67,133.59,136.87,120150900,1.08,0.98,0.1,1.79,1.91,-0.12,133.46,132.08,131.27,131.01,130.8,130.48,129.87,129.0,128.4,127.66,126.95,126.28,125.66,124.55,121.54,118.29,130.56,130.44,130.52,131.21,129.24,,,,,130.81,130.77,130.44,132.02,132.43,132.77,132.53,131.71,132.92,0.23,0.3,75.92,64.91,62.32,54.55,60.33,58.57,265.13,168.26,5.76,12.39,10.27,3.15,8.64,-21.07,-17.26,78.14,63.65,107.13,78.93,49.8,137.19,55.32,136.93,125.49,8.71,1.0,,,,,3.62,3.87,3.89,2.82,2.86,3.99,137.6,122.13,139.67,126.38,133.02,484321900,103409600.0,101275680.0,108098620.0,1.11,41.97,41688799.99,127.01,-0.12,16.93,26.41,25.63,100.0,0.0,100.0,131.02,133.5,134.96,129.56,127.08,126.38,4.84,3.67,7.64,136.71,136.63,136.75,9485597.37
2021-01-22,AAPL,136.28,139.85,135.02,139.07,114459400,1.63,1.11,0.52,2.32,1.99,0.33,136.27,134.41,133.0,132.47,132.07,131.56,130.74,129.75,129.09,128.29,127.54,126.83,126.18,125.03,121.88,118.5,132.59,131.26,130.88,131.57,129.73,,,,,132.38,131.52,131.07,134.5,133.86,133.82,135.75,133.7,134.3,0.23,0.29,76.08,66.7,63.05,58.92,60.83,60.32,232.28,170.47,6.15,8.75,8.15,6.38,7.19,-5.79,-5.79,94.0,87.25,107.49,94.21,77.31,128.01,58.48,138.28,124.86,10.2,1.06,,,,,3.9,4.0,3.89,3.93,3.36,4.27,138.74,122.75,139.85,126.38,133.12,598781300,108257120.0,101763800.0,105376350.0,1.09,49.35,119179946.58,127.3,-0.08,14.28,25.88,21.8,100.0,16.0,84.0,136.71,139.83,142.79,133.75,130.63,126.65,2.2,1.61,4.83,137.98,137.44,138.25,77491146.58
2021-01-25,AAPL,143.07,145.09,136.54,142.92,157611700,2.34,1.35,0.98,3.01,2.2,0.82,139.59,137.25,135.21,134.37,133.74,132.98,131.9,130.73,129.98,129.1,128.29,127.53,126.84,125.61,122.3,118.74,135.74,132.34,131.56,132.17,130.43,,,,,134.5,132.6,131.92,137.58,135.77,135.24,139.58,136.31,136.19,0.25,0.28,89.91,81.97,76.91,68.59,60.98,62.36,213.81,203.84,12.89,11.82,10.87,13.51,11.96,-11.6,-11.6,88.1,86.74,90.8,88.4,87.18,90.84,61.02,140.57,123.77,12.71,1.14,,,,,4.7,4.12,4.0,5.4,4.2,4.64,140.14,123.67,145.09,126.38,135.74,756393000,117459760.0,107009150.0,108845750.0,1.45,59.46,196787578.98,127.79,-0.01,15.98,34.2,12.56,100.0,12.0,88.0,137.98,140.94,142.81,136.11,133.15,127.17,3.85,2.77,8.55,141.52,140.82,141.87,77607632.4
2021-01-26,AAPL,143.6,144.3,141.37,143.16,98390600,2.88,1.66,1.22,3.54,2.47,1.08,141.38,139.22,136.97,135.97,135.19,134.25,132.98,131.65,130.83,129.89,129.01,128.21,127.48,126.19,122.71,118.99,138.81,133.76,132.48,132.73,131.09,,,,,136.47,133.64,132.74,139.91,137.44,136.55,142.13,138.47,137.86,0.27,0.28,100.0,82.85,73.32,67.37,62.3,64.81,166.41,184.37,9.35,11.24,14.18,12.15,11.19,-10.32,-10.32,89.37,90.49,87.13,89.68,90.77,87.52,62.91,142.46,123.0,14.66,1.04,,,,,4.8,4.09,4.07,6.22,4.87,4.99,141.16,124.79,145.09,126.38,135.74,854783600,118986420.0,106809760.0,111018775.0,0.89,59.72,218614845.19,128.11,0.01,17.77,34.43,12.64,96.0,8.0,88.0,141.52,146.49,150.07,137.94,132.97,128.25,0.24,0.17,2.93,142.94,142.84,143.0,21827266.21
2021-01-27,AAPL,143.43,144.3,140.41,142.06,140843800,3.19,1.97,1.23,3.83,2.74,1.09,141.72,140.17,138.1,137.08,136.25,135.23,133.84,132.42,131.56,130.56,129.65,128.81,128.05,126.71,123.1,119.22,140.82,135.09,133.22,133.0,131.75,,,,,137.98,134.53,133.45,141.2,138.67,137.58,143.18,139.92,139.1,0.3,0.28,93.3,76.76,69.1,74.42,60.16,62.52,120.14,150.76,7.58,12.16,13.26,15.46,5.37,-16.62,-16.19,83.31,86.92,76.07,83.38,87.16,75.83,65.22,143.46,122.54,15.73,0.93,,,,,4.9,4.04,4.13,6.46,5.23,5.1,141.91,125.77,145.09,126.38,135.74,713939800,126291280.0,111699030.0,111836655.0,1.26,59.67,197252932.08,128.53,-0.04,21.5,34.9,10.88,92.0,4.0,88.0,142.94,144.52,145.87,141.59,140.01,129.26,-1.1,-0.77,3.89,142.26,142.36,142.21,-21361913.11
2021-01-28,AAPL,139.52,141.99,136.7,137.09,142621100,3.01,2.18,0.84,3.61,2.91,0.7,139.4,139.14,137.88,137.08,136.38,135.46,134.15,132.76,131.91,130.92,130.01,129.17,128.41,127.05,123.37,119.39,140.86,135.71,133.91,133.11,132.26,,,,,138.34,134.92,133.8,140.46,138.8,137.88,141.46,139.77,139.25,0.32,0.29,64.71,67.14,64.43,59.55,50.4,54.6,59.52,85.83,6.29,6.91,6.2,6.17,2.22,-43.88,-42.76,55.92,76.2,15.37,56.12,76.39,15.56,58.27,143.7,122.52,15.91,0.69,,,,,5.41,4.06,4.13,6.3,5.29,4.82,142.27,126.03,145.09,126.38,135.74,571318700,130785320.0,117097460.0,112915345.0,1.26,51.3,75661030.19,128.82,-0.05,23.78,33.68,17.35,88.0,0.0,88.0,142.26,144.1,146.15,140.21,138.37,130.21,-4.97,-3.5,5.36,138.59,139.34,138.22,-121591901.89
2021-01-29,AAPL,135.83,136.74,130.21,131.96,177523800,2.44,2.23,0.21,2.99,2.93,0.06,135.68,136.75,136.56,136.15,135.7,135.02,133.94,132.7,131.92,130.98,130.11,129.3,128.54,127.21,123.54,119.52,139.44,136.01,133.98,133.02,132.4,,,,,137.66,134.81,133.78,138.15,137.96,137.5,137.85,138.27,138.43,0.32,0.29,35.96,58.85,54.78,49.88,47.27,50.82,-14.94,-0.95,2.45,0.06,3.05,-0.09,-1.76,-72.02,-70.18,27.66,55.63,-28.28,27.98,55.82,-27.72,51.43,143.62,122.42,15.93,0.45,,,,,5.73,4.38,4.25,6.01,5.3,4.75,142.7,125.18,145.09,126.38,135.74,393794900,143398200.0,125827660.0,116968930.0,1.52,42.72,-6712187.88,128.97,-0.05,24.1,29.59,26.67,84.0,36.0,48.0,138.59,140.49,143.88,135.2,133.3,145.09,-5.13,-3.74,6.88,132.97,133.48,132.72,-82373218.07
2021-02-01,AAPL,133.75,135.38,130.93,134.14,106239800,2.13,2.21,-0.08,2.65,2.87,-0.23,134.91,135.88,136.03,135.78,135.46,134.91,133.96,132.81,132.06,131.16,130.3,129.51,128.76,127.44,123.75,119.66,137.68,136.71,134.12,133.09,132.61,,,,,137.32,134.92,133.89,137.12,137.61,137.42,136.33,137.56,138.07,0.31,0.3,35.89,60.99,54.9,57.28,50.39,51.75,-12.85,6.84,2.48,2.43,7.0,5.16,1.45,-60.07,-58.52,33.8,39.13,23.14,39.93,41.34,37.12,52.75,143.7,122.48,15.94,0.55,,,,,5.27,4.44,4.34,5.21,5.3,4.68,142.85,125.07,145.09,126.38,135.74,500034700,133123820.0,125291790.0,117325090.0,0.91,48.91,40319813.46,129.06,-0.02,24.87,29.16,23.5,80.0,32.0,48.0,132.97,135.73,139.5,129.2,126.44,144.79,2.18,1.65,4.45,133.48,133.16,133.65,47032001.35
2021-02-02,AAPL,135.73,136.31,134.61,134.99,83305400,1.93,2.15,-0.22,2.41,2.78,-0.37,134.95,135.58,135.8,135.64,135.38,134.92,134.06,132.97,132.25,131.37,130.53,129.74,129.01,127.69,123.97,119.82,136.05,137.43,134.52,133.37,132.82,,,,,137.01,135.1,134.04,136.62,137.45,137.44,135.67,137.17,137.89,0.31,0.3,22.6,55.84,59.49,58.58,52.13,48.54,6.11,31.31,4.72,2.29,7.16,6.19,5.58,-55.65,-53.98,32.12,31.19,33.99,44.35,37.42,58.22,49.07,143.86,122.88,15.74,0.58,,,,,4.89,4.4,4.29,4.26,5.25,4.64,142.85,125.27,145.09,126.38,135.74,583340100,130106780.0,124546600.0,114325265.0,0.73,54.15,-5743172.42,129.16,-0.02,25.95,30.98,21.09,76.0,28.0,48.0,133.48,136.04,137.93,131.59,129.03,144.5,0.85,0.63,2.17,135.3,135.46,135.23,-46062985.88
2021-02-03,AAPL,135.76,135.77,133.61,133.94,89880900,1.67,2.06,-0.38,2.12,2.65,-0.53,134.45,135.03,135.38,135.33,135.16,134.8,134.05,133.04,132.36,131.51,130.7,129.93,129.2,127.89,124.17,119.96,134.42,137.62,134.87,133.52,133.06,,,,,136.37,135.15,134.12,135.88,137.11,137.32,134.75,136.55,137.52,0.29,0.3,19.83,43.21,60.86,54.35,54.37,49.19,-12.17,14.72,5.35,-2.01,1.91,3.05,2.93,-61.43,-59.59,25.07,30.33,14.54,38.57,40.95,33.8,41.85,143.95,123.08,15.63,0.52,,,,,3.98,4.34,4.07,4.03,5.22,4.5,142.73,125.37,145.09,126.38,135.74,493459200,119914200.0,123102740.0,113936065.0,0.79,48.78,-68160464.09,129.24,-0.08,25.67,28.49,23.01,72.0,24.0,48.0,135.3,136.0,137.0,134.3,133.6,144.21,-1.05,-0.78,2.16,134.44,134.69,134.32,-62417291.67
2021-02-04,AAPL,136.3,137.4,134.59,137.39,84183100,1.72,1.99,-0.27,2.14,2.55,-0.41,135.92,135.82,135.83,135.7,135.51,135.12,134.37,133.37,132.68,131.84,131.03,130.25,129.52,128.2,124.43,120.13,134.48,137.67,135.3,134.06,133.36,128.98,,,,136.33,135.52,134.4,136.46,137.42,137.63,135.71,136.92,137.8,0.28,0.3,36.76,46.32,64.03,61.61,55.94,53.08,13.53,41.2,7.48,1.87,0.52,8.48,10.79,-42.42,-41.15,48.25,35.15,74.46,57.58,46.83,79.06,46.35,144.1,124.02,14.98,0.67,142.95,115.02,21.65,0.8,4.05,4.43,4.08,4.02,5.02,4.47,143.22,125.51,145.09,126.86,135.98,577642300,108226600.0,119505960.0,110390820.0,0.76,54.04,15423467.94,129.36,0.02,25.71,30.56,22.56,68.0,20.0,48.0,134.44,135.27,136.6,133.11,132.28,143.93,3.45,2.58,3.46,136.46,136.0,136.69,83583932.03
2021-02-05,AAPL,137.35,137.42,135.86,136.76,75693800,1.69,1.93,-0.24,2.08,2.45,-0.37,136.34,136.13,136.04,135.9,135.7,135.33,134.59,133.62,132.95,132.11,131.31,130.53,129.81,128.48,124.68,120.3,135.44,137.44,135.82,134.35,133.53,129.44,,,,136.16,135.78,134.61,136.67,137.56,137.82,136.07,137.03,137.91,0.27,0.29,48.76,34.29,57.76,63.6,60.18,53.44,7.82,39.97,3.58,2.27,-2.31,9.62,5.84,-45.9,-45.69,46.49,39.94,59.59,54.1,50.08,62.15,47.64,144.34,124.36,14.88,0.62,142.87,116.02,20.75,0.77,3.72,4.31,3.93,4.0,5.0,4.5,143.21,125.98,145.09,126.86,135.98,501948500,87860600.0,115629400.0,108696600.0,0.7,59.8,27068667.94,129.46,-0.0,25.4,31.44,20.26,64.0,16.0,48.0,136.46,138.33,139.27,135.52,133.65,143.66,-0.63,-0.46,1.56,136.68,136.64,136.7,11645200.0
2021-02-08,AAPL,136.03,136.96,134.92,136.91,71297200,1.65,1.87,-0.22,2.02,2.37,-0.34,136.62,136.39,136.23,136.08,135.88,135.53,134.81,133.86,133.2,132.38,131.58,130.81,130.09,128.76,124.92,120.46,136.0,136.84,136.47,134.59,133.73,129.88,,,,136.07,136.02,134.83,136.86,137.7,138.0,136.38,137.14,138.02,0.26,0.28,79.78,33.98,50.08,63.03,56.55,56.69,-15.86,29.57,0.03,3.18,-6.01,9.08,4.86,-49.46,-44.87,47.55,47.43,47.79,50.54,54.07,43.48,55.47,144.59,124.6,14.85,0.62,142.82,116.94,19.93,0.77,3.25,4.33,3.79,3.5,5.0,4.52,143.47,126.16,145.09,126.86,135.98,573245700,80872080.0,106997950.0,107003550.0,0.67,60.32,94870907.16,129.54,0.0,23.05,31.3,21.62,60.0,12.0,48.0,136.68,137.5,138.24,135.94,135.12,143.39,0.15,0.11,2.04,136.26,135.94,136.43,67802239.22
2021-02-09,AAPL,136.62,137.88,135.85,136.01,76774200,1.54,1.81,-0.27,1.88,2.27,-0.39,136.32,136.26,136.18,136.07,135.9,135.59,134.93,134.02,133.38,132.58,131.8,131.04,130.32,129.0,125.14,120.62,136.2,136.12,137.02,134.94,133.86,130.28,,,,135.92,136.16,134.98,136.7,137.64,138.04,136.18,136.98,137.93,0.25,0.28,63.3,34.33,43.76,56.31,54.35,54.51,-19.96,30.21,-2.2,5.1,-7.15,3.98,7.03,-61.02,-49.81,49.24,47.76,52.19,38.98,47.88,21.18,57.79,144.6,125.29,14.31,0.56,142.7,117.86,19.06,0.73,2.55,4.14,3.77,2.71,4.83,4.52,143.21,126.65,145.09,126.86,135.98,496471500,79565840.0,104836310.0,105823035.0,0.73,59.73,30199044.1,129.64,-0.01,21.28,27.78,22.61,56.0,8.0,48.0,136.26,137.61,138.3,135.57,134.22,143.13,-0.9,-0.66,2.03,136.58,136.86,136.44,-64671863.05
2021-02-10,AAPL,136.48,136.99,134.4,135.39,73046600,1.38,1.72,-0.34,1.7,2.16,-0.45,135.85,135.97,136.01,135.94,135.82,135.56,134.97,134.12,133.51,132.74,131.97,131.23,130.52,129.21,125.34,120.76,136.49,135.46,137.24,135.27,133.82,130.65,,,,135.78,136.2,135.08,136.36,137.47,137.99,135.76,136.67,137.71,0.24,0.27,52.94,44.32,32.3,47.29,57.44,58.52,-44.11,7.12,-5.27,3.34,-6.67,-1.48,6.59,-65.19,-53.21,67.54,54.77,93.06,34.81,41.44,21.55,53.41,144.48,126.06,13.62,0.51,142.51,118.8,18.14,0.7,2.29,3.78,3.72,1.73,4.6,4.5,142.53,127.41,145.09,126.94,136.01,423424900,76198980.0,98056590.0,104877810.0,0.7,53.61,12995018.62,129.71,-0.03,22.88,16.86,27.5,52.0,4.0,48.0,136.58,137.31,138.61,135.28,134.55,142.87,-0.62,-0.46,2.59,135.59,135.7,135.54,-17204025.48
2021-02-11,AAPL,135.9,136.39,133.77,135.13,64280000,1.22,1.62,-0.4,1.52,2.03,-0.51,135.49,135.69,135.81,135.8,135.72,135.51,134.99,134.2,133.62,132.87,132.12,131.4,130.7,129.4,125.54,120.91,136.04,135.26,137.13,135.49,133.83,130.98,,,,135.72,136.19,135.16,136.02,137.26,137.9,135.36,136.34,137.47,0.22,0.26,59.9,65.71,31.14,42.24,57.33,54.43,-51.81,-7.92,-5.61,6.74,-1.96,-3.94,4.24,-66.94,-54.88,60.43,59.07,63.16,33.06,35.62,27.96,53.56,144.46,126.51,13.25,0.48,142.41,119.54,17.46,0.68,2.35,3.62,3.71,1.64,4.49,4.5,142.23,127.75,145.09,126.94,136.01,359144900,72218360.0,90222480.0,103659970.0,0.62,47.56,15448453.74,129.77,-0.06,24.2,17.24,29.95,48.0,0.0,48.0,135.59,136.79,138.18,134.2,133.0,142.62,-0.26,-0.19,2.62,135.1,135.08,135.1,2453435.11
2021-02-12,AAPL,134.35,135.53,133.69,135.37,60145100,1.1,1.52,-0.41,1.38,1.9,-0.52,135.43,135.58,135.71,135.72,135.66,135.49,135.02,134.28,133.73,133.01,132.28,131.57,130.88,129.6,125.73,121.05,135.76,135.6,136.88,135.81,133.88,131.23,,,,135.74,136.18,135.26,135.83,137.11,137.84,135.22,136.11,137.28,0.21,0.25,13.93,57.55,33.63,32.66,55.42,53.56,-54.39,-20.3,-4.71,3.4,3.41,-7.55,6.46,-63.38,-53.55,41.22,56.4,10.86,36.62,34.83,40.2,58.32,144.24,127.38,12.41,0.47,142.47,119.98,17.14,0.68,2.31,3.14,3.66,1.16,4.21,4.51,141.31,128.74,145.09,126.94,136.01,419290000,69108620.0,78484610.0,102156135.0,0.59,39.1,65133536.35,129.82,0.01,25.37,7.96,34.7,44.0,12.0,32.0,135.1,136.42,137.72,133.8,132.48,142.37,0.24,0.18,1.84,134.86,134.61,134.99,49685082.61
2021-02-16,AAPL,135.49,136.01,132.79,133.19,80576300,0.83,1.38,-0.55,1.08,1.74,-0.65,134.31,134.79,135.15,135.26,135.28,135.2,134.85,134.2,133.7,133.02,132.33,131.64,130.97,129.71,125.88,121.17,135.02,135.51,136.23,136.11,133.9,131.43,,,,135.3,135.93,135.22,134.98,136.58,137.51,134.15,135.35,136.7,0.19,0.24,8.97,40.51,38.95,28.98,55.16,54.6,-77.57,-52.73,-2.84,0.86,-0.95,-9.97,6.05,-78.85,-65.56,7.86,36.5,-49.43,21.15,30.28,2.89,46.63,143.61,128.61,11.02,0.31,142.44,120.42,16.75,0.58,2.27,3.16,3.71,1.32,3.75,4.51,141.17,128.52,145.09,126.94,136.01,338713700,70964440.0,75918260.0,100605025.0,0.8,32.01,4576192.87,129.88,0.03,26.66,7.91,36.5,40.0,8.0,32.0,134.86,136.04,136.7,134.2,133.02,142.12,-2.18,-1.61,3.22,134.0,134.4,133.79,-60557343.48
2021-02-17,AAPL,131.25,132.22,129.47,130.84,97918500,0.41,1.19,-0.77,0.65,1.52,-0.87,132.58,133.47,134.19,134.46,134.6,134.66,134.47,133.95,133.51,132.9,132.25,131.61,130.97,129.75,125.98,121.27,133.98,135.09,135.41,136.26,133.94,131.59,,,,134.45,135.43,135.02,133.57,135.69,136.91,132.39,134.12,135.76,0.17,0.22,3.66,35.62,46.23,27.52,54.4,52.13,-199.8,-147.1,-0.85,1.44,-4.15,-11.22,3.01,-89.06,-78.51,16.29,21.79,5.29,10.94,22.9,-12.98,45.01,143.16,129.36,10.13,0.11,142.32,120.85,16.32,0.47,2.58,3.15,3.73,1.98,3.45,4.47,140.77,128.17,145.09,128.55,136.82,240795200,75193300.0,77379570.0,100963085.0,0.97,33.35,4220125.59,129.9,0.03,27.79,7.94,42.0,36.0,4.0,32.0,134.0,135.2,137.22,131.98,130.78,141.89,-2.35,-1.76,3.72,130.84,130.84,130.84,-356067.27
2021-02-18,AAPL,129.2,130.0,127.41,129.71,96856700,-0.0,0.95,-0.95,0.21,1.26,-1.05,131.14,132.22,133.2,133.59,133.85,134.04,134.01,133.64,133.27,132.72,132.13,131.52,130.92,129.75,126.05,121.35,132.85,134.67,134.59,136.14,133.9,131.74,,,,133.48,134.8,134.75,132.16,134.71,136.21,130.75,132.81,134.72,0.14,0.21,3.54,4.61,33.96,32.53,52.21,48.74,-214.35,-186.43,-3.3,0.71,-4.23,-7.38,-2.32,-78.03,-86.99,21.97,15.37,35.16,21.97,18.02,29.86,45.8,143.41,128.88,10.67,0.06,142.14,121.33,15.8,0.4,2.78,3.01,3.81,2.61,3.63,4.5,140.04,127.99,145.09,127.41,136.25,143938500,79955320.0,78077150.0,100589945.0,0.96,34.81,79386908.22,129.88,0.02,30.19,8.3,40.0,32.0,0.0,32.0,130.84,132.22,133.59,129.47,128.09,141.39,-1.13,-0.86,3.43,129.04,128.7,129.21,75166782.63
2021-02-19,AAPL,130.24,130.71,128.8,129.87,87668800,-0.32,0.7,-1.01,-0.12,0.98,-1.1,130.51,131.43,132.46,132.92,133.24,133.52,133.62,133.36,133.05,132.56,132.02,131.45,130.88,129.75,126.13,121.44,131.8,133.92,134.11,135.8,134.01,131.86,129.81,,,132.6,134.21,134.49,131.19,133.89,135.6,129.8,131.79,133.83,0.11,0.19,6.33,6.88,30.49,43.53,47.19,51.06,-149.07,-143.2,-3.79,-0.78,-7.52,-2.09,-7.0,-76.5,-86.09,23.5,20.58,29.32,23.5,18.8,32.88,49.93,143.57,128.02,11.45,0.12,142.02,121.69,15.42,0.4,2.76,2.66,3.68,2.81,3.89,4.35,138.93,128.31,145.09,127.41,136.25,231607300,84633080.0,78425720.0,98965840.0,0.89,44.97,89943884.14,129.88,0.02,32.84,11.32,27.9,28.0,12.0,16.0,129.04,130.67,131.63,128.08,126.45,140.55,0.16,0.12,1.91,129.79,129.76,129.81,10556975.92
2021-02-22,AAPL,128.01,129.72,125.6,126.0,103916400,-0.87,0.38,-1.25,-0.69,0.65,-1.34,128.25,129.62,131.02,131.66,132.12,132.58,132.89,132.81,132.59,132.2,131.73,131.21,130.68,129.63,126.12,121.48,129.92,132.84,133.71,135.14,133.85,131.89,130.01,,,131.16,133.27,133.97,129.22,132.48,134.56,127.49,129.96,132.35,0.08,0.17,4.03,3.42,25.09,27.19,35.51,48.79,-170.56,-178.0,-5.93,-2.26,-10.76,-8.14,-13.07,-96.74,-97.95,3.26,16.24,-22.71,3.26,16.24,-22.71,44.0,143.89,126.39,12.95,-0.02,141.97,121.81,15.28,0.21,3.0,2.64,3.52,3.56,4.38,4.56,138.18,127.61,145.09,125.6,135.34,127690900,93387340.0,81247980.0,98438690.0,1.06,35.98,6205425.88,129.84,-0.06,35.83,11.37,36.68,24.0,100.0,-76.0,129.79,130.79,131.7,128.88,127.88,139.76,-3.87,-2.98,4.27,127.11,127.66,126.83,-83738458.25
2021-02-23,AAPL,123.76,126.71,118.39,125.86,158273000,-1.3,0.05,-1.34,-1.14,0.29,-1.43,127.06,128.37,129.88,130.6,131.16,131.74,132.22,132.3,132.16,131.85,131.44,130.98,130.5,129.51,126.12,121.52,128.46,131.74,133.16,134.29,133.64,131.97,130.19,,,129.89,132.39,133.46,127.74,131.25,133.59,125.99,128.45,131.03,0.04,0.14,1.63,3.65,4.35,23.35,31.37,47.89,-179.57,-211.85,-8.39,-1.01,-11.05,-9.13,-17.06,-61.67,-72.02,40.16,22.3,75.87,38.33,21.69,71.6,54.94,143.17,125.4,13.23,0.03,141.78,122.17,14.86,0.19,3.82,3.08,3.69,3.86,4.44,4.78,138.39,126.06,144.3,118.39,131.34,-30582100,108926680.0,89945560.0,98471755.0,1.61,27.13,132138990.79,129.69,-0.03,39.67,7.6,48.16,20.0,100.0,-80.0,127.11,128.61,131.23,124.49,122.99,138.63,-0.14,-0.11,8.32,123.65,122.55,124.2,125933564.9
2021-02-24,AAPL,124.94,125.56,122.23,125.35,111039900,-1.66,-0.29,-1.37,-1.52,-0.07,-1.45,126.2,127.36,128.87,129.65,130.27,130.94,131.57,131.78,131.72,131.49,131.14,130.74,130.29,129.37,126.1,121.56,127.36,130.67,132.51,133.4,133.52,132.02,130.34,,,128.73,131.54,132.92,126.53,130.09,132.65,124.88,127.11,129.78,-0.0,0.11,1.96,3.69,4.4,24.11,22.64,42.23,-128.92,-167.4,-8.34,-1.94,-10.66,-8.59,-17.81,-64.29,-73.14,38.67,27.36,61.28,35.71,25.77,55.6,57.17,142.11,124.69,13.06,0.04,141.69,122.35,14.65,0.16,4.07,3.19,3.45,4.02,4.35,4.95,137.95,125.19,144.3,118.39,131.34,-141622000,111550960.0,93372130.0,99104220.0,1.12,35.32,229173858.36,129.6,0.01,44.02,7.35,44.33,16.0,96.0,-80.0,123.65,128.92,131.97,120.6,115.33,136.61,-0.51,-0.41,3.63,124.38,123.9,124.62,97034867.57
2021-02-25,AAPL,124.68,126.46,120.54,120.99,148199500,-2.27,-0.69,-1.58,-2.15,-0.49,-1.66,123.6,125.24,127.12,128.07,128.84,129.7,130.56,130.99,131.03,130.9,130.65,130.31,129.93,129.1,126.0,121.56,125.61,129.23,131.65,132.34,133.26,131.99,130.42,,,126.97,130.36,132.11,124.23,128.31,131.25,122.29,124.92,127.9,-0.04,0.08,1.57,2.68,2.39,3.14,19.4,31.33,-129.09,-165.21,-11.63,-8.36,-14.4,-16.4,-21.07,-86.66,-89.97,14.76,31.19,-18.12,13.34,29.13,-18.23,51.53,141.71,122.97,14.16,-0.11,141.78,122.2,14.84,-0.06,4.46,3.36,3.59,4.67,4.69,5.39,137.29,123.83,141.99,118.39,130.19,-289821500,121819520.0,100887420.0,99472005.0,1.49,27.15,103504687.75,129.44,-0.05,49.07,3.5,45.61,12.0,92.0,-80.0,124.38,126.53,127.71,123.2,121.05,134.78,-4.36,-3.48,5.92,122.66,123.5,122.24,-125669170.61
2021-02-26,AAPL,122.59,124.85,121.2,121.26,164560400,-2.7,-1.09,-1.61,-2.59,-0.91,-1.68,122.43,123.91,125.82,126.84,127.67,128.64,129.68,130.26,130.4,130.37,130.19,129.92,129.59,128.84,125.91,121.55,123.89,127.84,130.58,131.55,132.94,131.98,130.45,,,125.52,129.3,131.34,122.68,126.84,130.01,120.83,123.24,126.32,-0.09,0.05,4.62,2.87,4.16,4.78,20.62,28.06,-112.42,-142.65,-10.84,-11.4,-13.87,-15.5,-15.83,-85.27,-87.84,16.29,23.24,2.39,14.73,21.26,1.66,48.33,141.86,121.24,15.67,0.0,141.81,122.14,14.91,-0.04,4.48,3.53,3.59,4.78,5.15,5.81,136.73,122.62,137.88,118.39,128.14,-125261100,137197840.0,110915460.0,100568970.0,1.64,19.9,-55645507.32,129.28,-0.07,53.66,3.3,43.48,8.0,88.0,-80.0,122.66,124.79,128.58,118.87,116.74,133.14,0.27,0.22,3.86,122.44,123.02,122.14,-159150195.07
2021-03-01,AAPL,123.75,127.93,122.79,127.79,116307900,-2.49,-1.37,-1.12,-2.39,-1.21,-1.19,125.11,125.2,126.26,127.01,127.69,128.54,129.5,130.08,130.23,130.22,130.07,129.83,129.52,128.81,125.95,121.62,124.25,127.09,129.98,131.34,132.9,131.98,130.54,,,125.51,128.94,131.01,123.75,126.77,129.71,122.98,123.61,126.13,-0.13,0.01,43.37,36.02,32.73,30.61,37.42,32.52,-49.84,-74.99,-5.61,-8.11,-7.58,-9.12,-4.17,-51.77,-51.77,67.97,33.0,137.9,48.23,25.43,93.83,54.38,141.79,120.9,15.9,0.33,141.82,122.13,14.91,0.29,4.94,3.86,3.65,3.99,5.22,5.84,137.21,121.78,137.88,118.39,128.14,-8953200,139676140.0,116531740.0,97508175.0,1.19,27.33,54326553.77,129.23,0.03,56.84,8.72,38.02,4.0,84.0,-80.0,122.44,123.67,126.09,120.02,118.79,131.67,6.53,5.39,6.67,126.17,125.36,126.58,109972061.09
2021-03-02,AAPL,128.41,128.72,125.01,125.12,102260900,-2.51,-1.6,-0.91,-2.42,-1.45,-0.97,125.11,125.18,126.0,126.67,127.3,128.11,129.08,129.71,129.9,129.94,129.83,129.62,129.35,128.68,125.93,121.65,124.1,126.28,129.19,130.89,132.83,131.92,130.57,,,125.16,128.35,130.5,123.72,126.23,129.11,123.34,123.27,125.5,-0.15,-0.02,46.96,35.44,29.5,28.47,40.09,30.26,-40.04,-66.0,-7.41,-12.45,-8.07,-10.89,-9.02,-63.82,-65.47,54.63,46.29,71.29,36.18,33.05,42.46,50.38,141.6,120.18,16.36,0.23,141.88,121.96,15.1,0.16,5.2,3.98,3.5,3.39,5.36,5.92,137.04,121.12,137.88,118.39,128.14,-111214100,128473720.0,118700200.0,97309230.0,1.05,28.27,-41870357.55,129.18,-0.04,60.64,8.22,36.87,0.0,80.0,-80.0,126.17,129.55,131.31,124.41,121.03,130.34,-2.67,-2.09,3.71,126.28,126.86,125.99,-96196911.32
2021-03-03,AAPL,124.81,125.71,121.84,122.06,112966300,-2.74,-1.83,-0.91,-2.66,-1.69,-0.97,123.59,124.14,125.13,125.83,126.49,127.35,128.41,129.15,129.39,129.5,129.45,129.29,129.06,128.47,125.85,121.65,123.44,125.4,128.26,130.25,132.64,131.79,130.56,,,124.39,127.51,129.81,122.73,125.23,128.18,122.3,122.25,124.41,-0.18,-0.05,39.08,32.27,25.56,25.96,32.93,29.02,-80.78,-98.16,-9.83,-14.74,-8.78,-13.33,-12.93,-79.61,-81.17,29.79,50.79,-12.22,20.39,34.93,-8.7,49.37,141.46,119.03,17.23,0.14,142.1,121.48,15.64,0.03,5.14,4.07,3.48,3.21,5.61,6.17,136.55,120.27,137.88,118.39,128.14,-224180400,128859000.0,120204980.0,98792275.0,1.14,27.68,-141992943.86,129.09,-0.07,63.63,8.04,39.06,0.0,76.0,-76.0,126.28,127.56,129.99,123.85,122.57,129.15,-3.06,-2.45,3.87,123.2,123.78,122.92,-100122586.3
2021-03-04,AAPL,121.75,123.6,118.62,120.13,178155000,-3.04,-2.07,-0.97,-2.97,-1.95,-1.02,121.86,122.8,124.02,124.79,125.51,126.45,127.62,128.48,128.8,128.98,129.0,128.89,128.71,128.19,125.74,121.64,123.27,124.44,127.24,129.56,132.24,131.66,130.52,,,123.43,126.54,129.0,121.41,124.03,127.1,120.82,120.96,123.13,-0.21,-0.09,36.13,29.13,25.8,24.49,29.62,31.0,-113.07,-116.96,-9.81,-15.44,-9.58,-15.0,-13.81,-90.12,-91.07,15.36,33.26,-20.44,9.88,22.15,-14.67,41.09,141.49,117.62,18.43,0.11,142.39,120.93,16.3,-0.04,4.66,4.24,3.61,3.21,5.97,6.58,136.1,119.14,137.88,118.39,128.14,-402335400,134850100.0,128334810.0,103205980.0,1.73,25.93,-212110172.77,128.89,-0.07,66.63,7.72,41.87,0.0,72.0,-72.0,123.2,124.57,127.07,120.7,119.33,128.72,-1.93,-1.58,4.98,120.78,121.11,120.62,-70117228.92
2021-03-05,AAPL,120.98,121.94,117.57,121.42,153766600,-3.14,-2.28,-0.85,-3.07,-2.17,-0.9,121.64,122.34,123.44,124.18,124.88,125.82,127.03,127.96,128.32,128.56,128.63,128.57,128.42,127.97,125.65,121.64,123.3,123.6,126.33,128.76,131.73,131.52,130.48,,,122.88,125.77,128.3,120.91,123.25,126.29,120.52,120.3,122.26,-0.24,-0.12,51.37,38.97,31.83,27.09,32.94,37.08,-111.09,-111.07,-7.2,-11.43,-8.45,-13.95,-15.97,-79.12,-81.04,34.53,26.56,50.47,20.88,17.05,28.54,42.26,140.63,116.89,18.43,0.19,142.6,120.45,16.84,0.04,4.77,4.42,3.72,2.69,5.93,6.81,135.87,118.19,137.88,117.57,127.72,-248568800,132691340.0,134944590.0,106685155.0,1.44,24.67,-94937912.36,128.72,-0.05,67.14,7.4,41.73,0.0,100.0,-100.0,120.78,122.95,125.76,117.97,115.8,127.69,1.29,1.07,4.37,120.31,119.76,120.59,117172260.41
2021-03-08,AAPL,120.93,121.0,116.21,116.36,154376600,-3.58,-2.54,-1.04,-3.53,-2.44,-1.08,119.0,120.35,121.87,122.76,123.57,124.64,126.02,127.1,127.55,127.88,128.03,128.04,127.95,127.59,125.47,121.58,121.02,122.63,125.06,127.74,130.97,131.21,130.35,,,121.57,124.59,127.31,118.92,121.67,124.93,118.14,118.5,120.6,-0.27,-0.15,38.07,31.5,27.64,24.75,22.55,29.64,-145.99,-129.42,-10.29,-11.82,-9.64,-16.83,-20.4,-99.06,-99.31,1.2,17.03,-30.46,0.94,10.56,-18.32,41.33,140.2,115.27,19.51,0.04,143.09,119.34,18.1,-0.13,4.67,4.56,3.8,3.38,6.23,7.21,135.14,116.89,137.88,116.21,127.04,-402945400,140305080.0,139990610.0,110619295.0,1.4,23.85,-239645831.78,128.5,-0.12,67.56,7.17,41.15,28.0,100.0,-72.0,120.31,123.05,124.68,118.68,115.94,126.47,-5.06,-4.17,5.21,117.86,118.6,117.48,-144707919.42
2021-03-09,AAPL,119.03,122.06,118.79,121.09,129525800,-3.51,-2.74,-0.78,-3.46,-2.65,-0.82,120.04,120.59,121.69,122.45,123.19,124.19,125.55,126.65,127.13,127.51,127.69,127.74,127.68,127.38,125.38,121.58,120.21,122.16,124.26,126.95,130.24,131.01,130.34,,,121.28,123.95,126.67,119.07,121.19,124.29,118.79,118.31,120.04,-0.3,-0.18,32.12,42.88,37.25,36.35,31.53,35.38,-77.43,-86.74,-6.76,-9.73,-4.77,-9.75,-15.82,-66.34,-77.48,39.01,24.91,67.2,33.66,18.49,63.99,48.9,138.96,114.93,18.93,0.26,143.23,118.8,18.65,0.09,4.93,4.7,4.0,3.2,6.01,7.07,134.95,116.14,137.88,116.21,127.04,-273419600,145758060.0,137115890.0,113530725.0,1.14,30.52,-186964084.38,128.37,-0.12,67.02,8.56,34.87,24.0,96.0,-72.0,117.86,119.5,122.65,114.71,113.07,125.04,4.73,4.06,5.7,120.65,120.43,120.76,52681747.4
2021-03-10,AAPL,121.69,122.17,119.45,119.98,111943300,-3.51,-2.89,-0.62,-3.46,-2.81,-0.65,120.01,120.39,121.31,122.0,122.7,123.67,125.02,126.16,126.67,127.09,127.31,127.4,127.38,127.14,125.28,121.56,119.8,121.62,123.53,126.15,129.47,130.77,130.28,,,120.89,123.29,126.01,118.86,120.6,123.58,118.84,117.93,119.37,-0.32,-0.21,35.04,48.11,40.49,36.37,30.48,35.34,-72.03,-82.58,-4.78,-11.12,-5.37,-9.73,-16.03,-74.0,-82.6,30.14,23.45,43.51,26.0,20.2,37.61,40.9,137.74,114.55,18.39,0.23,143.38,118.17,19.28,0.07,4.37,4.65,4.03,3.05,5.8,6.87,134.32,115.71,136.99,116.21,126.6,-385362900,145553460.0,137206230.0,115289180.0,0.97,30.38,-255282421.88,128.26,-0.12,66.39,8.83,32.08,20.0,92.0,-72.0,120.65,122.5,123.92,119.23,117.38,123.8,-1.11,-0.92,2.72,120.53,120.81,120.4,-68318337.5
2021-03-11,AAPL,122.54,123.21,121.26,121.96,103026500,-3.31,-2.97,-0.33,-3.26,-2.9,-0.36,120.99,120.91,121.46,122.0,122.58,123.45,124.72,125.85,126.37,126.8,127.05,127.16,127.17,126.97,125.21,121.57,120.16,121.72,123.02,125.47,128.8,130.48,130.28,,,120.95,122.89,125.53,119.42,120.46,123.19,119.87,118.19,119.17,-0.34,-0.23,49.69,51.23,44.18,39.46,34.2,33.28,-18.85,-53.59,-3.1,-8.94,0.97,-7.91,-13.43,-57.44,-72.33,45.96,38.37,61.15,42.56,34.07,59.54,45.18,136.35,114.6,17.34,0.34,143.21,117.75,19.51,0.17,4.3,4.75,4.09,3.05,5.44,6.57,134.22,115.23,136.39,116.21,126.3,-282336400,130527760.0,132688930.0,116788175.0,0.88,30.75,-284341178.29,128.19,-0.13,67.29,9.15,31.45,16.0,88.0,-72.0,120.53,121.62,123.25,118.9,117.81,116.21,1.98,1.65,3.23,122.14,122.24,122.1,-29058756.41
2021-03-12,AAPL,120.4,121.17,119.16,121.03,88105100,-3.18,-3.02,-0.17,-3.15,-2.95,-0.2,121.01,120.95,121.36,121.82,122.34,123.15,124.37,125.49,126.02,126.48,126.76,126.9,126.93,126.77,125.13,121.56,120.08,121.69,122.43,124.77,128.27,130.2,130.26,,,120.83,122.47,125.03,119.57,120.2,122.73,120.2,118.22,118.86,-0.35,-0.26,52.98,35.15,43.63,42.81,33.96,33.06,-64.38,-74.85,-3.45,-11.91,-0.23,-4.97,-14.1,-61.47,-76.11,38.53,38.21,39.17,38.53,35.7,44.19,50.22,134.81,114.73,16.09,0.31,143.14,117.26,19.87,0.15,4.14,4.64,4.1,3.05,5.02,6.53,133.66,115.09,136.01,116.21,126.11,-370441500,117395460.0,125043400.0,117979430.0,0.75,31.11,-208509425.55,128.1,-0.09,67.32,9.36,30.47,12.0,84.0,-72.0,122.14,123.03,124.09,121.08,120.19,116.35,-0.93,-0.76,2.8,120.45,120.16,120.6,75831752.74
2021-03-15,AAPL,121.41,124.0,120.42,123.99,92403800,-2.82,-2.98,0.16,-2.78,-2.92,0.13,122.5,121.96,121.95,122.22,122.6,123.26,124.34,125.38,125.89,126.34,126.62,126.77,126.81,126.68,125.11,121.59,121.61,121.31,122.29,124.2,128.0,130.01,130.2,,,121.24,122.4,124.75,120.7,120.53,122.69,121.81,119.07,119.15,-0.35,-0.27,57.66,47.55,54.61,47.5,38.26,36.88,22.69,-28.83,2.48,-9.34,-3.8,-1.87,-11.38,-37.81,-60.71,81.89,55.46,134.76,62.19,47.76,91.05,55.51,132.91,115.49,14.03,0.49,143.02,116.99,20.02,0.27,3.94,4.3,4.14,2.37,4.35,6.54,132.94,115.73,136.01,116.21,126.11,-278037700,105000900.0,122652990.0,119592365.0,0.77,37.56,-116621847.9,128.04,-0.08,63.34,14.79,20.9,8.0,80.0,-72.0,120.45,121.75,122.46,119.74,118.44,116.49,2.96,2.45,3.58,122.8,122.21,123.1,91887577.65
2021-03-16,AAPL,125.7,127.22,124.72,125.57,115227900,-2.37,-2.85,0.48,-2.34,-2.8,0.46,124.03,123.17,122.75,122.83,123.05,123.55,124.45,125.39,125.87,126.3,126.57,126.72,126.76,126.64,125.11,121.63,122.51,121.36,122.27,123.82,127.72,129.87,130.16,,,122.02,122.53,124.59,122.08,121.11,122.86,123.63,120.22,119.72,-0.34,-0.29,84.65,58.14,56.37,50.29,39.96,39.54,123.96,46.25,3.55,-8.28,0.45,0.22,-7.62,-25.18,-52.73,85.01,68.48,118.08,74.82,58.51,107.43,51.55,131.48,116.16,12.37,0.61,142.92,116.82,20.1,0.34,3.78,4.27,4.21,2.45,3.83,6.45,133.0,115.9,132.22,116.21,124.22,-162809800,102141320.0,123949690.0,121324945.0,0.95,37.76,-153494775.9,128.01,-0.07,58.37,20.27,21.04,4.0,76.0,-72.0,122.8,125.19,126.38,121.61,119.22,116.79,1.58,1.27,3.23,125.84,125.97,125.77,-36872928.0
2021-03-17,AAPL,124.05,125.86,122.34,124.76,111932600,-2.06,-2.7,0.64,-2.03,-2.65,0.62,124.4,123.7,123.2,123.18,123.32,123.7,124.48,125.35,125.8,126.22,126.48,126.63,126.68,126.58,125.11,121.66,123.46,121.63,122.23,123.52,127.37,129.77,130.1,,,122.64,122.62,124.4,122.86,121.49,122.91,124.47,120.99,120.1,-0.33,-0.29,69.58,61.32,44.61,55.4,41.11,39.39,62.84,21.4,-2.37,-8.27,2.7,3.77,-6.08,-31.65,-46.6,77.66,81.52,69.93,68.35,68.45,68.13,60.29,130.45,116.58,11.22,0.59,142.9,116.64,20.24,0.31,3.54,4.1,4.22,2.68,3.47,6.32,132.69,116.28,130.71,116.21,123.46,-274742400,102139180.0,123846320.0,122025650.0,0.92,38.52,-111520050.9,127.96,-0.05,52.56,21.11,23.12,0.0,72.0,-72.0,125.84,126.95,128.34,124.45,123.34,117.41,-0.81,-0.65,3.52,124.32,124.1,124.43,41974725.0
2021-03-18,AAPL,122.88,123.18,120.32,120.53,121229700,-2.13,-2.58,0.45,-2.1,-2.54,0.44,122.46,122.64,122.6,122.7,122.89,123.3,124.11,124.99,125.46,125.9,126.19,126.37,126.44,126.38,125.02,121.65,123.18,121.67,122.2,123.06,126.93,129.56,129.99,,,122.44,122.33,123.96,122.04,121.06,122.44,123.08,120.55,119.69,-0.32,-0.3,52.2,48.1,42.26,49.06,39.55,36.5,-31.67,-53.06,-3.67,-10.98,0.4,-0.73,-9.18,-65.47,-70.21,39.24,67.3,-16.89,34.53,59.23,-14.87,50.9,129.46,116.66,10.4,0.3,142.94,116.18,20.66,0.16,3.36,4.14,4.26,2.65,3.2,6.31,132.4,115.82,130.71,116.21,123.46,-395972100,105779820.0,118153790.0,123244300.0,0.98,39.54,-214946787.96,127.87,-0.12,47.26,20.9,26.37,0.0,68.0,-68.0,124.32,126.3,127.84,122.78,120.8,118.0,-4.23,-3.39,4.44,121.34,121.75,121.14,-103426737.06
2021-03-19,AAPL,119.9,121.43,119.68,119.99,185549500,-2.2,-2.51,0.31,-2.18,-2.47,0.29,121.23,121.76,122.02,122.2,122.44,122.89,123.71,124.62,125.11,125.57,125.89,126.09,126.19,126.17,124.92,121.63,122.97,121.53,122.12,122.56,126.35,129.43,129.86,,,122.13,122.04,123.51,121.26,120.6,121.95,121.89,120.09,119.25,-0.31,-0.3,41.09,59.62,46.19,38.14,40.02,35.86,-55.48,-77.47,-1.7,-11.2,-1.43,-7.8,-9.88,-69.78,-73.93,14.23,43.71,-44.71,30.22,44.36,1.92,49.4,128.23,116.89,9.25,0.27,143.06,115.8,21.06,0.15,3.22,3.79,4.18,2.71,2.83,6.11,131.3,116.13,129.72,116.21,122.96,-581521600,125268700.0,121332080.0,128138335.0,1.45,31.27,-334758750.82,127.71,-0.17,44.75,17.04,30.01,0.0,64.0,-64.0,121.34,122.37,124.2,119.51,118.48,118.56,-0.54,-0.45,1.75,120.37,120.56,120.27,-119811962.86
2021-03-22,AAPL,120.33,123.87,120.26,123.39,111912300,-1.96,-2.4,0.44,-1.94,-2.36,0.42,122.31,122.3,122.33,122.42,122.59,122.95,123.68,124.53,124.99,125.45,125.77,125.97,126.08,126.08,124.89,121.65,122.85,122.23,121.83,122.43,125.9,129.28,129.71,,,122.47,122.12,123.32,121.83,120.84,121.94,122.62,120.62,119.51,-0.3,-0.3,58.73,56.56,55.7,47.43,43.76,41.19,36.62,2.75,2.71,-8.85,7.03,-1.73,-2.61,-34.79,-46.85,52.48,35.32,86.81,65.21,43.32,109.0,54.08,127.88,116.98,8.91,0.59,143.01,115.55,21.24,0.29,3.31,3.81,4.27,2.05,2.73,5.81,131.3,116.07,128.72,116.21,122.46,-469609300,129170400.0,117085650.0,128538130.0,0.87,31.53,-252607062.45,127.65,-0.1,41.61,20.08,29.92,4.0,60.0,-56.0,120.37,121.05,122.12,119.3,118.62,119.08,3.4,2.83,3.88,122.51,122.06,122.73,82151688.37
2021-03-23,AAPL,123.33,124.24,122.14,122.54,95467100,-1.82,-2.28,0.46,-1.8,-2.25,0.45,122.42,122.38,122.37,122.44,122.58,122.9,123.57,124.38,124.84,125.29,125.61,125.82,125.94,125.97,124.84,121.66,122.24,122.37,121.65,122.27,125.42,129.09,129.57,,,122.53,122.13,123.11,121.97,120.9,121.83,122.73,120.86,119.6,-0.29,-0.3,43.65,57.41,51.99,50.76,46.47,42.33,57.98,22.24,0.92,-8.0,1.45,0.48,-3.32,-42.51,-49.4,41.94,36.22,53.37,57.49,50.97,70.53,51.91,127.47,117.06,8.52,0.53,142.93,115.26,21.43,0.26,3.21,3.68,4.17,2.01,2.6,5.45,130.93,116.22,128.72,116.21,122.46,-565076400,125218240.0,113679780.0,125397835.0,0.76,37.37,-311705743.4,127.6,-0.18,37.42,21.49,24.79,0.0,56.0,-56.0,122.51,124.75,126.12,121.14,118.9,119.56,-0.85,-0.69,2.1,122.97,123.19,122.86,-59098680.95
2021-03-24,AAPL,122.82,122.9,120.07,120.09,88530500,-1.88,-2.2,0.32,-1.87,-2.17,0.31,121.26,121.62,121.87,122.01,122.2,122.55,123.24,124.06,124.53,125.0,125.34,125.57,125.71,125.77,124.75,121.64,121.31,122.38,121.52,122.0,124.89,128.91,129.38,,,122.11,121.92,122.76,121.28,120.52,121.43,121.68,120.44,119.26,-0.28,-0.29,27.69,44.73,57.29,49.94,44.37,41.32,-27.58,-47.92,3.21,-8.22,0.11,-0.04,-5.26,-64.76,-68.98,11.54,35.32,-36.02,35.24,52.65,0.42,43.22,127.09,116.92,8.33,0.31,142.98,114.85,21.82,0.19,3.11,3.53,3.9,2.0,2.54,5.15,130.29,116.19,128.72,116.21,122.46,-653606900,120537820.0,111338500.0,124272365.0,0.71,39.36,-398984928.92,127.53,-0.25,32.67,22.43,23.54,0.0,52.0,-52.0,122.97,123.81,125.07,121.71,120.87,120.02,-2.45,-2.0,2.83,121.02,121.48,120.79,-87279185.51
2021-03-25,AAPL,119.54,121.66,119.0,120.59,98844700,-1.87,-2.14,0.26,-1.86,-2.11,0.25,120.92,121.28,121.58,121.75,121.95,122.3,122.99,123.81,124.28,124.75,125.11,125.36,125.51,125.6,124.66,121.63,121.32,122.25,121.55,121.98,124.4,128.75,129.11,,,121.78,121.79,122.48,120.94,120.3,121.14,121.21,120.26,119.07,-0.27,-0.29,32.58,48.73,48.83,48.67,45.36,41.68,-54.51,-65.0,-0.41,-7.03,-1.37,-0.83,-0.4,-60.22,-64.99,19.34,24.27,9.48,39.78,44.17,31.0,42.94,127.09,116.88,8.37,0.36,143.01,114.49,22.16,0.21,3.03,3.4,3.86,2.07,2.55,4.81,129.8,116.18,128.72,116.21,122.46,-554762200,116060820.0,110920320.0,121804625.0,0.81,40.69,-379661904.86,127.46,-0.2,27.86,23.23,24.43,4.0,48.0,-44.0,121.02,121.97,123.85,119.14,118.19,127.22,0.5,0.42,2.66,120.42,120.33,120.46,19323024.06
2021-03-26,AAPL,120.35,121.48,118.92,121.21,94071200,-1.79,-2.07,0.28,-1.78,-2.04,0.27,121.07,121.25,121.5,121.66,121.84,122.17,122.82,123.61,124.08,124.56,124.92,125.18,125.34,125.46,124.6,121.63,121.56,122.27,121.54,121.98,123.93,128.55,128.88,,,121.6,121.71,122.28,120.91,120.23,120.96,121.18,120.29,119.04,-0.26,-0.28,54.07,40.72,52.95,59.09,50.23,45.44,-64.63,-55.1,1.03,-6.67,0.18,4.85,-0.05,-71.29,-60.03,27.59,19.49,43.79,28.71,34.58,16.97,46.09,127.08,116.88,8.37,0.42,142.96,114.15,22.41,0.25,2.89,3.21,3.7,2.06,2.55,4.39,129.25,116.39,128.72,116.21,122.46,-460691000,97765160.0,111516930.0,118280165.0,0.8,48.19,-305433848.61,127.39,-0.11,23.07,24.6,23.02,0.0,44.0,-44.0,120.42,121.83,123.08,119.17,117.76,127.06,0.62,0.51,2.56,120.54,120.2,120.7,74228056.25
2021-03-29,AAPL,121.65,122.58,120.73,121.39,80819200,-1.69,-1.99,0.3,-1.68,-1.97,0.29,121.23,121.3,121.48,121.61,121.77,122.07,122.68,123.45,123.9,124.38,124.75,125.01,125.19,125.33,124.53,121.62,121.16,122.01,121.87,121.66,123.47,128.4,128.67,,,121.44,121.66,122.11,120.96,120.22,120.83,121.26,120.38,119.07,-0.25,-0.28,58.75,34.61,48.5,50.68,50.14,45.75,-17.92,-9.7,-0.47,-3.66,-2.6,0.3,-6.4,-70.24,-58.59,35.59,27.51,51.76,29.76,32.75,23.78,49.64,125.97,117.35,7.09,0.47,142.95,113.86,22.66,0.26,2.52,2.94,3.6,1.98,2.16,3.84,128.56,116.81,128.72,116.21,122.46,-379871800,91546540.0,110358470.0,116505730.0,0.69,46.54,-328587457.25,127.34,-0.16,19.0,27.0,25.18,0.0,40.0,-40.0,120.54,122.15,123.1,119.59,117.98,126.73,0.18,0.15,1.85,121.57,121.66,121.52,-23153608.65
2021-03-30,AAPL,120.11,120.4,118.86,119.9,85671900,-1.72,-1.94,0.22,-1.71,-1.92,0.21,120.56,120.83,121.13,121.3,121.48,121.8,122.42,123.19,123.65,124.13,124.51,124.79,124.98,125.15,124.44,121.61,120.64,121.44,121.79,121.4,123.03,128.26,128.46,,,121.05,121.49,121.88,120.51,119.95,120.52,120.64,120.09,118.84,-0.24,-0.27,21.35,32.96,47.12,49.82,40.69,44.91,-105.7,-85.53,-0.93,-4.74,-5.67,-0.08,-5.22,-87.56,-70.5,19.33,27.5,2.98,12.44,23.64,-9.95,51.03,125.45,117.35,6.68,0.32,143.0,113.52,22.99,0.22,2.63,2.93,3.41,1.63,2.03,3.43,128.27,116.57,127.22,116.21,121.72,-465543700,89587500.0,107402870.0,115676280.0,0.74,47.38,-298546661.15,127.27,-0.11,15.31,26.86,29.86,20.0,36.0,-16.0,121.57,122.4,123.42,120.55,119.72,126.42,-1.49,-1.23,2.53,119.72,119.63,119.76,30040796.1
2021-03-31,AAPL,121.65,123.52,121.15,122.15,118323800,-1.54,-1.86,0.32,-1.53,-1.84,0.31,121.36,121.27,121.35,121.45,121.58,121.84,122.39,123.11,123.55,124.02,124.4,124.68,124.87,125.05,124.4,121.61,121.05,121.18,121.94,121.4,122.74,128.15,128.34,,,121.18,121.56,121.83,120.94,120.14,120.54,121.27,120.45,119.07,-0.23,-0.26,47.4,56.6,45.13,50.42,46.46,51.13,19.94,43.54,-1.48,-2.55,-2.61,0.19,0.09,-60.65,-46.05,61.15,38.69,106.07,39.35,27.18,63.69,47.92,125.46,117.35,6.68,0.59,142.99,113.3,23.16,0.3,2.59,2.95,3.4,1.19,2.03,3.09,128.3,116.49,127.22,116.21,121.72,-347219900,95546160.0,108041990.0,115944155.0,1.02,47.93,-317019153.13,127.21,-0.08,11.63,31.63,29.58,16.0,32.0,-16.0,119.72,120.58,121.26,119.04,118.18,125.96,2.25,1.88,3.62,122.27,122.34,122.24,-18472491.98
2021-04-01,AAPL,123.66,124.18,122.49,123.0,75089100,-1.31,-1.75,0.44,-1.3,-1.73,0.43,122.18,121.85,121.72,121.73,121.8,121.99,122.45,123.1,123.51,123.97,124.33,124.6,124.8,124.98,124.37,121.63,121.53,121.42,122.01,121.55,122.51,127.97,128.21,,,121.51,121.71,121.84,121.54,120.46,120.66,122.08,120.99,119.44,-0.22,-0.25,74.7,61.95,42.93,54.34,51.18,51.67,57.01,81.41,-2.05,1.66,2.47,1.97,2.87,-50.48,-38.33,76.95,52.48,125.9,49.52,33.77,81.02,49.22,125.62,117.48,6.7,0.68,142.83,113.1,23.24,0.33,2.58,2.9,3.31,1.29,2.04,2.8,128.25,116.65,127.22,116.21,121.72,-272130800,90795040.0,103427930.0,110790860.0,0.68,53.43,-346788204.61,127.18,-0.06,8.92,33.86,24.96,12.0,28.0,-16.0,122.27,123.4,124.64,121.03,119.9,125.54,0.85,0.7,2.03,123.22,123.34,123.17,-29769051.48
2021-04-05,AAPL,123.87,126.16,123.07,125.9,88651200,-0.89,-1.58,0.69,-0.88,-1.56,0.68,124.04,123.2,122.65,122.49,122.43,122.48,122.78,123.31,123.67,124.07,124.41,124.66,124.84,125.01,124.4,121.67,122.47,122.02,122.33,121.77,122.38,127.75,128.2,,,122.33,122.13,122.06,122.95,121.28,121.15,123.93,122.2,120.3,-0.2,-0.24,82.03,60.38,52.81,54.22,57.09,48.05,124.05,144.01,0.91,3.83,5.91,1.91,4.48,-15.79,-11.99,96.44,78.18,132.95,84.21,57.7,137.24,57.06,126.28,117.26,7.41,0.96,142.4,113.09,22.94,0.44,2.63,2.87,3.23,1.81,2.26,2.52,128.52,117.04,127.22,116.21,121.72,-183479600,89711040.0,93738100.0,107535090.0,0.82,53.36,-273055653.16,127.16,-0.08,8.56,32.1,25.22,8.0,24.0,-16.0,123.22,123.96,124.91,122.27,121.53,118.86,2.9,2.36,3.16,125.04,124.62,125.26,73732551.46
2021-04-06,AAPL,126.5,127.13,125.65,126.21,80171300,-0.52,-1.36,0.84,-0.51,-1.35,0.84,125.12,124.2,123.44,123.17,123.01,122.94,123.11,123.52,123.83,124.19,124.49,124.73,124.89,125.05,124.43,121.71,123.43,122.3,122.48,122.26,122.39,127.49,128.12,,,123.09,122.55,122.31,124.1,122.04,121.63,125.28,123.27,121.13,-0.17,-0.23,81.33,65.89,67.38,51.5,56.03,51.18,175.05,177.69,4.71,-1.24,2.82,0.64,9.85,-11.12,-9.17,88.88,87.42,91.78,88.88,74.2,118.22,55.77,126.42,118.1,6.81,0.97,141.78,113.2,22.42,0.46,2.46,2.74,3.09,2.22,2.08,2.53,128.59,117.62,127.22,118.79,123.0,-103308300,89581460.0,90564000.0,103824825.0,0.77,52.2,-292556780.18,127.15,-0.03,8.6,27.7,26.37,4.0,20.0,-16.0,125.04,127.02,128.13,123.93,121.95,119.01,0.31,0.25,1.48,126.33,126.39,126.3,-19501127.03
2021-04-07,AAPL,125.83,127.92,125.14,127.9,83466700,-0.09,-1.11,1.02,-0.08,-1.1,1.01,126.51,125.43,124.43,124.03,123.76,123.56,123.56,123.85,124.09,124.4,124.66,124.86,125.01,125.15,124.5,121.77,125.03,122.83,122.64,122.6,122.46,127.19,128.05,,,124.11,123.09,122.67,125.49,123.01,122.28,126.9,124.59,122.18,-0.15,-0.21,84.3,86.19,72.61,57.05,65.87,56.54,171.26,171.56,6.59,2.22,5.36,3.14,6.81,-0.22,-0.22,99.78,95.03,109.28,99.78,90.96,117.43,57.97,127.42,117.79,7.86,1.05,140.77,113.61,21.35,0.53,2.49,2.69,2.97,2.85,2.41,2.65,128.94,118.18,127.92,118.86,123.39,-19841600,89140420.0,89363960.0,101521870.0,0.82,59.37,-210291039.9,127.15,-0.01,9.65,30.34,20.57,0.0,16.0,-16.0,126.33,127.01,127.81,125.53,124.85,119.33,1.69,1.34,2.78,126.99,126.53,127.22,82265740.29
2021-04-08,AAPL,128.95,130.39,128.52,130.36,88844600,0.44,-0.8,1.24,0.45,-0.79,1.24,128.44,127.08,125.75,125.18,124.78,124.41,124.21,124.33,124.5,124.73,124.94,125.1,125.22,125.32,124.62,121.86,126.67,123.86,123.01,123.12,122.62,126.93,128.07,,,125.48,123.83,123.18,127.32,124.3,123.18,129.02,126.3,123.55,-0.11,-0.19,100.0,88.31,71.06,73.99,63.6,61.32,194.56,218.96,5.65,6.8,10.27,9.83,10.38,-0.26,-0.26,99.74,96.13,106.96,99.74,96.13,106.96,65.42,128.89,117.35,9.37,1.13,139.74,114.12,20.19,0.63,2.58,2.55,2.82,3.52,2.89,2.98,129.31,119.11,130.39,118.86,124.62,69003000,83244580.0,89395370.0,100366935.0,0.89,67.31,-124297068.77,127.17,0.07,11.8,38.91,16.04,100.0,12.0,88.0,126.99,128.83,129.77,126.05,124.21,119.85,2.46,1.92,2.49,129.76,129.45,129.91,85993971.12
2021-04-09,AAPL,129.8,133.04,129.47,133.0,106686700,1.06,-0.43,1.49,1.07,-0.42,1.49,130.72,129.05,127.36,126.6,126.04,125.49,125.05,124.97,125.05,125.19,125.33,125.45,125.53,125.57,124.78,121.97,128.67,125.1,123.84,123.68,123.02,126.75,128.14,,,127.14,124.77,123.85,129.52,125.88,124.32,131.54,128.38,125.23,-0.07,-0.17,100.0,89.91,78.52,78.8,68.28,62.45,180.46,215.88,8.54,10.71,12.41,13.01,11.04,-0.28,-0.28,99.72,99.75,99.66,99.72,99.75,99.66,72.06,130.9,116.45,11.69,1.14,138.93,114.57,19.22,0.76,2.73,2.68,2.86,4.33,3.61,3.51,130.41,119.68,133.04,118.86,125.95,175689700,89564100.0,90179570.0,100549945.0,1.06,79.53,-20001107.15,127.22,0.13,13.61,44.09,13.56,100.0,8.0,92.0,129.76,130.99,131.63,129.12,127.89,120.69,2.64,2.03,3.57,131.84,131.26,132.13,104295961.62
2021-04-12,AAPL,132.52,132.85,130.63,131.24,91420000,1.4,-0.06,1.46,1.41,-0.05,1.46,130.98,129.78,128.22,127.44,126.84,126.2,125.64,125.44,125.45,125.52,125.62,125.7,125.75,125.75,124.91,122.06,129.74,126.11,124.59,124.19,123.36,126.63,128.15,,,128.25,125.49,124.38,130.52,126.93,125.14,132.31,129.59,126.39,-0.03,-0.14,85.03,80.12,81.59,68.74,63.11,67.21,134.84,170.6,9.28,8.09,10.03,7.85,10.21,-12.69,-12.69,87.31,95.59,70.74,87.31,95.59,70.74,68.79,132.04,116.33,12.66,0.95,138.52,114.75,18.77,0.69,2.55,2.57,2.82,4.49,3.93,3.8,130.78,120.49,133.04,118.86,125.95,84269700,90117860.0,89914450.0,100715690.0,0.91,71.75,-61181287.33,127.26,0.07,15.56,39.16,14.13,96.0,4.0,92.0,131.84,134.2,135.41,130.63,128.27,121.92,-1.76,-1.32,2.37,131.57,131.74,131.49,-41180180.18
2021-04-13,AAPL,132.44,134.66,131.93,134.43,91266500,1.9,0.33,1.57,1.91,0.34,1.57,132.7,131.33,129.6,128.71,128.01,127.23,126.47,126.1,126.03,126.02,126.05,126.08,126.09,126.04,125.1,122.19,131.39,127.41,125.33,124.71,123.58,126.68,128.24,,,129.77,126.46,125.09,132.27,128.4,126.28,134.13,131.38,127.97,0.02,-0.11,85.39,90.25,84.02,75.53,67.79,66.0,137.58,175.93,11.48,15.53,13.04,11.89,10.44,-1.46,-1.46,98.3,95.11,104.68,98.54,95.19,105.25,74.61,133.8,115.61,14.58,1.03,138.68,114.69,18.93,0.82,2.75,2.67,2.85,4.85,4.55,4.23,131.81,121.14,134.66,118.86,126.76,175536200,92336900.0,90959180.0,100658825.0,0.91,71.83,14706974.58,127.32,0.07,18.67,41.63,13.63,100.0,0.0,100.0,131.57,132.52,133.79,130.3,129.35,123.04,3.19,2.43,3.42,133.67,133.3,133.86,75888261.9
2021-04-14,AAPL,134.94,135.0,131.66,132.03,87222800,2.08,0.68,1.4,2.09,0.69,1.4,132.37,131.56,130.14,129.32,128.63,127.83,127.0,126.54,126.41,126.35,126.34,126.34,126.32,126.24,125.24,122.28,132.21,128.62,125.96,125.03,123.81,126.64,128.32,,,130.61,127.16,125.64,132.72,129.22,127.02,134.11,132.19,128.92,0.06,-0.07,70.58,77.14,74.46,75.69,60.84,64.02,104.77,137.26,8.93,9.03,12.13,11.94,6.46,-18.4,-18.4,76.26,87.29,54.2,81.6,89.15,66.5,66.72,134.69,115.37,15.46,0.86,138.54,114.74,18.79,0.73,2.78,2.7,2.84,4.24,4.83,4.5,132.41,121.6,135.0,118.86,126.93,88313400,93088120.0,91114270.0,99258570.0,0.88,71.44,-53191013.45,127.36,0.05,23.36,41.97,7.98,100.0,0.0,100.0,133.67,135.42,136.4,132.69,130.94,124.43,-2.4,-1.79,3.34,132.9,133.33,132.68,-67897988.02
2021-04-15,AAPL,133.82,135.0,133.64,134.5,89347100,2.39,1.02,1.37,2.4,1.03,1.37,133.43,132.54,131.11,130.26,129.53,128.67,127.72,127.13,126.94,126.81,126.74,126.69,126.64,126.51,125.42,122.41,133.04,129.86,126.92,125.52,124.22,126.63,128.43,,,131.68,128.06,126.33,133.81,130.37,127.99,135.08,133.45,130.19,0.1,-0.04,72.12,79.01,76.85,77.59,61.75,64.43,107.96,135.54,10.8,12.1,12.35,13.91,9.74,-3.1,-3.1,95.81,90.12,107.18,96.9,92.35,106.01,69.52,136.06,114.97,16.81,0.93,138.51,114.76,18.75,0.83,2.99,2.73,2.83,3.93,5.27,4.89,133.17,122.26,135.0,118.86,126.93,177660500,93188620.0,88216600.0,98129295.0,0.91,78.88,-29540310.51,127.42,0.04,28.76,41.63,5.11,96.0,56.0,40.0,132.9,134.13,136.24,130.79,129.56,125.91,2.47,1.87,2.97,134.38,134.32,134.41,23650702.94
2021-04-16,AAPL,134.3,134.67,133.28,134.16,84922400,2.59,1.34,1.25,2.59,1.34,1.25,133.8,133.08,131.79,130.97,130.24,129.35,128.33,127.65,127.4,127.21,127.1,127.02,126.94,126.76,125.59,122.52,133.27,130.97,127.83,126.2,124.69,126.64,128.47,,,132.46,128.88,126.97,134.46,131.29,128.82,135.44,134.35,131.23,0.14,-0.0,64.84,73.93,80.65,75.97,62.53,65.31,88.05,113.28,11.89,10.0,11.16,12.95,13.63,-5.2,-5.2,91.48,87.85,98.74,94.8,91.1,102.19,67.04,137.14,115.25,17.34,0.86,138.52,114.75,18.77,0.82,2.79,2.64,2.72,3.3,5.47,5.15,133.62,123.05,135.0,118.86,126.93,92738100,88835760.0,89199930.0,96313930.0,0.88,71.79,-6935067.34,127.48,0.11,33.91,42.95,6.03,92.0,52.0,40.0,134.38,135.12,135.74,133.76,133.02,127.18,-0.34,-0.25,1.39,134.04,133.98,134.07,22605243.17
2021-04-19,AAPL,133.51,135.47,133.34,134.84,94264200,2.76,1.62,1.14,2.77,1.63,1.14,134.32,133.67,132.47,131.67,130.95,130.04,128.95,128.18,127.88,127.64,127.48,127.36,127.25,127.02,125.78,122.65,133.99,131.87,128.73,126.94,125.14,126.58,128.43,127.78,,133.16,129.71,127.62,135.1,132.19,129.66,135.86,135.21,132.24,0.18,0.04,58.49,74.48,79.25,76.45,71.06,63.37,84.49,106.34,10.39,11.41,8.94,13.45,14.85,-3.79,-3.79,93.9,93.73,94.24,96.21,95.97,96.68,65.23,138.12,115.76,17.62,0.85,138.3,114.87,18.51,0.85,2.74,2.66,2.61,2.97,5.59,5.43,134.28,123.63,135.47,118.86,127.16,187002300,89404600.0,89761230.0,91749665.0,1.03,72.28,31567211.53,127.54,0.2,39.01,41.82,5.98,100.0,48.0,52.0,134.04,134.79,135.43,133.4,132.65,128.28,0.68,0.51,2.13,134.55,134.4,134.62,38502278.87
2021-04-20,AAPL,135.02,135.53,131.81,133.11,94812300,2.73,1.84,0.89,2.73,1.85,0.88,133.71,133.48,132.61,131.93,131.28,130.42,129.35,128.55,128.22,127.94,127.75,127.61,127.48,127.22,125.92,122.75,133.73,132.56,129.52,127.43,125.69,126.51,128.33,127.98,,133.39,130.3,128.14,134.95,132.63,130.2,135.24,135.41,132.8,0.21,0.07,58.65,64.74,72.4,75.73,68.66,59.25,61.51,81.67,8.22,7.36,6.9,13.21,9.72,-16.83,-14.52,65.48,83.62,29.19,83.17,91.39,66.73,57.97,138.8,116.05,17.86,0.75,138.01,115.01,18.18,0.79,2.76,2.75,2.71,2.21,5.69,5.36,134.84,123.85,135.53,118.86,127.2,92190000,90113760.0,91225330.0,90894665.0,1.04,71.23,3021572.82,127.59,0.14,44.23,40.53,4.91,100.0,44.0,56.0,134.55,135.76,136.68,133.63,132.42,129.43,-1.73,-1.28,3.72,133.48,133.67,133.39,-28545638.71
2021-04-21,AAPL,132.36,133.75,131.3,133.5,68847100,2.7,2.01,0.69,2.71,2.02,0.69,133.61,133.49,132.81,132.22,131.62,130.81,129.74,128.92,128.56,128.25,128.03,127.86,127.71,127.43,126.07,122.86,134.02,133.12,130.42,127.98,126.11,126.44,128.18,128.16,,133.56,130.87,128.64,134.92,133.07,130.73,134.89,135.63,133.34,0.23,0.1,44.19,60.06,68.94,73.83,65.72,60.84,43.47,65.96,6.04,6.32,5.6,11.35,10.96,-15.57,-12.18,66.5,75.29,48.92,84.43,87.94,77.42,63.21,139.42,116.53,17.88,0.74,137.73,115.15,17.86,0.81,2.77,2.66,2.64,1.5,5.72,5.47,135.07,124.41,135.53,118.86,127.2,161037100,86438620.0,89763370.0,89563665.0,0.77,64.58,57818244.25,127.63,0.21,48.83,33.43,6.43,96.0,40.0,56.0,133.48,135.16,137.2,131.44,129.76,130.53,0.39,0.29,2.45,132.85,132.52,133.01,54796671.43
2021-04-22,AAPL,133.04,134.15,131.41,131.94,84566500,2.53,2.12,0.41,2.53,2.12,0.41,132.77,132.97,132.61,132.17,131.67,130.95,129.95,129.14,128.78,128.46,128.22,128.04,127.88,127.58,126.19,122.95,133.51,133.28,131.07,128.57,126.51,126.36,127.99,128.32,,133.35,131.25,129.02,134.34,133.16,131.01,133.88,135.35,133.52,0.25,0.13,49.37,46.35,63.44,68.23,64.3,65.15,28.66,55.65,4.54,5.76,1.58,8.94,11.85,-28.81,-21.54,26.73,52.9,-25.61,71.19,79.6,54.37,55.53,139.51,117.63,17.01,0.65,137.43,115.3,17.51,0.75,2.68,2.71,2.67,1.23,5.47,5.44,135.38,124.52,135.53,118.86,127.2,76470600,85482500.0,89335560.0,89365465.0,0.95,58.1,5967251.55,127.66,0.23,52.55,32.12,6.31,92.0,36.0,56.0,132.85,134.4,135.3,131.95,130.4,131.3,-1.56,-1.17,2.74,132.5,132.78,132.36,-51850992.7
2021-04-23,AAPL,132.16,135.12,132.16,134.32,78657500,2.55,2.2,0.35,2.56,2.21,0.35,133.55,133.42,132.99,132.56,132.08,131.37,130.37,129.52,129.14,128.78,128.52,128.31,128.13,127.8,126.35,123.06,133.54,133.41,131.83,129.25,126.92,126.34,127.86,128.5,,133.54,131.8,129.52,134.66,133.64,131.56,134.22,135.69,134.08,0.26,0.16,48.73,60.17,64.59,67.54,71.7,68.14,61.5,68.62,5.02,11.44,1.32,8.42,13.73,-11.65,-7.26,71.39,54.88,104.43,88.35,81.32,102.41,61.38,139.8,118.71,16.32,0.74,137.34,115.34,17.41,0.86,2.65,2.72,2.69,1.27,5.27,5.55,135.8,124.94,135.53,118.86,127.2,155128100,84229520.0,86532640.0,88356105.0,0.89,57.95,42107183.98,127.71,0.24,56.31,29.45,6.31,88.0,32.0,56.0,132.5,133.59,135.24,130.85,129.76,131.3,2.38,1.8,3.18,133.87,133.64,133.98,36139932.43
2021-04-26,AAPL,134.83,135.06,133.56,134.72,66905100,2.57,2.28,0.3,2.58,2.28,0.29,134.13,133.85,133.38,132.95,132.49,131.79,130.78,129.91,129.5,129.11,128.82,128.59,128.39,128.02,126.52,123.18,133.52,133.76,132.42,129.93,127.38,126.33,127.82,128.65,,133.77,132.32,130.02,134.99,134.12,132.1,134.58,136.03,134.63,0.27,0.18,53.92,51.17,60.93,67.66,71.61,65.52,80.67,72.65,3.34,12.28,3.48,8.51,13.51,-7.8,-4.86,80.85,59.66,123.23,92.2,83.92,108.78,60.52,140.03,119.83,15.54,0.74,137.3,115.36,17.37,0.88,2.44,2.72,2.63,1.07,5.05,5.61,136.22,125.35,135.53,118.86,127.2,222033200,78757700.0,84081150.0,86997800.0,0.77,57.66,78681971.98,127.75,0.22,60.57,26.89,6.31,84.0,28.0,56.0,133.87,135.57,136.83,132.61,130.91,131.41,0.4,0.3,1.5,134.45,134.31,134.51,36574788.0
2021-04-27,AAPL,135.01,135.41,134.11,134.39,66015800,2.53,2.33,0.21,2.54,2.33,0.2,134.26,134.03,133.6,133.21,132.78,132.11,131.13,130.24,129.81,129.4,129.1,128.84,128.63,128.23,126.67,123.29,133.77,133.75,132.96,130.58,127.72,126.31,127.86,128.77,,133.89,132.74,130.48,135.09,134.46,132.54,134.63,136.18,135.03,0.28,0.2,46.69,61.48,53.94,64.28,70.34,66.47,88.98,71.47,1.05,8.91,-0.04,6.49,13.0,-16.26,-6.84,73.05,75.1,68.95,83.74,88.1,75.02,57.35,140.01,121.15,14.45,0.7,137.22,115.41,17.27,0.87,2.43,2.61,2.57,1.07,4.72,5.72,136.35,125.9,135.53,118.86,127.2,156017400,72998400.0,81556080.0,86257630.0,0.77,57.2,41103747.37,127.79,0.21,63.53,26.77,6.56,80.0,24.0,56.0,134.45,135.33,135.95,133.83,132.95,132.15,-0.33,-0.24,1.3,134.64,134.76,134.57,-37578224.62
2021-04-28,AAPL,134.31,135.02,133.08,133.58,107760100,2.41,2.35,0.06,2.41,2.35,0.06,133.92,133.88,133.6,133.28,132.9,132.3,131.36,130.49,130.05,129.64,129.31,129.05,128.82,128.41,126.81,123.39,133.79,133.91,133.34,131.26,127.99,126.32,127.85,128.88,,133.86,133.03,130.85,134.87,134.59,132.84,134.26,136.05,135.21,0.29,0.22,54.0,44.66,57.01,57.64,68.45,69.65,34.35,56.09,1.78,9.01,1.55,3.22,13.68,-32.18,-11.7,53.9,69.27,23.17,67.82,81.25,40.96,53.37,139.32,123.21,12.28,0.64,137.25,115.39,17.3,0.83,2.4,2.57,2.58,0.89,4.03,5.8,136.51,126.21,135.53,121.15,128.34,48257300,80781000.0,83609810.0,87362040.0,1.23,49.05,-11109909.33,127.85,0.16,63.14,20.32,9.52,76.0,20.0,56.0,134.64,135.16,135.94,133.86,133.34,132.76,-0.81,-0.6,1.94,133.89,134.05,133.82,-52213656.7
2021-04-29,AAPL,136.47,137.07,132.45,133.48,151101000,2.28,2.33,-0.05,2.28,2.34,-0.06,133.7,133.75,133.57,133.32,132.99,132.45,131.56,130.71,130.28,129.85,129.52,129.24,129.0,128.57,126.94,123.49,134.1,133.8,133.55,131.83,128.28,126.37,127.83,128.98,,133.78,133.24,131.21,134.65,134.66,133.09,133.94,135.87,135.33,0.29,0.23,49.82,45.94,46.5,51.29,71.46,68.99,64.24,63.77,-0.71,11.15,-1.02,0.48,11.33,-55.75,-22.55,37.78,54.91,3.52,44.25,65.27,2.22,48.48,138.69,124.97,10.41,0.62,137.42,115.33,17.48,0.82,2.53,2.65,2.68,0.87,3.43,5.85,136.86,126.27,137.07,122.49,129.78,-102843700,94087900.0,89785200.0,89000900.0,1.7,50.94,-94836870.37,127.93,0.12,61.67,18.13,9.25,100.0,16.0,84.0,133.89,134.71,135.83,132.77,131.95,137.07,-0.1,-0.07,4.62,134.33,134.76,134.12,-83726961.04
2021-04-30,AAPL,131.78,133.56,131.07,131.46,109839500,1.99,2.26,-0.28,1.99,2.27,-0.28,132.58,132.99,133.1,132.98,132.76,132.32,131.55,130.77,130.35,129.94,129.61,129.34,129.1,128.67,127.03,123.57,133.53,133.53,133.45,132.25,128.64,126.41,127.79,129.07,,133.36,133.21,131.41,133.79,134.35,133.05,132.79,135.17,135.05,0.28,0.24,46.03,32.61,47.84,50.59,64.82,64.51,-165.25,-3.88,-0.43,9.01,-2.7,0.22,8.46,-93.5,-38.48,6.5,32.73,-45.95,6.5,39.53,-59.55,41.95,137.73,126.78,8.28,0.43,137.51,115.31,17.56,0.73,2.54,2.66,2.62,1.13,2.74,5.69,136.86,126.24,137.07,123.07,130.07,-212683200,100324300.0,92276910.0,90738420.0,1.21,50.2,-170268816.16,127.97,0.1,59.5,18.07,12.93,96.0,12.0,84.0,134.33,136.22,138.95,131.6,129.71,137.07,-2.02,-1.51,2.49,132.03,132.32,131.89,-75431945.78
2021-05-03,AAPL,132.04,134.07,131.83,132.54,75135100,1.82,2.17,-0.35,1.83,2.18,-0.35,132.56,132.84,132.98,132.9,132.72,132.35,131.65,130.9,130.49,130.08,129.75,129.48,129.23,128.8,127.14,123.66,133.09,133.3,133.53,132.59,129.06,126.46,127.7,129.16,,133.17,133.23,131.66,133.5,134.26,133.15,132.5,134.84,134.98,0.27,0.25,31.22,46.86,41.71,44.34,65.08,65.39,-73.16,10.71,-1.46,9.35,-2.3,-1.89,6.64,-75.5,-32.36,24.5,22.93,27.65,24.5,25.08,23.33,42.61,137.17,128.0,6.92,0.5,137.65,115.27,17.7,0.77,2.52,2.6,2.65,1.07,2.29,5.49,136.84,126.45,137.07,125.14,131.1,-137548100,101970300.0,90364000.0,90062615.0,0.83,49.54,-197773629.55,128.01,0.04,56.3,14.9,13.22,92.0,8.0,84.0,132.03,132.99,134.52,130.5,129.54,137.07,1.08,0.82,2.61,132.81,132.95,132.74,-27504813.39
2021-05-04,AAPL,131.19,131.49,126.7,127.85,137564700,1.3,2.0,-0.7,1.3,2.0,-0.7,130.21,131.17,131.84,131.98,131.97,131.79,131.28,130.67,130.32,129.96,129.66,129.41,129.18,128.76,127.15,123.7,131.78,132.78,133.09,132.67,129.21,126.5,127.56,129.2,,132.18,132.78,131.59,131.72,133.32,132.65,130.2,133.33,134.05,0.25,0.25,11.96,28.87,30.49,38.99,52.92,60.08,-280.07,-173.87,-4.7,5.32,-5.26,-4.18,1.64,-88.91,-77.28,11.09,14.03,5.21,11.09,14.03,5.21,35.92,136.81,128.52,6.25,-0.08,137.69,115.3,17.7,0.56,2.9,2.78,2.78,2.03,2.07,5.39,136.84,125.73,137.07,125.14,131.1,-275112800,116280080.0,94639240.0,92932285.0,1.48,47.81,-269284298.23,128.01,0.01,53.75,13.07,25.57,88.0,4.0,84.0,132.81,133.8,135.05,131.56,130.57,136.83,-4.69,-3.54,5.84,128.68,129.1,128.47,-71510668.68
2021-05-05,AAPL,129.2,130.45,127.97,128.1,84000900,0.89,1.78,-0.88,0.9,1.78,-0.89,129.15,130.15,131.01,131.28,131.38,131.33,130.98,130.48,130.18,129.86,129.59,129.35,129.14,128.74,127.17,123.74,130.69,132.24,132.83,132.68,129.4,126.54,127.41,129.26,,131.33,132.35,131.51,130.49,132.55,132.22,128.81,132.13,133.27,0.23,0.24,14.86,34.08,28.59,30.91,52.83,57.95,-193.75,-185.58,-5.0,6.84,-5.4,-6.4,0.2,-86.5,-75.19,13.5,16.36,7.77,13.5,16.36,7.77,30.91,136.77,128.58,6.17,-0.06,137.75,115.34,17.71,0.57,3.06,2.75,2.83,2.49,2.05,5.25,136.48,125.48,137.07,126.7,131.88,-191111900,111528240.0,96154620.0,92958995.0,0.9,47.45,-344478652.27,128.02,-0.07,50.48,13.19,25.81,84.0,0.0,84.0,128.68,130.66,133.47,125.87,123.89,136.22,0.25,0.2,2.6,128.84,129.21,128.65,-75194354.03
2021-05-06,AAPL,127.89,129.75,127.13,129.74,78128300,0.7,1.56,-0.87,0.7,1.57,-0.87,129.45,130.01,130.73,131.0,131.13,131.13,130.86,130.43,130.15,129.85,129.59,129.37,129.16,128.78,127.22,123.8,129.94,132.02,132.52,132.65,129.72,126.63,127.3,129.32,,130.88,132.07,131.54,130.12,132.18,132.04,128.68,131.56,132.86,0.21,0.24,30.37,29.77,39.23,37.76,52.76,58.82,-144.93,-174.76,-2.53,6.21,-2.2,-4.42,-0.62,-70.68,-70.68,29.32,17.97,52.01,29.32,17.97,52.01,37.0,136.82,128.47,6.3,0.15,137.87,115.4,17.74,0.64,3.25,2.84,2.82,2.61,2.09,4.94,136.54,125.19,137.07,126.7,131.88,-112983600,96933700.0,95510800.0,92423180.0,0.85,53.67,-266946751.5,128.02,-0.08,47.56,12.78,26.22,80.0,0.0,80.0,128.84,129.71,131.32,127.23,126.36,135.65,1.64,1.28,2.62,128.87,128.44,129.09,77531900.76
2021-05-07,AAPL,130.85,131.26,129.48,130.21,78973300,0.57,1.36,-0.79,0.57,1.37,-0.79,129.83,130.08,130.61,130.85,130.98,131.01,130.8,130.41,130.15,129.87,129.62,129.4,129.2,128.82,127.28,123.87,129.69,131.61,132.25,132.51,130.04,126.82,127.22,129.4,,130.55,131.84,131.57,130.02,131.93,131.92,128.87,131.21,132.59,0.18,0.23,33.89,30.2,39.54,37.03,49.76,56.02,-72.16,-98.88,-2.46,5.86,-4.11,-4.63,-2.79,-66.15,-66.15,33.85,25.55,50.43,33.85,25.55,50.43,37.28,136.82,128.2,6.51,0.23,137.97,115.66,17.6,0.65,3.22,2.81,2.79,2.53,2.16,4.63,136.43,125.17,137.07,126.7,131.88,-34010300,90760460.0,95542380.0,91037510.0,0.87,53.02,-281144198.69,128.04,-0.14,44.24,14.7,26.45,76.0,0.0,76.0,128.87,130.62,131.49,128.0,126.25,135.11,0.47,0.36,1.78,130.32,130.37,130.29,-14197447.19
2021-05-10,AAPL,129.41,129.54,126.81,126.85,88071200,0.2,1.13,-0.93,0.2,1.13,-0.93,128.34,129.0,129.78,130.13,130.35,130.49,130.42,130.15,129.94,129.7,129.49,129.29,129.11,128.76,127.27,123.9,128.55,130.82,131.72,132.29,130.23,126.93,127.08,129.45,,129.68,131.3,131.36,128.85,131.11,131.39,127.55,130.05,131.72,0.16,0.21,29.94,23.86,35.48,33.93,40.41,50.82,-129.82,-172.69,-3.86,0.75,-7.87,-6.26,-4.39,-98.55,-98.55,1.45,21.54,-38.73,1.45,21.54,-38.73,34.58,137.27,127.31,7.53,-0.05,137.97,115.89,17.4,0.5,3.05,2.79,2.78,2.67,2.49,4.37,136.01,124.84,137.07,126.7,131.88,-122081500,93347680.0,97658990.0,90870070.0,0.97,53.46,-366634557.67,128.04,-0.17,41.02,14.82,29.59,72.0,0.0,72.0,130.32,131.15,132.1,129.37,128.54,134.61,-3.36,-2.58,3.4,127.73,128.18,127.51,-85490358.97
2021-05-11,AAPL,123.5,126.27,122.77,125.91,126142800,-0.17,0.87,-1.04,-0.17,0.87,-1.04,127.12,127.97,128.92,129.36,129.67,129.92,129.99,129.83,129.68,129.49,129.31,129.15,128.98,128.66,127.25,123.92,128.16,129.97,131.24,131.86,130.38,126.89,126.92,129.43,,128.79,130.69,131.08,127.69,130.22,130.8,126.3,128.86,130.79,0.13,0.19,20.79,23.64,23.87,31.05,41.47,47.39,-160.93,-207.04,-6.26,-0.24,-8.48,-7.59,-8.52,-78.04,-78.04,21.96,19.08,27.71,21.96,19.08,27.71,40.63,137.48,126.24,8.53,-0.03,137.93,115.85,17.41,0.46,3.28,2.91,2.86,2.76,2.81,4.13,135.81,124.18,137.07,122.77,129.92,-248224300,91063300.0,103671690.0,92613885.0,1.36,51.44,-266441133.67,128.01,-0.15,39.37,14.23,37.08,68.0,100.0,-32.0,127.73,128.66,130.46,125.93,125.0,134.13,-0.94,-0.74,4.08,124.98,124.52,125.22,100193424.0
2021-05-12,AAPL,123.4,124.64,122.25,122.77,112172300,-0.71,0.56,-1.26,-0.7,0.56,-1.26,124.95,126.24,127.55,128.16,128.6,129.03,129.31,129.31,129.24,129.12,128.99,128.87,128.74,128.47,127.16,123.91,127.1,128.89,130.52,131.4,130.47,126.84,126.75,129.38,,127.48,129.82,130.59,125.81,128.89,129.86,124.12,127.07,129.4,0.09,0.17,24.08,19.56,18.27,28.78,31.3,40.21,-159.22,-197.58,-8.87,-4.01,-10.81,-9.17,-9.26,-96.49,-96.49,4.4,9.27,-5.34,3.51,8.97,-7.42,37.86,138.33,124.46,10.56,-0.12,137.94,115.75,17.49,0.32,3.43,2.97,2.87,3.26,3.47,3.9,135.25,123.36,137.07,122.25,129.66,-360396600,96697580.0,104112910.0,93861360.0,1.2,50.68,-329802056.26,127.96,-0.15,38.05,12.95,37.51,64.0,100.0,-36.0,124.98,127.2,128.48,123.7,121.48,133.23,-3.14,-2.49,3.66,123.22,123.44,123.11,-63360922.59
2021-05-13,AAPL,124.58,126.15,124.26,124.97,105861300,-0.94,0.26,-1.2,-0.94,0.26,-1.2,124.96,125.82,126.98,127.58,128.05,128.52,128.89,128.99,128.96,128.89,128.8,128.7,128.59,128.36,127.11,123.92,126.14,128.04,130.06,130.92,130.57,126.9,126.65,129.35,,126.77,129.21,130.24,125.19,128.15,129.29,123.76,126.2,128.58,0.06,0.15,36.68,31.74,27.25,28.18,38.61,39.53,-100.94,-128.81,-7.01,-4.13,-8.51,-9.35,-9.53,-81.65,-81.65,23.01,16.46,36.12,18.35,14.61,25.85,42.63,138.26,123.58,11.21,0.09,137.92,115.88,17.37,0.41,3.07,2.99,2.88,3.03,3.67,3.72,134.87,122.92,137.07,122.25,129.66,-254535300,102244180.0,99588940.0,94687070.0,1.12,51.42,-356127353.09,127.94,-0.17,36.63,14.18,37.33,60.0,96.0,-36.0,123.22,124.19,125.61,121.8,120.83,132.13,2.2,1.79,3.38,125.13,125.21,125.09,-26325296.83
2021-05-14,AAPL,126.25,127.89,125.85,127.45,81918000,-0.92,0.02,-0.94,-0.92,0.02,-0.94,126.2,126.36,127.08,127.56,127.95,128.39,128.76,128.87,128.86,128.81,128.73,128.64,128.55,128.33,127.12,123.95,125.59,127.64,129.6,130.59,130.72,127.05,126.61,129.35,,126.66,128.88,130.04,125.58,127.95,129.08,124.76,126.14,128.31,0.03,0.13,40.91,36.72,36.3,34.54,38.63,45.15,-52.87,-77.05,-4.59,-4.17,-4.01,-7.27,-6.71,-64.91,-64.91,56.28,27.9,113.04,35.09,18.98,67.3,48.84,137.91,123.26,11.22,0.29,137.9,116.2,17.08,0.52,3.12,3.09,2.87,2.78,3.66,3.49,134.93,122.58,137.07,122.25,129.66,-172617300,102833120.0,96796790.0,94536850.0,0.87,51.8,-309546529.56,127.93,-0.16,34.64,17.74,36.1,56.0,92.0,-36.0,125.13,125.99,127.02,124.1,123.24,131.14,2.48,1.98,2.92,127.06,126.87,127.16,46580823.53
2021-05-17,AAPL,126.82,126.93,125.17,126.27,74244600,-0.99,-0.18,-0.81,-0.99,-0.18,-0.81,126.24,126.33,126.9,127.32,127.69,128.12,128.52,128.68,128.7,128.67,128.61,128.54,128.46,128.26,127.1,123.98,125.47,127.01,129.04,130.16,130.73,127.14,126.55,129.33,,126.41,128.47,129.75,125.51,127.58,128.74,124.98,125.82,127.86,0.0,0.1,35.19,44.96,34.63,33.33,37.61,38.98,-66.83,-86.89,-5.4,-3.79,-6.27,-8.12,-8.57,-72.87,-72.87,44.62,41.3,51.25,27.13,26.86,27.67,45.35,137.44,122.88,11.19,0.23,137.87,116.42,16.88,0.46,3.07,3.16,2.92,2.2,3.64,3.48,134.84,122.2,137.07,122.25,129.66,-246861900,100067800.0,96707740.0,93535870.0,0.79,46.78,-290985379.56,127.92,-0.17,33.03,16.55,36.84,52.0,88.0,-36.0,127.06,128.28,129.1,126.24,125.02,130.25,-1.18,-0.93,2.28,126.12,126.05,126.16,18561150.0
2021-05-18,AAPL,126.56,126.99,124.78,124.85,63342900,-1.14,-0.37,-0.77,-1.14,-0.37,-0.77,125.54,125.84,126.45,126.87,127.26,127.71,128.17,128.4,128.45,128.45,128.43,128.38,128.32,128.15,127.06,123.98,125.26,126.71,128.4,129.74,130.68,127.31,126.53,129.26,,126.02,127.96,129.37,125.02,127.0,128.26,124.55,125.2,127.21,-0.02,0.08,41.2,40.34,35.54,32.52,34.66,40.04,-70.4,-88.62,-5.03,-7.13,-3.0,-8.73,-8.26,-82.46,-82.46,28.86,43.25,0.07,17.54,26.59,-0.54,42.35,137.26,122.23,11.58,0.17,137.61,117.02,16.17,0.38,3.13,3.18,2.92,2.28,3.76,3.55,134.53,121.81,137.07,122.25,129.66,-310204800,87507820.0,89285560.0,91962400.0,0.69,48.51,-350315607.16,127.91,-0.19,33.03,16.45,35.18,48.0,84.0,-36.0,126.12,127.08,127.88,125.32,124.36,129.45,-1.42,-1.12,2.21,125.54,125.88,125.37,-59330227.6
2021-05-19,AAPL,123.16,124.92,122.86,124.69,92612000,-1.26,-0.55,-0.71,-1.26,-0.55,-0.71,125.12,125.45,126.06,126.48,126.86,127.33,127.84,128.12,128.21,128.25,128.25,128.22,128.18,128.03,127.01,123.99,125.65,126.37,127.81,129.3,130.58,127.39,126.52,129.2,,125.65,127.48,128.98,124.64,126.48,127.8,124.26,124.68,126.62,-0.05,0.05,44.23,33.55,32.1,32.44,36.42,35.47,-95.36,-104.87,-5.92,-5.56,-3.41,-8.79,-8.81,-79.36,-83.54,27.08,33.52,14.21,20.64,21.77,18.39,49.97,136.92,121.69,11.78,0.2,137.55,117.22,15.96,0.37,2.94,2.99,2.84,2.3,3.81,3.68,133.83,121.85,137.07,122.25,129.66,-402816800,83595760.0,90146670.0,93150645.0,0.99,38.89,-278383956.67,127.88,-0.18,34.56,12.57,41.9,44.0,80.0,-36.0,125.54,126.3,127.75,124.09,123.33,128.73,-0.16,-0.13,2.06,124.16,123.89,124.29,71931650.49
2021-05-20,AAPL,125.23,127.72,125.1,127.31,76857100,-1.13,-0.67,-0.47,-1.13,-0.67,-0.47,126.21,126.07,126.33,126.63,126.93,127.33,127.79,128.06,128.15,128.19,128.2,128.18,128.14,128.01,127.02,124.02,126.11,126.13,127.4,129.07,130.47,127.53,126.55,129.15,,125.82,127.29,128.77,125.25,126.52,127.72,125.32,124.96,126.59,-0.06,0.03,72.56,41.71,48.64,41.9,40.69,40.49,-14.52,-49.71,-0.42,-5.35,-2.43,-4.15,-4.63,-57.19,-65.86,69.41,41.78,124.67,42.81,27.0,74.43,51.79,136.63,121.51,11.71,0.38,137.47,117.6,15.58,0.49,2.79,3.03,2.87,2.02,3.78,3.73,133.86,121.72,137.07,122.25,129.66,-325959700,77794920.0,90019550.0,92765175.0,0.83,46.05,-225581368.89,127.87,-0.12,35.77,19.0,38.12,40.0,76.0,-36.0,124.16,125.45,126.22,123.39,122.1,128.08,2.62,2.1,3.03,126.71,126.41,126.86,52802587.79
2021-05-21,AAPL,127.82,128.0,125.21,125.43,79295400,-1.17,-0.77,-0.4,-1.17,-0.77,-0.4,125.82,125.86,126.13,126.41,126.7,127.09,127.56,127.87,127.97,128.04,128.07,128.06,128.03,127.93,126.99,124.04,125.71,125.65,127.0,128.63,130.22,127.6,126.62,129.04,,125.7,126.95,128.45,125.1,126.21,127.4,125.22,124.73,126.22,-0.08,0.01,52.36,45.57,43.79,36.55,40.3,37.36,-19.23,-55.16,-2.08,-6.51,-4.78,-7.11,-8.89,-65.58,-78.54,55.3,50.6,64.72,34.42,32.62,38.0,51.23,135.93,121.33,11.35,0.28,137.43,117.78,15.4,0.39,2.67,3.05,2.87,1.42,3.65,3.81,133.66,121.47,137.07,122.25,129.66,-405255100,77270400.0,90051760.0,92797070.0,0.85,39.88,-292371401.15,127.86,-0.18,37.83,18.38,37.96,36.0,72.0,-36.0,126.71,128.32,129.33,125.7,124.09,122.25,-1.88,-1.48,2.79,126.21,126.6,126.02,-66790032.26
2021-05-24,AAPL,126.01,127.94,125.94,127.1,63092900,-1.05,-0.82,-0.23,-1.05,-0.82,-0.23,126.46,126.27,126.35,126.54,126.76,127.09,127.52,127.81,127.92,127.99,128.02,128.02,128.0,127.9,126.99,124.07,125.88,125.68,126.63,128.25,130.08,127.72,126.72,128.96,,125.96,126.8,128.25,125.57,126.25,127.33,125.94,125.0,126.21,-0.09,-0.01,48.04,53.55,43.87,48.4,39.01,41.92,18.94,-33.01,-2.03,-5.74,0.25,-0.75,-7.62,-46.17,-67.27,84.35,69.69,113.67,53.83,43.68,74.12,52.86,134.98,121.51,10.51,0.41,137.37,118.08,15.1,0.47,2.54,2.81,2.84,1.45,3.37,3.84,133.14,121.9,137.07,122.25,129.66,-342162200,75040060.0,87553930.0,92606460.0,0.68,47.68,-282276537.15,127.86,-0.19,36.73,19.94,28.13,32.0,68.0,-36.0,126.21,127.22,129.0,124.43,123.42,122.36,1.67,1.33,2.51,126.99,126.94,127.02,10094864.0
2021-05-25,AAPL,127.82,128.32,126.32,126.9,72009500,-0.96,-0.85,-0.11,-0.96,-0.85,-0.11,126.68,126.48,126.47,126.6,126.78,127.07,127.46,127.74,127.85,127.93,127.96,127.97,127.96,127.87,126.99,124.1,126.29,125.77,126.57,127.87,129.83,127.78,126.7,128.9,,126.18,126.67,128.04,125.86,126.26,127.24,126.36,125.19,126.17,-0.1,-0.03,53.96,64.95,42.21,47.43,38.02,41.08,35.16,-22.56,-2.54,-4.67,0.99,-1.2,-7.49,-48.39,-68.62,73.99,71.21,79.55,51.61,46.62,61.59,48.37,133.98,121.77,9.54,0.42,137.37,118.2,15.0,0.45,2.41,2.77,2.86,1.5,3.05,3.79,132.99,121.93,137.07,122.25,129.66,-414171700,76773380.0,82140600.0,92906145.0,0.78,47.1,-312520527.15,127.86,-0.19,35.47,21.23,28.56,28.0,64.0,-36.0,126.99,128.05,128.99,126.05,124.99,122.48,-0.2,-0.16,2.0,127.18,127.32,127.11,-30243990.0
2021-05-26,AAPL,126.96,127.39,126.42,126.85,56575900,-0.88,-0.86,-0.03,-0.88,-0.86,-0.03,126.77,126.6,126.56,126.65,126.79,127.04,127.4,127.68,127.79,127.87,127.91,127.92,127.91,127.83,126.98,124.12,126.72,126.18,126.49,127.54,129.66,127.81,126.73,128.84,,126.38,126.57,127.85,126.08,126.27,127.16,126.62,125.35,126.14,-0.1,-0.04,65.2,58.06,50.0,43.36,38.35,42.82,31.08,-24.27,0.0,-4.98,4.08,-2.89,-6.73,-48.95,-68.96,73.08,77.14,64.95,51.05,52.16,48.83,47.14,133.02,122.05,8.61,0.44,137.38,118.24,14.97,0.45,2.22,2.65,2.85,1.09,2.74,3.81,132.7,122.11,137.07,122.25,129.66,-470747600,69566160.0,76580960.0,90346935.0,0.63,41.2,-318936350.86,127.85,-0.17,33.79,22.17,27.57,24.0,60.0,-36.0,127.18,128.04,129.18,126.04,125.18,122.71,-0.05,-0.04,0.97,126.89,126.9,126.88,-6415823.71
2021-05-27,AAPL,126.44,127.64,125.08,125.28,94625600,-0.94,-0.87,-0.07,-0.94,-0.87,-0.07,126.02,126.16,126.27,126.4,126.56,126.82,127.2,127.5,127.62,127.72,127.78,127.81,127.81,127.75,126.95,124.14,126.31,126.21,126.19,127.13,129.35,127.82,126.79,128.8,,126.21,126.36,127.57,125.73,125.99,126.88,126.09,125.09,125.83,-0.1,-0.05,53.69,39.91,48.3,39.22,37.47,36.96,0.34,-46.25,-0.5,-5.05,0.31,-4.93,-8.2,-58.44,-79.55,44.32,63.8,5.37,41.56,48.08,28.54,46.05,131.93,122.33,7.55,0.31,137.37,118.26,14.95,0.37,2.27,2.7,2.88,1.06,2.4,3.78,132.61,121.79,134.07,122.25,128.16,-565373200,73119860.0,75457390.0,87523165.0,1.08,33.86,-398776700.86,127.84,-0.17,33.64,17.73,30.54,20.0,56.0,-36.0,126.89,127.35,127.86,126.38,125.92,122.94,-1.57,-1.24,2.56,126.0,126.36,125.82,-79840350.0
2021-05-28,AAPL,125.57,125.8,124.55,124.61,71311100,-1.03,-0.9,-0.12,-1.02,-0.9,-0.12,125.32,125.65,125.9,126.07,126.26,126.55,126.95,127.29,127.43,127.55,127.63,127.67,127.68,127.65,126.9,124.14,126.15,125.93,125.82,126.78,129.03,127.9,126.86,128.73,,125.92,126.12,127.26,125.26,125.63,126.56,125.44,124.72,125.44,-0.11,-0.07,27.65,41.89,55.71,44.45,36.84,35.53,-55.9,-79.67,1.5,-7.23,-2.84,-2.24,-6.85,-61.12,-80.03,32.05,49.82,-3.48,38.88,43.83,28.97,41.57,131.25,122.32,7.04,0.26,137.27,118.53,14.65,0.32,2.16,2.55,2.72,1.07,2.23,3.76,132.05,121.85,134.07,122.25,128.16,-636684300,71523000.0,74396700.0,85596745.0,0.83,34.4,-463241935.26,127.82,-0.17,32.47,18.8,26.39,16.0,52.0,-36.0,126.0,126.92,128.56,124.36,123.44,123.15,-0.67,-0.53,1.25,124.99,125.18,124.89,-64465234.4
2021-06-01,AAPL,125.08,125.35,123.94,124.28,67637100,-1.11,-0.95,-0.16,-1.11,-0.94,-0.16,124.8,125.19,125.54,125.75,125.96,126.26,126.7,127.06,127.23,127.37,127.46,127.52,127.55,127.54,126.85,124.14,125.58,125.73,125.64,126.37,128.68,127.99,126.91,128.71,,125.62,125.88,126.95,124.82,125.28,126.22,124.86,124.36,125.05,-0.11,-0.08,37.19,46.89,47.58,45.84,38.78,35.53,-82.34,-93.14,-0.55,-7.75,-1.99,-1.63,-8.26,-66.56,-82.83,26.01,34.13,9.77,33.44,37.96,24.41,32.95,130.05,122.69,5.83,0.22,137.14,118.84,14.3,0.3,1.93,2.36,2.66,1.18,1.84,3.69,131.42,121.98,131.49,122.25,126.87,-704321400,72431840.0,73735950.0,85221845.0,0.79,36.21,-498259724.62,127.81,-0.18,29.69,20.31,18.14,12.0,48.0,-36.0,124.99,125.42,126.24,124.17,123.74,123.36,-0.33,-0.26,1.41,124.52,124.64,124.46,-35017789.36
2021-06-02,AAPL,124.28,125.24,124.05,125.06,59278900,-1.1,-0.98,-0.12,-1.1,-0.97,-0.12,124.93,125.15,125.43,125.62,125.82,126.11,126.54,126.91,127.09,127.24,127.35,127.41,127.45,127.45,126.82,124.15,125.22,125.75,125.59,126.23,128.41,128.02,127.05,128.65,,125.5,125.76,126.72,124.76,125.11,126.01,124.85,124.28,124.86,-0.12,-0.08,21.67,51.89,40.46,56.65,38.2,37.79,-83.05,-73.97,-1.88,-6.94,0.21,2.29,-2.79,-59.71,-69.59,25.57,27.88,20.96,40.29,37.54,45.8,40.42,129.89,122.57,5.8,0.34,137.11,118.93,14.21,0.34,1.7,2.18,2.6,1.16,1.83,3.65,130.91,122.18,131.26,122.25,126.76,-645042500,69885720.0,73329550.0,81307555.0,0.73,43.51,-456913937.22,127.79,-0.12,26.94,21.96,17.9,8.0,44.0,-36.0,124.52,125.11,125.93,123.7,123.11,123.56,0.78,0.63,1.19,124.78,124.64,124.85,41345787.39
2021-06-03,AAPL,124.68,124.85,123.13,123.54,76229200,-1.2,-1.02,-0.18,-1.2,-1.02,-0.18,124.23,124.61,125.01,125.24,125.47,125.79,126.26,126.66,126.86,127.04,127.16,127.25,127.3,127.33,126.75,124.14,124.55,125.64,125.64,126.0,128.08,128.04,127.1,128.56,,125.1,125.5,126.41,124.23,124.71,125.64,124.18,123.84,124.42,-0.12,-0.09,15.85,28.26,39.39,45.67,42.45,36.32,-131.89,-110.03,-2.16,-7.52,-1.15,-1.43,-4.56,-87.55,-85.68,7.9,19.83,-15.95,12.45,28.73,-20.1,33.75,129.74,122.27,5.93,0.17,137.09,118.99,14.13,0.25,1.62,2.08,2.41,1.33,1.87,3.62,130.42,122.1,131.26,122.25,126.76,-721271700,73816380.0,71691270.0,80918970.0,0.94,34.55,-496801309.32,127.77,-0.09,24.47,17.86,21.95,4.0,40.0,-36.0,124.78,125.52,125.97,124.33,123.59,128.32,-1.52,-1.22,1.93,123.84,123.99,123.76,-39887372.09
2021-06-04,AAPL,124.07,126.16,123.85,125.89,75169300,-1.08,-1.03,-0.04,-1.07,-1.03,-0.04,125.06,125.04,125.21,125.36,125.53,125.8,126.22,126.61,126.8,126.97,127.1,127.19,127.24,127.28,126.74,124.16,124.68,125.49,125.7,125.81,127.88,128.16,127.19,128.53,,125.15,125.49,126.26,124.63,124.79,125.6,124.82,124.11,124.48,-0.13,-0.1,43.35,52.52,53.77,45.24,46.39,42.4,-25.88,-31.45,0.83,-5.69,-1.42,-1.56,-3.85,-44.51,-59.6,53.18,28.88,101.77,55.49,36.08,94.32,41.58,129.11,122.52,5.24,0.51,136.93,119.38,13.7,0.37,1.7,2.06,2.41,1.2,1.65,3.57,130.34,122.11,131.26,122.25,126.76,-646102400,69925120.0,71522490.0,80771020.0,0.93,34.05,-439204053.47,127.76,-0.11,23.07,16.56,22.18,0.0,36.0,-36.0,123.84,124.55,125.56,122.83,122.12,128.22,2.35,1.9,2.62,125.3,125.0,125.45,57597255.84
2021-06-07,AAPL,126.17,126.32,124.83,125.9,71057600,-0.97,-1.02,0.05,-0.97,-1.02,0.05,125.48,125.32,125.36,125.46,125.59,125.82,126.19,126.55,126.74,126.91,127.04,127.13,127.19,127.23,126.72,124.18,124.93,125.54,125.6,125.6,127.6,128.26,127.26,128.5,,125.22,125.5,126.14,124.94,124.86,125.56,125.27,124.35,124.54,-0.13,-0.1,55.48,41.98,54.43,48.79,43.38,40.67,4.09,2.05,0.97,-4.23,0.47,-0.37,-4.31,-44.32,-59.49,53.37,38.15,83.82,55.68,41.21,84.62,44.03,128.16,123.03,4.09,0.56,136.79,119.73,13.3,0.36,1.78,2.0,2.36,1.2,1.28,3.37,130.19,122.19,129.54,122.25,125.9,-575044800,69874420.0,70698710.0,80375235.0,0.88,41.14,-408205771.59,127.75,-0.08,20.88,17.59,20.38,4.0,32.0,-28.0,125.3,126.75,127.61,124.44,122.99,128.11,0.01,0.01,1.49,125.68,125.57,125.74,30998281.88
2021-06-08,AAPL,126.6,128.46,126.21,126.74,74403800,-0.8,-0.97,0.17,-0.8,-0.97,0.17,126.11,125.8,125.67,125.69,125.77,125.93,126.24,126.57,126.74,126.9,127.03,127.11,127.17,127.22,126.72,124.2,125.43,125.5,125.63,125.59,127.33,128.37,127.35,128.46,,125.44,125.61,126.08,125.46,125.09,125.64,125.96,124.78,124.75,-0.12,-0.11,68.27,49.01,47.6,56.45,44.09,48.25,93.98,103.37,-0.45,-4.38,-0.36,1.89,-0.11,-30.71,-38.41,67.73,58.09,87.0,69.29,60.15,87.55,47.6,128.15,123.03,4.07,0.72,136.67,120.08,12.92,0.4,1.78,2.03,2.4,1.15,1.28,3.09,130.3,122.19,128.46,122.25,125.36,-500641000,71227760.0,71829800.0,79691865.0,0.93,47.97,-447557114.7,127.74,-0.05,19.29,24.92,18.75,0.0,28.0,-28.0,125.68,126.54,127.17,125.05,124.19,123.13,0.84,0.67,2.56,127.14,127.34,127.04,-39351343.11
2021-06-09,AAPL,127.21,127.75,126.52,127.13,56877900,-0.63,-0.91,0.27,-0.63,-0.91,0.27,126.62,126.24,125.99,125.95,125.98,126.08,126.33,126.61,126.76,126.92,127.03,127.11,127.17,127.21,126.73,124.23,125.84,125.53,125.78,125.65,127.09,128.49,127.41,128.45,,125.73,125.75,126.07,125.97,125.36,125.76,126.6,125.25,125.02,-0.12,-0.11,74.19,51.65,58.19,58.2,50.53,48.48,83.15,92.26,1.36,-0.56,0.23,2.44,1.22,-24.95,-21.42,75.05,65.38,94.37,75.05,66.67,91.8,49.52,128.3,123.01,4.21,0.78,136.54,120.43,12.54,0.42,1.78,1.97,2.29,1.19,1.32,2.79,130.26,122.39,128.46,122.25,125.36,-443763100,70747560.0,70316640.0,76228620.0,0.75,49.6,-448019536.66,127.74,-0.12,17.95,25.67,12.35,0.0,24.0,-24.0,127.14,128.06,129.39,125.81,124.89,123.24,0.39,0.31,1.23,127.13,127.14,127.13,-462421.95
2021-06-10,AAPL,127.02,128.19,125.94,126.11,71186400,-0.58,-0.84,0.26,-0.58,-0.84,0.26,126.37,126.2,126.02,125.98,126.0,126.08,126.31,126.57,126.72,126.87,126.99,127.07,127.13,127.18,126.72,124.25,126.35,125.45,125.88,125.82,126.84,128.61,127.42,128.44,,125.84,125.8,126.01,126.02,125.41,125.74,126.55,125.38,125.07,-0.11,-0.11,58.56,55.25,44.91,45.48,50.38,44.19,55.55,60.78,-0.78,-1.55,-0.74,-1.2,3.34,-44.09,-37.84,55.91,66.23,35.27,55.91,66.75,34.23,44.6,128.09,123.54,3.62,0.56,136.31,120.91,11.97,0.34,1.9,1.91,2.2,1.12,1.14,2.51,130.13,122.48,128.46,122.86,125.66,-514949500,69739000.0,71777690.0,74179325.0,0.96,42.06,-508448880.66,127.74,-0.12,15.81,15.96,14.87,8.0,20.0,-12.0,127.13,127.75,128.36,126.52,125.9,123.34,-1.02,-0.8,2.25,126.75,127.06,126.59,-60429344.0
2021-06-11,AAPL,126.53,127.44,126.1,127.35,53522400,-0.43,-0.76,0.33,-0.43,-0.76,0.33,126.86,126.58,126.31,126.23,126.2,126.24,126.41,126.63,126.76,126.9,127.0,127.08,127.14,127.18,126.73,124.28,126.65,125.66,125.88,125.94,126.64,128.72,127.46,128.43,,126.18,125.94,126.04,126.47,125.69,125.88,127.06,125.81,125.35,-0.1,-0.11,82.56,66.16,52.09,57.59,59.32,45.53,63.83,70.15,0.35,-1.84,2.07,1.92,2.38,-20.83,-19.82,79.17,70.04,97.44,79.17,70.04,97.44,47.23,128.27,123.6,3.71,0.8,136.2,121.23,11.62,0.41,1.92,1.81,2.09,1.26,1.17,2.18,130.02,122.79,128.46,122.86,125.66,-461427100,65409620.0,67667370.0,71562380.0,0.75,48.78,-462116056.78,127.73,-0.07,13.34,15.76,15.73,4.0,16.0,-12.0,126.75,127.55,129.0,125.3,124.5,123.44,1.24,0.98,1.34,126.96,126.77,127.06,46332823.88
2021-06-14,AAPL,127.82,130.54,127.07,130.48,96906500,-0.05,-0.62,0.56,-0.05,-0.62,0.56,128.67,127.88,127.24,127.0,126.86,126.77,126.79,126.92,127.0,127.1,127.17,127.23,127.27,127.29,126.8,124.34,127.56,126.25,126.21,126.09,126.61,128.86,127.62,128.42,,127.06,126.38,126.29,127.83,126.5,126.41,128.79,126.99,126.17,-0.08,-0.1,84.62,77.48,63.1,61.99,60.8,55.71,182.32,212.32,2.86,0.21,5.87,3.38,3.03,-0.81,-0.78,99.19,78.09,141.39,99.19,78.09,141.39,57.91,129.13,123.05,4.82,1.22,136.18,121.55,11.35,0.61,2.14,1.88,2.1,1.92,1.52,2.11,130.55,123.04,130.54,122.86,126.7,-364520600,70579400.0,70226910.0,72311805.0,1.34,50.62,-368560790.2,127.74,-0.04,14.13,26.99,15.15,0.0,12.0,-12.0,126.96,127.83,128.3,126.49,125.62,123.54,3.13,2.46,3.47,129.36,128.8,129.64,93555266.57
2021-06-15,AAPL,129.94,130.6,129.39,129.64,62746300,0.17,-0.46,0.63,0.17,-0.46,0.63,129.15,128.47,127.77,127.48,127.29,127.13,127.07,127.12,127.17,127.24,127.29,127.34,127.36,127.37,126.86,124.4,128.14,126.78,126.38,126.26,126.51,128.94,127.79,128.34,,127.68,126.71,126.48,128.55,127.04,126.77,129.54,127.73,126.74,-0.07,-0.1,75.07,70.19,66.62,59.29,54.59,55.89,172.2,198.96,3.48,2.2,5.36,2.74,3.37,-12.85,-12.4,87.15,88.5,84.44,87.15,88.5,84.44,53.12,129.69,122.83,5.43,0.99,136.2,121.68,11.27,0.55,1.94,1.82,2.02,2.05,1.71,1.89,130.71,123.43,130.6,122.86,126.73,-427266900,68247900.0,69737830.0,71736890.0,0.87,50.22,-405378867.06,127.75,-0.08,14.93,26.57,15.62,100.0,8.0,92.0,129.36,131.66,132.83,128.19,125.89,123.82,-0.84,-0.64,1.21,129.88,130.0,129.82,-36818076.86
2021-06-16,AAPL,130.37,130.89,128.46,130.15,91815000,0.39,-0.29,0.68,0.39,-0.29,0.68,129.65,129.03,128.3,127.97,127.73,127.51,127.36,127.34,127.36,127.4,127.43,127.46,127.47,127.46,126.92,124.45,128.75,127.29,126.6,126.52,126.59,129.02,127.9,128.25,,128.29,127.08,126.72,129.24,127.6,127.17,130.21,128.47,127.33,-0.05,-0.09,73.91,81.99,71.37,60.86,58.36,62.7,138.27,168.17,4.45,3.37,5.09,3.3,5.3,-9.54,-9.22,89.49,91.94,84.58,90.46,92.27,86.86,53.89,130.29,122.75,5.96,0.98,136.25,121.79,11.21,0.58,2.07,1.92,2.02,2.2,1.89,1.99,131.21,123.51,130.89,122.86,126.88,-335451900,75235320.0,72991440.0,73160495.0,1.25,48.38,-369484113.98,127.77,-0.01,15.29,25.13,18.23,100.0,4.0,96.0,129.88,130.36,131.09,129.15,128.67,124.23,0.51,0.39,2.43,129.83,129.68,129.91,35894753.09
2021-06-17,AAPL,129.8,132.55,129.65,131.79,96721700,0.68,-0.1,0.78,0.68,-0.09,0.78,130.72,129.95,129.08,128.66,128.35,128.04,127.78,127.67,127.65,127.64,127.65,127.65,127.64,127.6,127.02,124.53,129.88,128.12,126.93,126.88,126.71,129.1,128.05,128.14,,129.11,127.59,127.05,130.27,128.38,127.74,131.34,129.5,128.15,-0.03,-0.07,77.8,80.67,76.31,71.32,64.82,61.96,158.08,212.87,6.04,7.35,8.25,6.51,7.1,-8.07,-7.84,90.16,88.93,92.6,91.93,89.85,96.1,60.19,131.22,122.54,6.84,1.07,136.36,121.83,11.25,0.69,2.12,1.95,2.06,2.18,2.17,2.19,131.68,123.88,132.55,123.13,127.84,-238730200,80342380.0,75040690.0,73365980.0,1.32,57.84,-323457925.7,127.79,-0.03,16.29,30.9,13.09,100.0,0.0,100.0,129.83,131.21,132.26,128.78,127.4,124.76,1.64,1.26,2.9,131.33,131.1,131.44,46026188.28
2021-06-18,AAPL,130.71,131.51,130.24,130.46,108953300,0.8,0.08,0.72,0.8,0.08,0.72,130.59,130.12,129.38,128.99,128.68,128.35,128.04,127.88,127.83,127.8,127.78,127.77,127.75,127.7,127.09,124.59,130.5,128.57,127.28,127.03,126.73,129.1,128.23,128.02,,129.53,127.93,127.29,130.57,128.81,128.08,131.43,129.97,128.62,-0.01,-0.06,75.03,70.84,68.22,68.36,61.73,55.5,109.97,152.68,4.32,4.39,4.57,5.85,3.15,-22.19,-22.19,68.38,82.68,39.79,77.81,86.74,59.97,58.19,131.66,122.41,7.28,0.87,136.36,121.83,11.25,0.59,2.16,1.97,2.03,2.14,2.31,2.23,131.98,124.1,132.55,123.13,127.84,-347683500,91428560.0,78419090.0,74970790.0,1.45,55.57,-394663625.7,127.81,-0.11,18.45,30.57,11.02,96.0,16.0,80.0,131.33,133.01,134.23,130.11,128.43,125.54,-1.33,-1.01,1.55,130.74,130.88,130.67,-71205700.0
2021-06-21,AAPL,130.3,132.41,129.21,132.3,79663300,1.03,0.27,0.76,1.03,0.27,0.76,131.45,130.85,130.03,129.59,129.24,128.84,128.44,128.21,128.12,128.05,128.0,127.97,127.93,127.85,127.19,124.66,130.87,129.22,127.79,127.38,126.8,129.08,128.42,127.92,,130.21,128.43,127.65,131.38,129.51,128.62,132.25,130.83,129.36,0.02,-0.05,76.64,73.28,78.93,72.99,60.48,60.76,105.21,143.56,7.09,3.81,6.4,8.02,6.87,-2.65,-2.65,96.22,84.92,118.82,97.35,89.03,113.98,68.29,132.5,122.26,8.04,0.98,136.32,121.85,11.21,0.72,2.3,2.1,2.04,2.21,2.56,2.37,132.64,124.25,132.55,123.13,127.84,-268020200,87979920.0,79279660.0,74989185.0,1.06,62.34,-320477177.58,127.83,-0.02,21.03,28.7,11.78,92.0,12.0,80.0,130.74,131.23,132.01,129.96,129.47,126.24,1.84,1.41,3.2,131.31,130.81,131.56,74186448.13
2021-06-22,AAPL,132.13,134.08,131.62,133.98,74783600,1.33,0.48,0.85,1.33,0.49,0.85,132.71,131.89,130.91,130.39,129.97,129.48,128.97,128.63,128.5,128.38,128.29,128.23,128.17,128.05,127.33,124.76,131.74,129.94,128.43,127.72,127.04,129.14,128.63,127.89,,131.08,129.06,128.12,132.5,130.41,129.32,133.48,131.95,130.31,0.04,-0.03,72.32,75.89,77.95,74.32,68.11,66.15,135.27,167.86,6.43,6.11,7.24,8.92,6.88,-0.91,-0.91,98.77,87.79,120.73,99.09,91.42,114.43,70.28,133.63,121.82,9.25,1.03,136.48,121.8,11.37,0.83,2.46,2.19,2.03,2.48,2.95,2.71,133.35,124.59,134.08,123.13,128.61,-193236600,90387380.0,79317640.0,75573720.0,0.99,63.03,-251773545.06,127.86,0.02,23.8,32.96,11.29,100.0,8.0,92.0,131.31,133.4,134.51,130.2,128.11,126.87,1.68,1.27,2.46,133.23,132.85,133.42,68703632.52
2021-06-23,AAPL,133.77,134.32,133.23,133.7,60214200,1.53,0.69,0.84,1.53,0.69,0.84,133.21,132.49,131.53,130.99,130.54,130.01,129.42,129.01,128.83,128.67,128.56,128.46,128.38,128.23,127.45,124.85,132.45,130.6,129.01,128.06,127.3,129.12,128.84,127.9,,131.76,129.63,128.55,133.21,131.13,129.92,134.1,132.77,131.09,0.06,-0.01,77.88,80.38,76.46,79.71,64.85,65.87,133.07,150.16,6.2,7.09,6.57,10.16,6.8,-5.92,-5.54,92.46,95.82,85.74,94.08,96.84,88.56,66.44,134.52,121.6,10.09,0.94,136.43,121.82,11.31,0.81,2.12,2.13,1.96,2.52,3.23,2.96,133.68,125.16,134.32,123.13,128.72,-253450800,84067220.0,79651270.0,74983955.0,0.8,69.46,-260059902.85,127.89,0.03,27.39,34.7,8.52,100.0,4.0,96.0,133.23,134.83,135.69,132.37,130.77,127.74,-0.28,-0.21,1.09,133.75,133.77,133.74,-8286357.8
2021-06-24,AAPL,134.45,134.64,132.93,133.41,68711000,1.65,0.88,0.76,1.65,0.88,0.76,133.31,132.8,131.95,131.43,130.98,130.43,129.8,129.33,129.13,128.94,128.79,128.68,128.58,128.4,127.57,124.93,132.77,131.33,129.67,128.39,127.65,129.15,129.06,127.9,,132.27,130.14,128.94,133.61,131.69,130.42,134.3,133.33,131.71,0.09,0.01,73.09,76.26,73.5,75.0,64.59,61.7,116.6,126.04,5.26,6.99,7.3,7.52,6.56,-12.54,-10.69,83.75,91.66,67.93,87.46,93.54,75.3,64.44,135.25,121.53,10.68,0.87,136.51,121.79,11.4,0.79,2.19,2.06,1.94,2.1,3.43,3.03,133.93,125.67,134.64,123.13,128.88,-322161800,78465080.0,79403730.0,75590710.0,0.91,62.78,-290196306.36,127.91,0.02,30.44,32.36,8.79,100.0,0.0,100.0,133.75,134.27,134.84,133.18,132.66,128.66,-0.29,-0.22,1.71,133.66,133.78,133.6,-30136403.51
2021-06-25,AAPL,133.46,133.89,132.81,133.11,70783700,1.69,1.05,0.65,1.69,1.05,0.65,133.21,132.9,132.21,131.74,131.31,130.77,130.12,129.61,129.39,129.17,129.01,128.87,128.76,128.56,127.68,125.01,133.3,131.9,130.15,128.78,127.93,129.12,129.25,127.88,,132.59,130.59,129.29,133.77,132.11,130.83,134.21,133.69,132.19,0.11,0.03,61.54,65.1,71.21,73.52,63.87,65.69,91.41,103.45,4.7,4.56,5.76,7.21,7.83,-17.59,-13.29,75.24,83.82,58.09,82.41,87.98,71.27,61.96,135.78,121.78,10.87,0.81,136.41,121.84,11.29,0.77,2.0,2.03,1.95,1.62,3.5,3.15,134.18,126.05,134.64,123.13,128.88,-392945500,70831160.0,81129860.0,74398615.0,0.95,56.14,-321655728.59,127.94,0.05,33.86,32.27,9.34,96.0,36.0,60.0,133.66,134.39,135.37,132.68,131.95,129.62,-0.3,-0.22,1.08,133.27,133.35,133.23,-31459422.22
2021-06-28,AAPL,133.41,135.25,133.35,134.78,62111300,1.85,1.21,0.64,1.85,1.21,0.64,133.99,133.53,132.78,132.29,131.84,131.27,130.56,130.0,129.73,129.48,129.29,129.13,129.0,128.76,127.82,125.11,133.8,132.33,130.74,129.29,128.17,129.14,129.44,127.89,,133.12,131.16,129.73,134.41,132.77,131.41,134.84,134.39,132.9,0.13,0.05,85.64,76.94,79.39,74.88,70.96,65.69,111.55,117.28,6.87,7.45,4.3,8.04,10.17,-5.05,-3.88,93.08,84.02,111.19,94.95,88.28,108.3,63.58,136.49,122.09,11.14,0.88,136.46,121.81,11.34,0.89,1.89,2.0,1.93,1.77,3.6,3.38,134.57,126.55,135.25,123.13,129.19,-330834200,67320760.0,77650340.0,73938625.0,0.84,55.79,-290273177.01,127.97,0.12,36.56,29.97,9.48,100.0,32.0,68.0,133.27,133.73,134.35,132.65,132.19,130.42,1.67,1.25,2.14,134.46,134.3,134.54,31382551.58
2021-06-29,AAPL,134.8,136.49,134.35,136.33,64556100,2.07,1.38,0.69,2.07,1.38,0.69,135.16,134.46,133.57,133.02,132.53,131.9,131.11,130.47,130.16,129.86,129.63,129.44,129.28,129.01,127.99,125.22,134.27,133.0,131.38,129.89,128.5,129.17,129.62,127.88,,133.85,131.83,130.26,135.36,133.61,132.13,135.89,135.33,133.79,0.15,0.07,84.92,79.21,79.81,76.56,74.89,68.25,129.5,131.93,7.05,7.26,6.69,9.2,12.05,-1.52,-1.2,97.8,88.71,115.99,98.48,91.95,111.55,70.07,137.34,122.44,11.47,0.93,136.6,121.74,11.5,0.98,1.97,2.07,1.97,1.9,3.72,3.67,135.25,126.97,136.49,123.13,129.81,-266278100,65275260.0,77831320.0,73784575.0,0.87,61.45,-235370325.6,128.0,0.18,38.11,33.31,9.18,100.0,28.0,72.0,134.46,135.57,136.36,133.67,132.56,131.29,1.55,1.15,2.14,135.72,135.42,135.88,54902851.4
2021-06-30,AAPL,136.17,137.41,135.87,136.96,63261400,2.27,1.56,0.71,2.27,1.56,0.71,136.06,135.29,134.32,133.74,133.21,132.53,131.67,130.95,130.6,130.26,129.99,129.77,129.58,129.27,128.17,125.34,134.92,133.68,132.04,130.49,128.91,129.24,129.8,127.88,,134.56,132.5,130.81,136.23,134.43,132.85,136.8,136.23,134.67,0.17,0.09,81.57,77.01,75.8,82.04,76.59,69.14,136.2,137.8,4.97,7.93,6.81,10.85,11.9,-3.98,-3.15,94.51,95.13,93.27,96.02,96.49,95.09,67.75,138.21,122.77,11.83,0.92,136.92,121.57,11.87,1.0,1.74,2.02,1.98,1.98,3.86,3.92,135.7,127.63,137.41,123.13,130.27,-203016700,65884700.0,74975960.0,73983700.0,0.86,67.83,-209079873.66,128.04,0.17,42.65,37.4,7.36,100.0,24.0,76.0,135.72,137.1,137.86,134.96,133.58,132.33,0.63,0.46,1.54,136.75,136.64,136.8,26290451.95
2021-07-01,AAPL,136.6,137.33,135.76,137.27,52485800,2.42,1.73,0.69,2.42,1.73,0.69,136.67,135.95,134.98,134.38,133.84,133.13,132.2,131.42,131.03,130.65,130.34,130.1,129.89,129.53,128.35,125.46,135.69,134.23,132.78,131.17,129.33,129.32,129.95,127.88,,135.22,133.15,131.35,136.95,135.18,133.54,137.47,137.01,135.48,0.19,0.11,87.58,89.82,81.71,81.0,76.12,73.84,124.37,126.53,5.89,8.21,5.48,9.92,13.73,-1.35,-0.98,98.29,96.87,101.14,98.65,97.72,100.5,67.15,138.73,123.62,11.52,0.9,137.23,121.41,12.24,1.0,1.61,2.03,2.0,2.15,3.78,4.12,136.27,128.13,137.41,123.85,130.63,-150530900,62639660.0,70552370.0,72796530.0,0.72,67.92,-160605727.16,128.07,0.23,47.33,37.1,7.69,96.0,20.0,76.0,136.75,137.62,138.29,136.08,135.21,133.35,0.31,0.23,1.57,136.79,136.55,136.91,48474146.5
2021-07-02,AAPL,137.9,140.0,137.75,139.96,78852600,2.73,1.93,0.8,2.73,1.93,0.8,138.31,137.29,136.08,135.4,134.78,133.98,132.94,132.05,131.6,131.16,130.81,130.52,130.28,129.87,128.58,125.6,137.06,135.18,133.62,131.88,129.75,129.48,130.11,127.92,,136.26,133.98,132.03,138.32,136.31,134.49,139.05,138.31,136.66,0.21,0.13,95.8,90.74,84.52,80.46,83.46,78.25,171.89,157.97,7.54,11.72,9.5,9.48,14.07,-0.35,-0.25,99.52,97.44,103.68,99.65,98.11,102.75,72.19,139.96,123.79,12.26,1.0,137.92,121.04,13.03,1.12,1.84,1.98,2.03,2.39,4.04,4.53,136.9,128.97,140.0,124.83,132.42,-71678300,64253440.0,67542300.0,72980695.0,1.08,67.56,-84556775.16,128.13,0.24,49.93,36.54,7.89,100.0,16.0,84.0,136.79,137.81,138.36,136.24,135.22,134.16,2.69,1.96,2.73,139.24,138.88,139.42,76048952.0
2021-07-06,AAPL,140.07,143.15,140.07,142.02,108181800,3.11,2.17,0.94,3.11,2.17,0.94,140.17,138.87,137.4,136.6,135.89,134.99,133.8,132.79,132.28,131.77,131.36,131.02,130.74,130.27,128.84,125.76,138.51,136.15,134.39,132.68,130.3,129.63,130.26,127.99,,137.5,134.95,132.82,139.98,137.63,135.61,140.95,139.86,138.05,0.24,0.15,100.0,91.1,84.96,86.89,83.26,80.69,187.9,181.77,7.76,13.97,9.72,12.38,16.12,-7.69,-6.17,89.07,95.63,75.96,92.31,96.87,83.19,74.61,141.45,123.92,13.21,1.03,138.69,120.58,13.97,1.18,2.06,2.12,2.06,2.99,4.38,4.98,138.05,129.56,143.15,125.94,134.55,36503500,73467540.0,70394150.0,74836905.0,1.45,69.16,-55755127.11,128.23,0.24,53.19,44.5,7.37,100.0,12.0,88.0,139.24,140.72,141.49,138.47,136.99,135.33,2.06,1.47,3.19,141.75,141.61,141.82,28801648.05
2021-07-07,AAPL,143.54,144.89,142.66,144.57,104911600,3.57,2.45,1.12,3.57,2.45,1.12,142.37,140.77,139.0,138.05,137.23,136.18,134.83,133.66,133.07,132.48,132.0,131.61,131.28,130.74,129.15,125.95,140.16,137.21,135.39,133.57,130.89,129.83,130.48,128.08,,139.03,136.08,133.74,142.0,139.22,136.93,143.26,141.75,139.7,0.27,0.18,100.0,95.1,94.51,88.31,84.85,81.81,185.16,196.34,10.82,16.33,10.59,14.42,17.83,-2.04,-1.69,97.35,95.32,101.42,97.96,96.64,100.6,78.34,143.36,123.79,14.65,1.06,139.73,119.93,15.25,1.24,2.31,2.15,2.13,3.88,4.89,5.57,139.14,130.52,144.89,125.94,135.42,141415100,81538640.0,73406950.0,76362295.0,1.37,77.86,19047314.15,128.34,0.31,58.09,49.62,4.18,100.0,8.0,92.0,141.75,143.42,144.83,140.34,138.67,136.89,2.55,1.8,2.87,144.04,143.77,144.17,74802441.26
2021-07-08,AAPL,141.58,144.06,140.67,143.24,105575500,3.78,2.71,1.07,3.78,2.71,1.07,142.8,141.59,139.94,138.99,138.15,137.07,135.63,134.37,133.73,133.08,132.55,132.12,131.75,131.15,129.43,126.12,141.41,138.17,136.26,134.38,131.43,130.01,130.63,128.16,,140.13,137.0,134.54,143.0,140.33,137.95,144.07,142.89,140.89,0.3,0.2,86.1,87.55,85.66,80.93,80.24,82.32,125.95,147.44,8.27,14.54,9.54,11.45,16.11,-10.52,-8.71,86.34,90.92,77.18,89.48,93.25,81.94,76.59,144.58,124.18,15.17,0.93,140.53,119.48,16.19,1.13,2.56,2.23,2.19,4.08,5.1,5.96,140.08,131.18,144.89,125.94,135.42,35839600,90001460.0,77943080.0,78797175.0,1.34,68.21,73547940.99,128.43,0.33,59.54,42.7,10.43,96.0,4.0,92.0,144.04,145.42,146.27,143.19,141.81,138.49,-1.33,-0.92,3.9,142.66,142.36,142.8,54500626.84
2021-07-09,AAPL,142.75,145.65,142.65,145.11,99890800,4.06,2.98,1.08,4.06,2.98,1.08,143.96,142.76,141.09,140.11,139.22,138.07,136.53,135.17,134.46,133.74,133.16,132.68,132.28,131.61,129.74,126.31,142.98,139.33,137.15,135.33,132.04,130.24,130.85,128.28,,141.39,138.02,135.42,144.29,141.6,139.1,145.32,144.25,142.24,0.33,0.23,87.7,90.93,85.83,88.45,81.26,82.03,129.88,151.93,8.31,17.46,11.7,14.65,19.0,-3.28,-2.74,95.61,93.1,100.63,96.72,94.72,100.71,77.26,145.82,124.84,15.5,0.97,141.56,118.92,17.39,1.16,2.69,2.33,2.27,4.24,5.24,6.39,141.19,131.87,145.65,126.1,135.88,135730400,99482460.0,81061060.0,80232395.0,1.25,77.69,137478052.99,128.54,0.4,60.76,45.68,9.96,100.0,0.0,100.0,142.66,144.64,146.05,141.25,139.27,139.77,1.87,1.31,3.0,144.47,144.15,144.63,63930112.0
2021-07-12,AAPL,146.21,146.32,144.0,144.5,76299700,4.18,3.22,0.96,4.18,3.22,0.96,144.23,143.34,141.85,140.9,140.04,138.87,137.29,135.86,135.11,134.34,133.72,133.2,132.76,132.03,130.04,126.49,143.89,140.47,138.08,136.19,132.68,130.46,131.02,128.42,,142.33,138.9,136.23,144.98,142.56,140.05,145.73,145.15,143.27,0.36,0.25,82.54,85.74,84.05,84.23,82.43,80.39,112.73,138.36,8.08,14.78,11.39,12.2,17.15,-12.38,-9.0,84.8,88.92,76.56,87.62,91.27,80.32,71.91,146.73,125.64,15.49,0.89,142.45,118.47,18.38,1.09,2.8,2.27,2.28,3.9,5.27,6.65,141.83,132.76,146.32,127.07,136.7,59430700,98971880.0,81612660.0,81371260.0,0.94,77.78,94066154.72,128.62,0.34,63.14,49.05,6.99,100.0,0.0,100.0,144.47,146.29,147.47,143.29,141.47,140.67,-0.61,-0.42,2.32,144.94,145.16,144.83,-43411898.28
2021-07-13,AAPL,144.03,147.46,143.63,145.64,100827100,4.32,3.44,0.88,4.32,3.44,0.88,144.93,144.11,142.69,141.77,140.9,139.72,138.09,136.58,135.79,134.97,134.3,133.74,133.26,132.48,130.34,126.68,144.61,141.56,138.97,136.95,133.38,130.74,131.21,128.58,,143.27,139.8,137.06,145.81,143.58,141.05,146.39,146.11,144.36,0.38,0.28,79.71,85.29,86.59,83.74,82.37,80.58,104.12,128.59,9.17,15.68,10.86,11.66,15.16,-12.42,-8.93,84.44,88.28,76.77,87.58,90.64,81.46,67.56,147.93,125.96,16.05,0.9,143.47,118.01,19.48,1.09,3.12,2.36,2.4,3.64,5.49,6.87,142.82,133.36,147.46,128.46,137.96,160257800,97500940.0,85484240.0,81567290.0,1.24,78.45,99068021.3,128.73,0.29,64.95,45.42,6.7,100.0,0.0,100.0,144.94,145.88,147.26,143.56,142.62,141.8,1.14,0.79,3.83,145.58,145.55,145.59,5001866.58
2021-07-14,AAPL,148.1,149.57,147.68,149.15,127050800,4.65,3.68,0.97,4.65,3.68,0.97,147.04,145.79,144.13,143.11,142.17,140.9,139.14,137.51,136.65,135.76,135.02,134.41,133.88,133.02,130.72,126.91,145.53,142.84,139.98,137.92,134.21,131.07,131.45,128.77,,144.65,140.96,138.08,147.51,145.06,142.38,148.29,147.74,145.91,0.41,0.3,82.38,87.93,90.26,87.66,82.61,82.36,129.48,147.52,12.05,17.68,12.82,15.45,19.51,-2.51,-1.99,96.96,88.73,113.41,97.49,90.9,110.69,68.85,149.62,126.22,16.96,0.98,144.82,117.32,20.98,1.16,3.29,2.57,2.42,3.85,5.85,7.23,144.28,134.0,149.57,128.46,139.01,287308600,101928780.0,91733710.0,84782515.0,1.5,79.85,169651799.07,128.89,0.34,66.11,47.04,6.18,100.0,8.0,92.0,145.58,147.52,149.41,143.69,141.75,142.93,3.51,2.41,3.93,148.8,148.62,148.89,70583777.78
2021-07-15,AAPL,149.24,150.0,147.09,148.48,106820300,4.81,3.91,0.9,4.81,3.91,0.9,147.76,146.69,145.09,144.08,143.14,141.85,140.03,138.32,137.41,136.46,135.68,135.02,134.46,133.53,131.07,127.12,146.58,143.99,140.97,138.84,134.99,131.49,131.7,128.99,,145.68,141.96,139.0,148.49,146.19,143.49,149.12,148.84,147.11,0.43,0.33,71.41,84.11,86.21,86.07,83.1,83.22,109.87,125.35,10.16,16.79,11.52,15.07,18.33,-8.84,-7.06,87.59,89.67,83.45,91.16,92.08,89.32,67.45,150.84,126.84,17.29,0.9,146.06,116.92,22.16,1.08,3.25,2.65,2.5,3.61,6.0,7.47,145.34,134.72,150.0,129.21,139.61,180488300,102177740.0,96089600.0,85532780.0,1.25,76.78,164879758.18,129.03,0.31,67.09,44.66,7.56,100.0,4.0,96.0,148.8,149.92,150.69,148.03,146.91,143.63,-0.67,-0.45,2.91,148.52,148.55,148.51,-4772040.89
2021-07-16,AAPL,148.46,149.76,145.88,146.39,93251400,4.72,4.07,0.65,4.72,4.07,0.65,147.08,146.59,145.38,144.5,143.64,142.41,140.64,138.92,137.99,137.02,136.2,135.51,134.92,133.95,131.37,127.31,146.83,144.91,141.83,139.57,135.75,131.85,131.92,129.2,,146.11,142.68,139.74,148.45,146.76,144.21,148.59,149.12,147.75,0.45,0.35,65.93,70.31,75.85,79.28,77.03,77.58,83.61,98.78,7.38,16.08,9.12,13.28,14.6,-21.68,-17.36,63.65,82.73,25.47,78.32,88.99,56.97,59.22,151.54,127.6,17.16,0.78,146.98,116.72,22.95,0.98,3.4,2.85,2.57,2.78,5.99,7.42,146.34,134.93,150.0,129.21,139.61,87236900,100849860.0,100166160.0,85359265.0,1.09,74.92,96142901.48,129.13,0.25,67.58,41.53,9.76,96.0,0.0,96.0,148.52,149.96,151.43,147.05,145.61,144.9,-2.09,-1.41,3.88,147.34,147.82,147.1,-68736856.7
2021-07-19,AAPL,143.75,144.07,141.67,142.45,121434600,4.27,4.11,0.16,4.27,4.11,0.16,144.76,145.21,144.73,144.13,143.46,142.42,140.81,139.18,138.28,137.32,136.51,135.82,135.22,134.23,131.59,127.46,146.42,145.16,142.46,140.17,136.3,132.11,132.09,129.37,,145.66,142.96,140.17,147.05,146.5,144.37,146.33,148.25,147.55,0.46,0.37,38.88,51.21,62.06,65.37,66.48,66.94,-1.53,36.11,4.01,11.86,2.49,7.67,11.99,-48.24,-36.32,19.08,56.77,-56.31,51.76,73.74,7.78,51.99,151.4,128.94,16.02,0.6,147.52,116.7,23.33,0.84,3.51,3.04,2.66,2.37,5.62,7.28,146.88,134.73,150.0,129.21,139.61,-34197700,109876840.0,104424360.0,85983330.0,1.41,66.86,53640791.48,129.24,0.26,66.05,35.81,19.07,92.0,0.0,92.0,147.34,148.81,151.22,144.93,143.46,150.0,-3.94,-2.69,4.72,142.73,142.87,142.66,-42502110.0
2021-07-20,AAPL,143.46,147.1,142.96,146.15,96350000,4.17,4.12,0.05,4.17,4.12,0.05,145.46,145.52,145.05,144.5,143.87,142.89,141.32,139.7,138.79,137.81,136.98,136.27,135.65,134.62,131.88,127.65,146.52,145.57,143.21,140.86,136.98,132.43,132.29,129.62,,145.85,143.53,140.81,147.19,146.93,144.96,146.41,148.44,148.01,0.46,0.39,55.48,54.19,66.97,68.12,72.6,71.62,42.1,64.57,6.47,12.01,4.13,9.82,13.85,-27.04,-18.52,58.74,47.15,81.9,72.96,67.68,83.53,53.38,151.75,129.97,15.46,0.74,148.33,116.52,24.02,0.93,3.75,3.22,2.8,2.1,5.45,7.22,147.75,134.88,150.0,131.62,140.81,62152300,108981420.0,103241180.0,86817665.0,1.11,67.77,105772192.44,129.33,0.25,64.52,37.79,18.01,88.0,0.0,88.0,142.73,143.79,145.13,141.39,140.33,149.83,3.7,2.6,4.65,145.4,145.03,145.59,52131400.97
2021-07-21,AAPL,145.53,146.13,144.63,145.4,74993500,3.98,4.1,-0.11,3.98,4.1,-0.11,145.43,145.48,145.12,144.66,144.11,143.2,141.71,140.12,139.21,138.23,137.39,136.66,136.03,134.98,132.15,127.83,145.77,145.65,143.82,141.43,137.6,132.8,132.47,129.86,,145.82,143.96,141.35,147.0,147.14,145.39,146.07,148.33,148.24,0.46,0.4,49.18,55.91,61.23,65.5,69.48,69.84,33.84,59.17,3.89,12.16,0.83,8.44,11.42,-32.3,-25.03,44.78,40.86,52.61,67.7,64.14,74.81,54.84,152.0,130.87,14.94,0.69,149.03,116.56,24.45,0.89,3.63,3.22,2.72,2.08,5.28,7.11,148.14,135.27,150.0,132.81,141.4,-12841200,98569960.0,100249370.0,86828160.0,0.86,62.54,107772019.11,129.41,0.21,62.09,35.76,18.01,84.0,4.0,80.0,145.4,147.85,149.54,143.71,141.26,149.67,-0.75,-0.51,1.52,145.39,145.38,145.39,1999826.67
2021-07-22,AAPL,145.94,148.2,145.81,146.8,77338200,3.9,4.06,-0.15,3.9,4.06,-0.15,146.11,145.92,145.5,145.05,144.52,143.65,142.19,140.62,139.7,138.71,137.85,137.1,136.45,135.36,132.44,128.02,145.44,146.01,144.48,142.09,138.26,133.21,132.67,130.05,,146.02,144.47,141.94,147.28,147.54,145.94,146.43,148.56,148.67,0.45,0.41,40.64,54.74,60.14,66.83,69.23,69.65,68.97,76.43,3.37,12.79,3.56,9.53,13.1,-26.12,-18.62,61.58,55.03,74.69,73.88,71.51,78.61,53.94,152.25,131.92,14.31,0.73,149.79,116.63,24.89,0.91,3.49,3.3,2.74,1.92,5.08,7.02,148.8,135.58,150.0,132.81,141.4,64497000,92673540.0,97425640.0,87684360.0,0.88,63.32,94504796.52,129.49,0.2,60.17,39.29,17.3,80.0,0.0,80.0,145.39,146.14,146.89,144.64,143.89,149.51,1.4,0.96,2.8,146.94,147.0,146.9,-13267222.59
2021-07-23,AAPL,147.55,148.72,146.92,148.56,71447400,3.94,4.03,-0.1,3.94,4.03,-0.1,147.34,146.8,146.18,145.69,145.14,144.26,142.8,141.2,140.27,139.25,138.37,137.6,136.93,135.8,132.76,128.22,145.87,146.35,145.23,142.84,139.0,133.73,132.92,130.29,,146.49,145.09,142.61,148.04,148.19,146.64,147.44,149.14,149.32,0.45,0.42,50.29,60.71,58.76,65.7,71.34,73.43,97.54,89.24,2.76,12.72,3.45,8.6,15.15,-14.5,-8.38,82.71,63.03,122.09,85.5,75.69,105.11,51.59,152.53,133.16,13.56,0.8,150.59,116.87,25.21,0.94,3.2,3.25,2.78,2.04,4.84,6.87,149.29,136.31,150.0,132.81,141.4,135944400,88312740.0,94581300.0,87821180.0,0.81,63.25,153250436.52,129.57,0.25,57.95,35.26,17.61,76.0,8.0,68.0,146.94,148.06,149.33,145.67,144.55,149.35,1.76,1.2,1.92,148.07,147.82,148.19,58745640.0
2021-07-26,AAPL,148.27,149.83,147.7,148.99,72434100,3.95,4.02,-0.06,3.95,4.02,-0.06,148.16,147.53,146.8,146.29,145.73,144.85,143.39,141.78,140.84,139.79,138.89,138.1,137.4,136.23,133.08,128.43,147.18,146.8,145.83,143.64,139.73,134.21,133.18,130.56,,146.97,145.67,143.25,148.7,148.8,147.32,148.26,149.68,149.93,0.45,0.43,60.85,59.18,63.15,63.53,72.28,72.43,105.67,96.92,4.01,14.2,4.49,6.97,15.88,-10.83,-5.88,87.88,77.39,108.84,89.17,82.85,101.82,52.26,152.54,134.74,12.39,0.8,151.41,117.01,25.64,0.93,3.09,3.17,2.8,2.08,4.45,6.74,149.73,137.05,150.0,133.35,141.68,208378500,78512640.0,94194740.0,87903700.0,0.82,62.39,168553415.39,129.66,0.28,54.78,31.5,18.03,72.0,4.0,68.0,148.07,149.21,149.87,147.41,146.27,141.67,0.43,0.29,2.13,148.84,148.76,148.88,15302978.87
2021-07-27,AAPL,149.12,149.21,145.55,146.77,104818600,3.74,3.96,-0.22,3.74,3.96,-0.22,147.47,147.28,146.8,146.38,145.89,145.09,143.71,142.15,141.22,140.18,139.27,138.47,137.77,136.57,133.35,128.61,147.3,146.91,146.15,144.24,140.27,134.6,133.44,130.82,,146.96,145.97,143.71,148.42,148.9,147.64,147.76,149.49,150.03,0.44,0.43,71.05,42.98,53.74,54.33,68.52,66.94,37.04,63.45,1.14,10.94,1.13,2.2,11.99,-34.62,-19.4,61.22,77.27,29.13,65.38,80.02,36.11,53.07,152.19,136.28,11.03,0.66,152.05,117.15,25.93,0.85,3.06,3.23,2.92,2.04,3.98,6.63,150.16,137.26,150.0,134.35,142.18,103559900,80206360.0,94593890.0,90039065.0,1.16,54.5,133613882.06,129.77,0.24,49.41,27.1,22.47,68.0,0.0,68.0,148.84,149.98,150.97,147.85,146.71,141.83,-2.22,-1.49,3.66,147.18,147.38,147.07,-34939533.33
2021-07-28,AAPL,144.81,146.97,142.54,144.98,118931200,3.39,3.85,-0.46,3.39,3.85,-0.46,146.22,146.51,146.39,146.12,145.75,145.08,143.83,142.36,141.46,140.45,139.55,138.76,138.05,136.85,133.58,128.77,147.22,146.5,146.17,144.67,140.78,134.97,133.64,131.06,,146.61,146.04,144.01,147.59,148.63,147.7,146.58,148.82,149.75,0.43,0.43,42.99,40.32,51.03,53.36,63.78,64.37,-63.84,7.66,0.33,8.21,-4.17,1.74,8.65,-60.26,-32.08,40.56,63.22,-4.75,39.74,64.76,-10.32,57.59,151.7,137.64,9.72,0.52,152.49,117.45,25.97,0.79,3.02,3.26,3.03,1.96,3.51,6.36,150.36,137.3,150.0,135.76,142.88,-15371300,88993900.0,93781930.0,92757820.0,1.28,53.9,145694929.46,129.88,0.21,45.4,26.78,24.44,64.0,0.0,64.0,147.18,148.8,150.84,145.14,143.52,141.99,-1.79,-1.22,4.43,144.83,144.76,144.87,12081047.4
2021-07-29,AAPL,144.69,146.55,144.58,145.64,56699500,3.13,3.7,-0.57,3.13,3.7,-0.57,145.93,146.22,146.22,146.03,145.74,145.15,144.0,142.6,141.73,140.74,139.85,139.06,138.35,137.14,133.82,128.94,146.99,146.21,146.33,145.1,141.3,135.39,133.94,131.35,,146.45,146.14,144.32,147.16,148.5,147.82,146.06,148.4,149.6,0.41,0.42,51.45,47.75,50.0,51.07,62.89,65.43,-37.32,18.32,0.0,8.93,-2.84,0.53,8.68,-52.34,-30.62,48.65,50.15,45.66,47.66,50.93,41.13,53.91,151.13,139.08,8.3,0.54,152.92,117.86,25.9,0.79,2.63,3.19,3.02,1.84,3.01,6.1,150.38,137.62,150.0,135.76,142.88,41328200,84866160.0,88769850.0,92429725.0,0.61,52.4,150012150.27,129.93,0.19,40.98,23.84,25.01,60.0,8.0,52.0,144.83,147.12,149.26,142.69,140.4,142.15,0.66,0.46,1.97,145.59,145.56,145.6,4317220.81
2021-07-30,AAPL,144.38,146.33,144.11,145.86,70440600,2.91,3.55,-0.64,2.91,3.55,-0.64,145.9,146.1,146.14,146.0,145.75,145.24,144.18,142.84,142.0,141.02,140.14,139.35,138.64,137.42,134.06,129.11,146.45,146.16,146.38,145.53,141.77,135.81,134.24,131.6,,146.39,146.21,144.62,146.9,148.41,147.94,145.81,148.08,149.47,0.39,0.42,43.36,63.19,41.62,52.8,62.46,66.12,-46.84,1.7,-2.21,9.33,-0.53,1.36,8.59,-49.7,-29.07,45.54,44.92,46.79,50.3,45.9,59.1,56.41,150.3,140.77,6.55,0.53,153.31,118.31,25.77,0.79,2.73,3.18,3.05,1.85,2.38,5.88,150.55,137.81,150.0,137.75,143.88,111768800,84664800.0,86488770.0,93327465.0,0.75,46.79,190626550.27,130.0,0.19,36.17,22.39,26.12,56.0,4.0,52.0,145.59,146.6,147.56,144.63,143.62,142.3,0.22,0.15,2.22,145.43,145.22,145.54,40614400.0
2021-08-02,AAPL,146.36,146.95,145.25,145.52,62880000,2.68,3.37,-0.7,2.68,3.37,-0.7,145.71,145.91,146.01,145.92,145.72,145.27,144.31,143.04,142.23,141.27,140.4,139.62,138.91,137.69,134.28,129.27,145.75,146.47,146.45,145.81,142.27,136.17,134.5,131.85,,146.27,146.21,144.86,146.58,148.25,147.99,145.49,147.69,149.27,0.37,0.41,23.14,46.71,42.33,49.74,61.54,64.05,-27.03,7.87,-1.99,9.32,3.07,-0.12,5.56,-53.78,-36.57,40.88,45.02,32.59,46.22,48.06,42.54,54.09,149.79,141.83,5.46,0.46,153.71,118.64,25.75,0.77,2.58,3.03,3.06,1.35,1.99,5.51,150.37,138.24,150.0,140.07,145.04,48888800,82753980.0,80633310.0,92528835.0,0.68,45.19,147720197.33,130.06,0.13,31.61,22.29,27.43,52.0,0.0,52.0,145.43,146.76,147.65,144.54,143.21,142.45,-0.34,-0.23,1.7,145.91,146.1,145.81,-42906352.94
2021-08-03,AAPL,145.81,148.04,145.18,147.36,64786600,2.61,3.22,-0.61,2.61,3.22,-0.61,146.53,146.39,146.31,146.18,145.97,145.53,144.6,143.36,142.56,141.61,140.74,139.96,139.24,138.01,134.54,129.45,145.87,146.59,146.57,146.08,142.77,136.61,134.79,132.11,,146.44,146.35,145.19,146.93,148.43,148.26,146.12,147.82,149.4,0.35,0.4,38.47,59.19,52.55,45.9,60.61,64.32,25.32,40.0,0.66,9.33,1.21,-1.79,5.34,-31.69,-26.59,66.12,50.85,96.66,68.31,54.94,95.04,53.41,149.69,142.47,4.94,0.68,154.15,119.08,25.67,0.81,2.71,2.95,3.07,1.37,1.81,5.25,150.51,138.69,150.0,140.67,145.33,113675400,74747580.0,77476970.0,90359075.0,0.72,42.24,181699183.35,130.12,0.13,27.26,20.4,28.14,48.0,0.0,48.0,145.91,146.56,147.61,144.86,144.21,142.6,1.84,1.26,2.86,146.86,146.61,146.99,33978986.01
2021-08-04,AAPL,147.27,147.79,146.28,146.95,56368300,2.49,3.07,-0.58,2.49,3.07,-0.58,146.74,146.58,146.45,146.32,146.12,145.71,144.82,143.63,142.84,141.91,141.05,140.26,139.55,138.3,134.79,129.63,146.27,146.74,146.42,146.2,143.2,137.01,135.12,132.37,,146.5,146.44,145.46,147.05,148.49,148.44,146.37,147.79,149.41,0.34,0.39,51.71,50.78,64.5,46.45,57.42,63.05,41.63,40.76,3.16,7.79,1.55,-1.53,2.38,-35.29,-32.69,60.49,55.83,69.82,64.71,59.74,74.63,52.55,149.75,142.64,4.87,0.61,154.56,119.46,25.62,0.78,2.62,2.85,2.99,1.31,1.78,5.03,150.53,139.11,150.0,140.67,145.33,57307100,62235000.0,75614450.0,87931910.0,0.64,49.13,175353083.35,130.18,0.09,23.14,21.12,27.65,44.0,0.0,44.0,146.86,148.54,149.72,145.68,144.0,142.75,-0.41,-0.28,1.51,147.01,147.04,146.99,-6346100.0
2021-08-05,AAPL,146.98,147.84,146.17,147.06,46397700,2.38,2.94,-0.55,2.38,2.94,-0.55,146.9,146.74,146.58,146.45,146.27,145.88,145.04,143.88,143.11,142.19,141.34,140.56,139.84,138.59,135.03,129.8,146.55,146.77,146.33,146.39,143.65,137.41,135.47,132.6,,146.56,146.52,145.71,147.16,148.55,148.61,146.59,147.77,149.41,0.32,0.37,79.05,40.65,53.81,51.71,54.04,62.85,44.64,34.52,0.62,7.37,0.26,0.67,3.82,-33.95,-31.51,62.0,62.87,60.27,66.05,66.36,65.45,56.19,149.68,143.1,4.49,0.6,154.95,119.88,25.52,0.78,2.34,2.7,2.93,1.31,1.64,4.74,150.43,139.64,150.0,141.67,145.83,103704800,60174640.0,72520400.0,84973020.0,0.55,55.52,178409219.27,130.23,0.06,19.3,22.35,26.35,40.0,4.0,36.0,147.01,147.73,148.52,146.22,145.5,142.89,0.11,0.07,1.67,147.02,147.0,147.03,3056135.93
2021-08-06,AAPL,146.35,147.11,145.63,146.14,54126800,2.2,2.79,-0.59,2.2,2.79,-0.59,146.52,146.54,146.49,146.4,146.25,145.91,145.14,144.05,143.31,142.41,141.57,140.8,140.09,138.83,135.25,129.96,146.61,146.53,146.31,146.44,144.07,137.8,135.86,132.8,,146.45,146.5,145.87,146.93,148.41,148.63,146.32,147.5,149.22,0.3,0.36,56.51,33.25,53.06,61.15,54.77,58.51,-13.5,-7.62,0.51,6.46,-2.42,3.69,1.03,-50.62,-46.34,53.97,58.82,44.27,49.38,60.05,28.05,56.15,149.68,143.2,4.42,0.45,155.23,120.37,25.3,0.74,1.92,2.47,2.81,1.16,1.62,4.35,150.07,140.21,150.0,141.67,145.83,49578000,56911880.0,70788340.0,82684820.0,0.65,58.99,161586024.68,130.28,0.01,18.17,24.45,18.19,36.0,0.0,36.0,147.02,147.88,148.69,146.21,145.35,143.03,-0.92,-0.63,1.48,146.29,146.37,146.26,-16823194.59
2021-08-09,AAPL,146.2,146.7,145.52,146.09,48908700,2.02,2.63,-0.61,2.02,2.63,-0.61,146.31,146.39,146.4,146.34,146.22,145.93,145.23,144.2,143.49,142.62,141.79,141.03,140.32,139.07,135.47,130.12,146.72,146.24,146.55,146.52,144.5,138.22,136.21,133.02,,146.37,146.46,146.0,146.73,148.27,148.64,146.11,147.24,149.03,0.28,0.34,53.13,44.64,46.7,49.77,51.72,55.93,-32.38,-22.19,-0.48,4.38,-2.9,-0.06,1.59,-51.3,-46.94,64.55,60.17,73.29,48.7,54.71,36.67,54.69,149.63,143.41,4.25,0.43,155.42,121.01,24.89,0.73,1.8,2.22,2.73,0.77,1.56,3.84,149.67,140.8,150.0,141.67,145.83,669300,54117620.0,68435800.0,81315270.0,0.6,52.06,159928102.65,130.32,0.04,16.23,17.42,20.58,32.0,0.0,32.0,146.29,146.96,147.77,145.48,144.81,143.16,-0.05,-0.03,1.18,146.1,146.11,146.1,-1657922.03
2021-08-10,AAPL,146.44,147.71,145.3,145.6,69023100,1.82,2.47,-0.65,1.82,2.47,-0.65,145.95,146.13,146.22,146.21,146.13,145.89,145.27,144.3,143.62,142.78,141.98,141.23,140.53,139.29,135.67,130.28,146.37,146.12,146.51,146.52,144.86,138.63,136.52,133.27,,146.25,146.37,146.07,146.42,148.05,148.57,145.76,146.88,148.74,0.27,0.33,51.05,56.15,34.39,50.79,51.93,51.6,-31.3,-18.77,-1.99,2.52,-1.17,0.2,-0.04,-58.02,-52.82,37.91,52.14,9.45,41.98,46.68,32.56,46.67,149.63,143.4,4.25,0.35,155.51,121.76,24.34,0.71,1.83,2.28,2.73,0.77,1.56,3.37,149.83,140.7,150.0,141.67,145.83,-68353800,54964920.0,64856250.0,79725070.0,0.87,59.42,108089176.92,130.39,0.01,13.89,20.1,20.01,28.0,0.0,28.0,146.1,146.69,147.28,145.51,144.92,143.3,-0.49,-0.34,2.41,146.2,146.5,146.05,-51838925.73
2021-08-11,AAPL,146.05,146.72,145.53,145.86,48493500,1.67,2.31,-0.65,1.67,2.31,-0.65,145.91,146.04,146.14,146.14,146.09,145.89,145.32,144.42,143.77,142.95,142.17,141.43,140.74,139.5,135.87,130.43,146.15,146.21,146.55,146.35,145.18,139.07,136.84,133.53,,146.2,146.31,146.13,146.26,147.89,148.53,145.65,146.64,148.52,0.25,0.31,16.52,52.37,33.19,45.91,50.4,54.2,-39.31,-22.49,-2.1,0.89,0.88,-0.94,-3.29,-54.46,-49.7,44.53,49.0,35.6,45.54,45.4,45.82,47.54,149.22,143.49,3.92,0.41,155.54,122.6,23.69,0.71,1.76,2.17,2.61,0.67,1.43,2.96,149.66,140.99,150.0,141.67,145.83,-19860300,53389960.0,57812480.0,75797205.0,0.64,53.05,86491231.54,130.43,-0.05,12.47,14.34,21.07,24.0,4.0,20.0,146.2,147.11,148.61,144.7,143.79,143.43,0.26,0.18,1.19,146.04,146.12,145.99,-21597945.38
2021-08-12,AAPL,146.19,149.05,145.84,148.89,72282600,1.77,2.2,-0.44,1.77,2.2,-0.44,147.4,146.99,146.75,146.64,146.52,146.26,145.66,144.75,144.1,143.28,142.5,141.75,141.06,139.81,136.13,130.61,146.52,146.53,146.68,146.37,145.58,139.54,137.24,133.78,,146.69,146.55,146.37,147.15,148.3,148.86,146.97,147.22,148.85,0.23,0.3,69.96,70.34,60.47,51.29,49.52,55.84,114.76,104.93,1.44,3.94,3.25,0.33,0.41,-12.89,-13.33,95.87,59.44,168.72,87.11,58.21,144.9,51.36,149.31,143.44,4.01,0.93,155.74,123.35,23.21,0.79,1.81,2.26,2.57,1.05,1.47,2.6,150.18,141.15,149.83,141.67,145.75,52422300,58566940.0,59370790.0,74070320.0,0.98,53.09,151568089.49,130.5,-0.01,10.22,19.48,20.21,20.0,0.0,20.0,146.04,146.54,147.23,145.35,144.85,143.55,3.03,2.08,3.21,147.93,147.44,148.17,65076857.94
2021-08-13,AAPL,148.97,149.44,148.27,149.1,59375000,1.84,2.13,-0.29,1.84,2.13,-0.29,148.25,147.69,147.27,147.09,146.91,146.62,145.99,145.07,144.42,143.61,142.82,142.07,141.37,140.11,136.38,130.8,147.11,146.86,146.72,146.51,145.97,140.05,137.65,134.05,,147.16,146.81,146.6,147.87,148.67,149.18,147.94,147.73,149.17,0.22,0.28,70.56,74.45,74.12,50.44,51.16,57.2,194.51,153.56,2.84,2.75,3.24,0.11,2.71,-4.93,-8.95,92.02,77.47,121.11,95.07,75.91,133.4,52.91,149.69,143.33,4.34,0.91,155.79,124.32,22.48,0.79,1.76,2.19,2.49,1.29,1.59,2.15,150.37,141.61,149.83,141.67,145.75,111797300,59616580.0,58264230.0,72376500.0,0.82,52.43,176434542.48,130.57,0.06,8.85,17.74,20.84,16.0,24.0,-8.0,147.93,150.01,151.14,146.8,144.72,143.68,0.21,0.14,1.17,148.94,148.86,148.98,24866452.99
2021-08-16,AAPL,148.54,151.19,146.47,151.12,103296000,2.04,2.11,-0.07,2.04,2.11,-0.07,149.68,148.83,148.13,147.82,147.56,147.18,146.48,145.52,144.85,144.02,143.22,142.47,141.76,140.48,136.68,131.0,148.11,147.42,146.86,146.94,146.35,140.56,138.05,134.36,,147.93,147.25,146.93,149.06,149.34,149.71,149.5,148.67,149.79,0.22,0.27,91.09,75.07,77.68,67.61,58.91,58.35,188.55,177.25,3.76,4.58,5.6,4.35,8.67,-0.81,-0.74,98.81,95.57,105.3,99.19,93.79,109.99,63.72,150.16,143.73,4.37,1.15,156.06,125.06,22.06,0.84,2.19,2.27,2.53,1.77,1.61,2.04,151.01,141.95,151.19,142.54,146.86,215093300,70494040.0,62305830.0,71469570.0,1.45,63.72,276666678.07,130.68,0.16,8.56,17.15,19.04,100.0,20.0,80.0,148.94,149.6,150.11,148.43,147.77,143.8,2.02,1.35,4.72,149.59,148.83,149.98,100232135.59
2021-08-17,AAPL,150.23,151.68,149.09,150.19,92229700,2.1,2.11,-0.01,2.1,2.11,-0.01,149.94,149.29,148.59,148.25,147.97,147.56,146.83,145.87,145.2,144.37,143.56,142.8,142.09,140.79,136.94,131.19,149.03,147.7,147.09,147.14,146.62,141.04,138.46,134.65,,148.44,147.56,147.18,149.62,149.75,150.06,150.08,149.17,150.14,0.21,0.26,79.54,70.2,70.41,72.67,66.44,51.72,179.03,187.91,2.97,3.12,2.83,5.21,4.04,-19.68,-16.3,76.65,89.16,51.62,80.32,91.53,57.9,62.86,150.64,143.65,4.76,0.94,156.19,125.9,21.47,0.8,2.35,2.13,2.43,1.97,1.75,1.99,151.1,142.56,151.68,142.54,147.11,122863600,75135360.0,65050140.0,71263555.0,1.29,75.72,262778808.19,130.78,0.11,10.54,19.85,10.14,100.0,16.0,84.0,149.59,152.72,154.31,148.0,144.87,144.1,-0.93,-0.62,2.59,150.32,150.38,150.29,-13887869.88
2021-08-18,AAPL,149.8,150.72,146.15,146.36,86326000,1.82,2.05,-0.24,1.82,2.05,-0.24,148.15,148.31,148.09,147.91,147.72,147.41,146.79,145.9,145.27,144.48,143.7,142.96,142.25,140.98,137.13,131.34,149.13,147.64,147.18,147.19,146.68,141.44,138.78,134.9,,148.19,147.49,147.16,148.74,149.38,149.89,148.69,148.58,149.74,0.21,0.25,53.7,47.02,52.98,52.46,50.44,46.83,28.16,34.98,0.58,-1.87,-0.59,0.72,0.96,-70.28,-58.21,16.61,64.02,-78.2,29.72,69.74,-50.32,52.69,150.62,143.77,4.65,0.38,156.08,126.8,20.7,0.67,2.84,2.32,2.42,2.01,1.71,1.95,151.43,142.15,151.68,142.54,147.11,36537600,82701860.0,68045910.0,71830180.0,1.2,67.26,184386488.71,130.87,0.05,10.4,18.26,18.38,96.0,12.0,84.0,150.32,151.55,152.91,148.96,147.73,144.55,-3.83,-2.55,4.57,147.74,148.44,147.4,-78392319.47
2021-08-19,AAPL,145.03,148.0,144.5,146.7,86960300,1.6,1.96,-0.36,1.6,1.96,-0.36,147.42,147.77,147.78,147.69,147.56,147.32,146.78,145.96,145.36,144.6,143.85,143.12,142.43,141.16,137.32,131.5,148.69,147.6,147.25,147.19,146.79,141.83,139.11,135.16,,148.02,147.44,147.16,148.19,149.12,149.77,147.87,148.16,149.43,0.2,0.24,54.05,52.51,47.38,52.84,52.79,50.49,-53.37,-40.76,-0.45,-1.2,-0.36,0.84,-0.1,-69.36,-54.49,30.64,41.3,9.32,30.64,46.89,-1.86,56.31,150.61,143.76,4.66,0.43,155.94,127.71,19.91,0.67,2.99,2.41,2.52,2.02,1.71,1.84,151.6,141.96,151.68,142.54,147.11,123497900,85637400.0,72102170.0,72311285.0,1.2,66.07,206747708.71,130.94,0.08,10.51,17.57,21.18,92.0,8.0,84.0,147.74,149.34,152.31,144.77,143.17,151.68,0.34,0.23,3.5,146.4,146.25,146.48,22361220.0
2021-08-20,AAPL,147.44,148.5,146.78,148.19,60549600,1.53,1.87,-0.34,1.53,1.87,-0.34,147.81,147.91,147.87,147.78,147.66,147.43,146.91,146.13,145.55,144.8,144.06,143.34,142.65,141.39,137.53,131.66,148.51,147.81,147.41,147.17,146.9,142.27,139.47,135.44,,148.13,147.54,147.25,148.27,149.15,149.84,147.99,148.19,149.42,0.19,0.23,46.03,58.33,54.53,58.38,52.98,59.83,22.89,41.65,0.84,1.23,2.05,2.67,-0.37,-48.61,-38.18,51.39,32.88,88.41,51.39,37.25,79.67,59.52,150.57,143.77,4.62,0.65,155.75,128.79,18.94,0.72,3.08,2.42,2.47,1.96,1.7,1.83,151.75,142.08,151.68,142.54,147.11,184047500,85872320.0,72744450.0,71766395.0,0.84,66.01,245471290.11,131.0,0.06,10.51,17.16,21.12,88.0,4.0,84.0,146.4,148.3,149.9,144.8,142.9,151.54,1.49,1.02,1.8,147.82,147.64,147.92,38723581.4
2021-08-23,AAPL,148.31,150.19,147.89,149.71,60131800,1.58,1.82,-0.23,1.58,1.82,-0.23,148.76,148.51,148.28,148.13,147.97,147.71,147.18,146.39,145.82,145.07,144.33,143.62,142.93,141.67,137.78,131.84,148.23,148.17,147.69,147.2,147.07,142.72,139.87,135.72,,148.47,147.78,147.44,148.82,149.45,150.08,148.75,148.6,149.66,0.18,0.22,53.01,65.08,58.78,57.53,52.49,56.59,92.76,120.94,1.8,5.1,3.62,2.35,0.72,-27.44,-21.55,72.56,51.53,114.62,72.56,51.53,114.62,57.5,150.7,143.71,4.75,0.86,155.64,129.79,18.12,0.77,2.95,2.38,2.49,1.94,1.75,1.84,151.94,142.42,151.68,142.54,147.11,244179300,77239480.0,73866760.0,71151280.0,0.85,65.88,280504599.67,131.06,0.08,9.77,19.25,21.47,84.0,0.0,84.0,147.82,148.87,149.54,147.15,146.1,151.4,1.52,1.03,2.3,149.26,149.04,149.38,35033309.57
2021-08-24,AAPL,149.45,150.86,149.15,149.62,48606400,1.6,1.77,-0.18,1.6,1.77,-0.18,149.19,148.88,148.58,148.4,148.23,147.95,147.41,146.63,146.06,145.33,144.59,143.88,143.19,141.93,138.01,132.02,148.12,148.57,147.84,147.35,147.2,143.1,140.29,135.98,,148.74,148.01,147.6,149.18,149.67,150.28,149.21,148.91,149.85,0.17,0.21,40.85,63.97,62.2,58.73,51.38,58.0,106.77,130.11,2.38,2.37,4.02,2.67,2.85,-28.69,-22.54,71.31,65.09,83.75,71.31,65.09,83.75,55.34,151.0,143.7,4.95,0.81,155.68,130.52,17.58,0.76,3.03,2.39,2.47,1.76,1.82,1.88,152.2,142.63,151.68,142.54,147.11,195572900,68514820.0,71825090.0,68340670.0,0.71,65.64,258617507.27,131.11,0.09,8.84,21.13,21.34,80.0,24.0,56.0,149.26,150.64,151.56,148.34,146.96,151.26,-0.09,-0.06,1.71,149.88,150.0,149.81,-21887092.4
2021-08-25,AAPL,149.81,150.32,147.8,148.36,58991300,1.49,1.72,-0.23,1.49,1.72,-0.23,148.77,148.71,148.53,148.39,148.25,148.0,147.5,146.76,146.21,145.49,144.78,144.07,143.4,142.14,138.21,132.18,148.52,148.82,147.93,147.52,147.18,143.47,140.69,136.21,,148.7,148.1,147.67,149.03,149.63,150.3,148.93,148.82,149.76,0.17,0.2,39.27,47.73,57.34,53.95,53.65,52.97,44.8,69.19,1.55,2.04,2.5,1.3,3.38,-46.24,-36.32,53.76,65.88,29.53,53.76,65.88,29.53,46.25,151.01,144.02,4.74,0.62,155.52,131.43,16.79,0.7,2.71,2.45,2.41,1.48,1.75,1.85,152.41,142.6,151.68,144.11,147.9,136581600,63047880.0,72874870.0,65343675.0,0.9,59.87,225844562.83,131.17,0.06,8.86,20.61,24.43,76.0,20.0,56.0,149.88,150.6,151.59,148.89,148.17,151.12,-1.26,-0.84,2.52,148.83,149.06,148.71,-32772944.44
2021-08-26,AAPL,148.35,149.12,147.51,147.54,48597200,1.32,1.64,-0.32,1.32,1.64,-0.32,148.16,148.32,148.31,148.24,148.14,147.94,147.51,146.82,146.3,145.61,144.91,144.22,143.56,142.32,138.4,132.33,148.68,148.69,147.96,147.61,147.14,143.82,141.07,136.42,,148.46,148.11,147.7,148.63,149.43,150.2,148.35,148.52,149.53,0.16,0.19,60.69,43.66,56.14,54.28,56.14,47.98,-1.27,25.23,1.33,0.5,-1.35,1.4,1.9,-57.66,-54.69,42.34,55.8,15.41,42.34,55.8,15.41,43.87,150.99,144.23,4.58,0.49,155.29,132.36,15.94,0.66,2.57,2.46,2.28,1.54,1.69,1.84,152.43,142.58,151.68,144.11,147.9,87984400,55375260.0,70506330.0,64938560.0,0.75,60.18,179058438.61,131.22,0.02,8.31,20.53,23.61,72.0,16.0,56.0,148.83,149.85,151.35,147.33,146.31,150.99,-0.82,-0.55,1.61,148.06,148.32,147.93,-46786124.22
2021-08-27,AAPL,147.48,148.75,146.83,148.6,55802400,1.26,1.56,-0.3,1.26,1.56,-0.3,148.38,148.41,148.37,148.3,148.21,148.03,147.61,146.95,146.44,145.77,145.09,144.41,143.76,142.52,138.6,132.5,148.77,148.64,148.13,147.75,147.22,144.16,141.49,136.63,,148.45,148.2,147.79,148.68,149.45,150.24,148.44,148.54,149.5,0.15,0.18,65.22,38.89,58.25,57.23,56.97,49.25,-9.89,19.97,1.88,0.03,-0.5,2.51,2.74,-42.9,-40.69,57.1,51.07,69.17,57.1,51.07,69.17,53.96,151.05,144.44,4.48,0.63,155.16,133.16,15.26,0.7,2.19,2.52,2.28,1.53,1.65,1.85,152.64,142.58,151.68,144.5,148.09,143786800,54425820.0,70149070.0,64206650.0,0.87,65.56,226141713.61,131.27,0.03,8.46,20.1,24.73,68.0,12.0,56.0,148.06,148.6,149.67,146.99,146.45,150.86,1.06,0.72,1.92,148.06,147.79,148.2,47083275.0
2021-08-30,AAPL,149.0,153.49,148.61,153.12,90956700,1.56,1.56,-0.0,1.56,1.56,-0.0,150.75,149.98,149.43,149.18,148.97,148.66,148.13,147.41,146.87,146.18,145.48,144.79,144.12,142.87,138.89,132.7,149.45,148.84,148.6,148.13,147.57,144.61,141.94,136.85,,149.26,148.71,148.17,150.2,150.27,150.83,150.53,149.72,150.29,0.15,0.18,76.59,59.81,61.69,67.59,64.21,61.25,176.69,197.15,2.84,2.77,2.0,7.52,7.6,-4.12,-4.12,95.88,65.11,157.43,95.88,65.11,157.43,61.89,152.05,144.21,5.29,1.14,155.17,134.06,14.6,0.9,2.39,2.69,2.41,1.96,1.96,1.93,153.52,142.75,153.49,144.5,149.0,234743500,60590800.0,68915140.0,65610485.0,1.39,66.45,303305799.26,131.37,0.12,9.21,28.67,23.1,100.0,8.0,92.0,148.06,149.29,149.98,147.37,146.14,144.5,4.52,3.04,4.89,151.74,151.05,152.08,77164085.66
2021-08-31,AAPL,152.66,152.8,151.29,151.83,86453100,1.67,1.58,0.09,1.67,1.58,0.09,151.29,150.6,149.96,149.66,149.41,149.06,148.49,147.73,147.19,146.5,145.79,145.1,144.43,143.16,139.15,132.89,149.89,149.0,149.01,148.35,147.76,145.0,142.37,137.04,,149.81,149.07,148.45,150.89,150.74,151.19,151.33,150.34,150.73,0.15,0.17,61.73,72.07,57.12,63.32,61.91,62.36,160.46,171.33,1.83,3.45,1.64,5.97,4.47,-18.46,-18.46,81.54,78.17,88.26,81.54,78.17,88.26,58.39,152.58,144.12,5.7,0.91,155.14,134.87,13.98,0.84,2.4,2.74,2.41,2.15,2.12,2.06,153.96,143.01,153.49,144.5,149.0,148290400,68160140.0,68337480.0,66693810.0,1.3,72.49,278686704.56,131.47,0.07,8.62,28.2,22.72,96.0,4.0,92.0,151.74,154.87,156.62,149.99,146.86,144.68,-1.29,-0.84,1.83,151.97,152.05,151.94,-24619094.7
2021-09-01,AAPL,152.83,154.98,152.34,152.51,80313700,1.8,1.63,0.17,1.8,1.63,0.17,151.9,151.24,150.53,150.18,149.88,149.49,148.87,148.09,147.54,146.83,146.12,145.42,144.74,143.47,139.41,133.09,150.72,149.62,149.46,148.63,148.0,145.37,142.8,137.26,,150.44,149.46,148.75,151.61,151.26,151.6,152.14,151.02,151.22,0.15,0.17,65.01,72.82,53.9,59.02,60.17,62.39,175.46,188.39,0.92,5.19,6.15,3.62,5.56,-23.57,-23.57,69.88,82.43,44.77,76.43,84.62,60.06,51.0,153.19,144.07,6.14,0.93,155.21,135.53,13.54,0.86,2.52,2.73,2.43,2.19,2.28,2.18,154.34,143.4,154.98,144.5,149.74,228604100,72424620.0,67736250.0,67891080.0,1.18,72.79,208716435.62,131.57,0.02,9.21,27.85,22.75,100.0,0.0,100.0,151.97,152.66,153.48,151.15,150.46,144.86,0.68,0.45,3.15,153.28,153.66,153.08,-69970268.94
2021-09-02,AAPL,153.87,154.72,152.4,153.65,71115500,1.96,1.69,0.27,1.96,1.69,0.27,152.77,152.04,151.22,150.81,150.46,150.01,149.33,148.5,147.93,147.21,146.49,145.78,145.09,143.8,139.69,133.29,151.94,150.31,149.77,148.96,148.23,145.77,143.24,137.45,,151.18,149.94,149.12,152.5,151.9,152.1,153.14,151.85,151.85,0.16,0.16,77.81,72.05,59.59,60.84,62.85,63.6,146.07,169.38,2.3,5.5,6.95,4.55,6.59,-12.69,-12.69,83.68,78.36,94.31,87.31,81.76,98.41,52.33,153.97,143.95,6.73,0.97,155.29,136.25,13.06,0.91,2.61,2.82,2.46,2.26,2.51,2.4,154.96,143.69,154.98,144.5,149.74,299719600,76928280.0,66151770.0,69126970.0,1.03,73.15,214234017.52,131.65,0.03,9.22,26.05,22.09,96.0,4.0,92.0,153.28,154.21,155.92,151.57,150.64,145.26,1.14,0.75,2.32,153.59,153.56,153.61,5517581.9
2021-09-03,AAPL,153.76,154.63,153.09,154.3,57808700,2.12,1.78,0.34,2.12,1.78,0.34,153.54,152.79,151.91,151.45,151.05,150.55,149.8,148.93,148.34,147.6,146.87,146.15,145.45,144.15,139.98,133.5,153.08,150.92,150.12,149.37,148.42,146.19,143.71,137.67,,151.9,150.45,149.51,153.34,152.55,152.62,154.04,152.67,152.5,0.16,0.16,86.19,69.94,76.72,58.1,63.61,65.16,126.78,156.71,5.42,5.79,6.11,3.18,8.16,-6.49,-6.49,91.66,81.74,111.49,93.51,85.75,109.03,55.03,154.73,144.0,7.18,0.96,155.32,137.06,12.49,0.94,2.47,2.59,2.46,2.44,2.68,2.64,154.98,144.62,154.98,144.5,149.74,357528300,77329540.0,65877680.0,69311065.0,0.83,71.96,247267560.37,131.72,0.06,10.25,28.33,19.06,92.0,0.0,92.0,153.59,154.78,155.91,152.46,151.27,145.65,0.65,0.42,1.54,154.01,153.86,154.08,33033542.86
2021-09-07,AAPL,154.97,157.26,154.39,156.69,82278300,2.42,1.91,0.51,2.42,1.91,0.51,155.11,154.09,152.97,152.4,151.92,151.31,150.46,149.5,148.88,148.11,147.35,146.61,145.89,144.56,140.31,133.73,153.8,151.62,150.49,149.9,148.68,146.66,144.2,137.89,,152.95,151.15,150.04,154.73,153.54,153.39,155.66,153.95,153.49,0.17,0.17,87.91,75.6,79.54,65.42,68.79,65.81,147.57,186.66,6.81,7.68,6.98,6.5,10.6,-4.47,-4.47,94.53,89.96,103.69,95.53,92.12,102.36,60.9,155.95,143.85,8.07,1.06,155.47,137.86,12.01,1.07,2.66,2.62,2.53,2.99,3.03,3.04,155.69,145.22,157.26,144.5,150.88,439806600,75593860.0,68092330.0,70979545.0,1.16,71.77,296863887.55,131.83,0.1,9.97,33.89,18.87,100.0,52.0,48.0,154.01,154.92,155.55,153.38,152.47,146.02,2.39,1.55,2.96,156.11,155.82,156.26,49596327.18
2021-09-08,AAPL,156.98,157.04,153.98,155.11,74420200,2.49,2.02,0.47,2.49,2.02,0.47,155.11,154.43,153.45,152.89,152.41,151.79,150.9,149.92,149.28,148.5,147.73,146.98,146.26,144.9,140.6,133.94,154.45,152.17,150.82,150.37,148.96,147.07,144.61,138.1,,153.59,151.64,150.46,155.2,154.09,153.88,155.95,154.56,154.05,0.19,0.17,62.87,73.89,70.35,73.23,65.24,63.3,107.48,140.04,4.67,5.26,5.49,8.75,9.51,-16.85,-16.85,79.39,88.53,61.11,83.15,90.73,67.99,58.13,156.5,144.25,8.14,0.89,155.5,138.63,11.47,0.98,2.82,2.51,2.62,3.08,3.06,3.24,155.91,145.88,157.26,144.5,150.88,365386400,73187280.0,70673710.0,71249400.0,1.04,72.35,277407626.11,131.93,0.12,13.36,35.35,12.48,96.0,48.0,48.0,156.11,157.84,158.98,154.97,153.24,146.7,-1.58,-1.01,3.06,155.38,155.51,155.31,-19456261.44
2021-09-09,AAPL,155.49,156.11,153.95,154.07,57305700,2.44,2.11,0.33,2.44,2.11,0.33,154.59,154.31,153.58,153.11,152.67,152.07,151.2,150.23,149.59,148.81,148.04,147.29,146.56,145.21,140.87,134.14,154.76,152.74,151.33,150.78,149.26,147.42,145.02,138.29,133.04,153.93,151.99,150.79,155.17,154.36,154.18,155.58,154.76,154.33,0.19,0.18,64.97,72.75,63.2,68.87,64.05,61.09,80.9,106.0,2.91,4.85,5.71,7.37,8.21,-30.44,-25.0,69.42,81.11,46.02,69.56,82.75,43.19,47.35,156.73,144.84,7.89,0.78,155.5,139.35,10.96,0.91,2.43,2.41,2.61,2.82,2.97,3.28,156.02,146.38,157.26,144.5,150.88,308080700,68585680.0,70505150.0,71690010.0,0.8,74.33,226469226.11,132.0,0.1,17.24,36.75,8.17,92.0,44.0,48.0,155.38,156.77,158.44,153.71,152.32,147.33,-1.04,-0.67,2.16,154.71,155.03,154.55,-50938400.0
2021-09-10,AAPL,155.0,155.48,148.7,148.97,140893200,1.96,2.08,-0.11,1.96,2.08,-0.11,151.78,152.53,152.56,152.35,152.1,151.69,150.99,150.13,149.55,148.82,148.08,147.36,146.66,145.33,141.03,134.29,153.83,152.88,151.48,150.79,149.37,147.66,145.33,138.45,133.22,153.24,151.82,150.77,153.43,153.66,153.8,152.95,153.57,153.63,0.19,0.18,35.13,51.01,48.49,51.69,54.44,53.95,-23.25,5.85,-0.43,1.3,1.43,0.78,0.08,-79.48,-64.97,4.16,50.99,-89.49,20.52,57.74,-53.93,37.73,156.73,144.84,7.88,0.35,155.16,140.16,10.16,0.59,3.14,2.77,2.87,2.55,2.97,3.21,156.52,145.45,157.26,144.5,150.88,167187500,82541220.0,79734750.0,75120540.0,1.88,62.57,96797608.41,132.14,-0.04,17.9,30.74,20.67,88.0,40.0,48.0,154.71,155.47,156.87,153.31,152.55,147.93,-5.1,-3.31,6.78,151.05,152.09,150.53,-129671617.7
2021-09-13,AAPL,150.63,151.42,148.75,149.55,102404300,1.61,1.99,-0.37,1.61,1.99,-0.37,150.67,151.54,151.89,151.84,151.71,151.42,150.85,150.09,149.55,148.86,148.15,147.45,146.77,145.47,141.2,134.44,152.88,152.98,151.58,150.81,149.49,147.91,145.63,138.61,133.39,152.64,151.7,150.78,152.31,153.14,153.53,151.41,152.72,153.11,0.19,0.18,31.92,37.65,52.85,49.64,51.01,54.76,-58.93,-27.33,0.8,2.33,0.95,-0.16,0.45,-73.92,-60.42,9.93,27.84,-25.88,26.08,38.72,0.8,37.34,156.73,144.89,7.85,0.39,154.8,141.02,9.32,0.62,3.07,2.79,2.85,2.38,2.96,3.14,156.44,145.26,157.26,144.5,150.88,269591800,91460340.0,84394940.0,77272005.0,1.33,54.5,55759181.07,132.24,-0.08,18.37,26.12,20.48,84.0,36.0,48.0,151.05,153.4,157.83,146.62,144.27,148.49,0.58,0.39,2.67,149.91,150.08,149.82,-41038427.34
2021-09-14,AAPL,150.35,151.07,146.91,148.12,109296300,1.21,1.83,-0.62,1.21,1.83,-0.62,149.39,150.4,151.05,151.17,151.15,151.01,150.59,149.94,149.46,148.82,148.15,147.48,146.82,145.55,141.34,134.58,151.16,152.48,151.47,150.66,149.58,148.07,145.92,138.78,133.55,151.75,151.45,150.69,150.99,152.43,153.09,149.74,151.64,152.38,0.17,0.18,24.5,37.29,51.35,46.81,48.55,53.38,-88.84,-58.8,0.39,1.39,-5.0,-1.5,-3.0,-87.63,-71.63,11.69,8.59,17.88,12.37,19.65,-2.21,35.43,156.7,144.62,8.01,0.29,154.57,141.57,8.78,0.5,3.33,2.97,2.99,2.83,3.02,3.06,156.53,144.65,157.26,144.5,150.88,160295500,96863940.0,86228900.0,77572020.0,1.41,47.31,10043901.75,132.33,-0.17,18.45,22.97,23.69,80.0,32.0,48.0,149.91,151.06,152.58,148.39,147.24,157.26,-1.43,-0.96,4.16,148.7,148.99,148.56,-45715279.33
2021-09-15,AAPL,148.56,149.44,146.37,149.03,83281300,0.95,1.65,-0.7,0.95,1.65,-0.7,149.21,149.94,150.6,150.78,150.83,150.76,150.44,149.88,149.43,148.83,148.19,147.55,146.91,145.67,141.49,134.72,149.95,152.2,151.43,150.6,149.63,148.21,146.2,138.92,133.71,151.13,151.29,150.66,150.32,151.97,152.81,149.06,150.97,151.9,0.16,0.17,14.0,38.26,51.01,51.44,46.8,54.18,-98.08,-65.07,0.29,2.36,-2.8,0.67,-1.16,-75.57,-64.5,24.43,15.35,42.58,24.43,20.96,31.36,39.18,156.68,144.52,8.07,0.37,154.47,141.95,8.45,0.57,3.55,3.01,2.91,3.03,3.04,3.03,156.46,144.43,157.26,144.5,150.88,243576800,98636160.0,85911720.0,77124600.0,1.08,46.34,71080685.13,132.4,-0.12,18.04,22.67,21.46,76.0,28.0,48.0,148.7,150.49,152.86,146.33,144.54,157.05,0.91,0.61,3.07,148.28,147.9,148.47,61036783.39
2021-09-16,AAPL,148.44,148.97,147.22,148.79,68034100,0.72,1.47,-0.75,0.72,1.47,-0.75,149.0,149.56,150.2,150.42,150.51,150.51,150.29,149.8,149.39,148.83,148.22,147.6,146.98,145.77,141.63,134.86,148.89,151.83,151.46,150.72,149.7,148.3,146.45,139.06,133.86,150.51,151.12,150.6,149.74,151.52,152.51,148.54,150.36,151.42,0.14,0.17,16.02,32.54,37.29,52.76,47.81,49.86,-98.1,-65.29,-2.83,2.01,-3.72,1.25,2.43,-77.78,-66.38,22.22,19.45,27.77,22.22,19.67,27.32,39.3,156.54,144.91,7.71,0.33,154.47,142.12,8.33,0.54,3.39,3.02,2.87,3.22,2.91,2.99,156.33,144.24,157.26,144.5,150.88,175542700,100781840.0,84683760.0,76210005.0,0.89,51.31,125119198.85,132.46,-0.04,17.85,22.57,20.68,72.0,24.0,48.0,148.28,150.19,151.35,147.12,145.21,156.63,-0.24,-0.16,1.81,148.33,148.1,148.44,54038513.71
2021-09-17,AAPL,148.82,148.82,145.76,146.06,129868800,0.31,1.24,-0.93,0.31,1.24,-0.93,147.53,148.39,149.28,149.62,149.83,149.96,149.88,149.52,149.18,148.67,148.12,147.54,146.95,145.78,141.72,134.97,148.31,151.07,151.36,150.69,149.66,148.35,146.65,139.18,133.98,149.46,150.68,150.37,148.43,150.64,151.89,147.01,149.15,150.5,0.12,0.16,13.56,24.25,34.38,44.77,49.51,45.96,-131.7,-105.54,-3.8,-1.9,-7.59,-2.54,-0.64,-97.39,-87.77,2.61,16.42,-25.01,2.61,16.42,-25.01,35.76,156.6,144.78,7.85,0.11,154.39,142.32,8.14,0.31,3.39,3.1,2.8,3.61,2.96,3.03,156.09,143.67,157.26,145.76,151.51,45673900,98576960.0,90559090.0,78355430.0,1.66,43.92,20714869.44,132.56,-0.12,17.12,21.97,21.93,68.0,20.0,48.0,148.33,149.43,150.08,147.68,146.58,156.22,-2.73,-1.83,3.06,146.88,147.29,146.68,-104404329.41
2021-09-20,AAPL,143.8,144.84,141.27,142.94,123478900,-0.26,0.94,-1.2,-0.26,0.94,-1.2,145.24,146.57,147.87,148.41,148.77,149.08,149.22,149.03,148.77,148.35,147.86,147.34,146.79,145.69,141.75,135.05,146.99,149.93,150.98,150.43,149.56,148.31,146.81,139.27,134.07,147.98,149.94,149.93,146.43,149.31,150.94,144.64,147.36,149.12,0.09,0.15,16.54,8.91,27.12,27.75,44.41,39.44,-175.62,-186.92,-6.27,-4.13,-11.36,-10.18,-5.25,-89.56,-89.56,10.59,11.81,8.16,10.44,11.76,7.82,35.65,157.21,143.65,9.02,-0.05,154.47,142.15,8.31,0.06,3.76,3.1,2.86,4.22,3.39,3.21,155.42,143.03,157.26,141.27,149.26,-77805000,102791880.0,97126110.0,81501895.0,1.52,35.79,12759646.19,132.62,-0.14,19.85,11.09,32.33,64.0,100.0,-36.0,146.88,148.0,149.94,144.94,143.82,155.59,-3.12,-2.14,4.79,143.02,143.06,143.0,-7955223.25
2021-09-21,AAPL,143.93,144.6,142.78,143.43,75834000,-0.67,0.61,-1.28,-0.67,0.61,-1.28,144.33,145.53,146.88,147.5,147.95,148.37,148.67,148.62,148.43,148.08,147.65,147.17,146.66,145.61,141.78,135.14,146.05,148.61,150.34,150.11,149.47,148.29,146.99,139.37,134.18,146.8,149.27,149.54,145.15,148.25,150.13,143.37,146.02,148.0,0.07,0.13,15.7,12.66,24.78,30.98,42.71,41.17,-130.05,-151.03,-6.65,-5.09,-13.26,-8.4,-6.28,-86.49,-86.49,14.56,9.25,25.16,13.51,8.85,22.82,41.01,157.58,142.65,9.95,0.05,154.51,142.07,8.39,0.11,3.05,3.1,2.86,3.93,3.73,3.34,154.86,142.48,157.26,141.27,149.26,-1971000,96099420.0,96481680.0,82287005.0,0.92,35.02,-8907210.96,132.66,-0.18,22.57,11.1,32.34,60.0,96.0,-36.0,143.02,144.76,146.59,141.19,139.45,154.44,0.49,0.34,1.82,143.6,143.69,143.56,-21666857.14
2021-09-22,AAPL,144.45,146.43,143.7,145.85,76404300,-0.79,0.33,-1.12,-0.79,0.33,-1.12,145.09,145.63,146.65,147.2,147.62,148.06,148.4,148.41,148.26,147.96,147.56,147.11,146.63,145.62,141.86,135.24,145.41,147.68,149.94,149.93,149.48,148.29,147.17,139.52,134.29,146.3,148.86,149.31,145.03,147.78,149.7,143.72,145.58,147.45,0.04,0.11,38.55,25.85,30.82,36.02,44.25,49.31,-84.65,-99.88,-5.48,-2.89,-9.26,-6.66,-3.77,-71.36,-71.36,32.23,19.13,58.44,28.64,17.53,50.87,46.01,157.63,142.22,10.28,0.24,154.51,142.08,8.38,0.3,3.1,3.09,2.9,3.26,3.85,3.33,154.57,142.23,157.26,141.27,149.26,74433300,94724020.0,96680090.0,83676900.0,0.91,34.6,35032258.28,132.71,-0.13,25.55,10.32,32.45,56.0,92.0,-36.0,143.6,144.43,145.42,142.61,141.78,153.39,2.42,1.69,3.0,145.33,145.06,145.46,43939469.23
2021-09-23,AAPL,146.65,147.08,145.64,146.83,64838200,-0.79,0.11,-0.9,-0.79,0.11,-0.9,145.96,146.03,146.69,147.14,147.5,147.9,148.25,148.3,148.17,147.89,147.53,147.1,146.63,145.66,141.96,135.36,145.02,146.96,149.56,149.85,149.51,148.25,147.34,139.66,134.41,146.14,148.57,149.14,145.3,147.55,149.43,144.51,145.5,147.16,0.02,0.09,38.98,41.71,26.09,35.59,45.95,50.17,-54.83,-69.91,-6.29,0.32,-7.24,-6.82,-1.53,-65.23,-65.23,54.78,33.85,96.63,34.77,25.64,53.03,50.14,157.65,142.05,10.41,0.31,154.47,142.02,8.4,0.39,2.71,3.02,2.88,2.37,3.9,3.3,154.3,142.21,157.26,141.27,149.26,139271500,94084840.0,97433340.0,83969245.0,0.77,34.1,77357194.39,132.76,-0.09,28.29,12.07,33.13,52.0,88.0,-36.0,145.33,146.95,148.06,144.22,142.6,152.42,0.98,0.67,1.44,146.52,146.36,146.6,42324936.11
2021-09-24,AAPL,145.66,147.47,145.56,146.92,53477900,-0.78,-0.07,-0.71,-0.78,-0.07,-0.71,146.44,146.33,146.74,147.1,147.41,147.78,148.12,148.19,148.09,147.84,147.5,147.09,146.65,145.7,142.06,135.47,145.19,146.75,149.11,149.82,149.44,148.21,147.51,139.85,134.52,146.14,148.29,148.97,145.56,147.38,149.19,145.16,145.47,146.92,-0.0,0.07,40.49,39.4,28.59,34.03,47.84,48.24,-46.03,-64.38,-5.28,0.15,-2.05,-7.38,-0.62,-64.67,-64.67,57.65,48.22,76.52,35.33,32.92,40.17,47.67,157.66,141.97,10.47,0.32,154.45,141.98,8.41,0.4,2.55,3.05,2.85,2.26,3.92,3.33,154.22,142.03,157.26,141.27,149.26,192749400,78806660.0,88691810.0,84213280.0,0.64,33.72,100036303.81,132.8,-0.05,30.01,12.88,32.84,48.0,84.0,-36.0,146.52,147.39,147.96,145.95,145.08,151.53,0.09,0.06,1.91,146.65,146.51,146.72,22679109.42
2021-09-27,AAPL,145.47,145.96,143.82,145.37,74150700,-0.89,-0.23,-0.65,-0.89,-0.23,-0.65,145.91,146.01,146.44,146.78,147.1,147.48,147.86,147.98,147.91,147.7,147.39,147.02,146.6,145.69,142.12,135.57,145.68,146.33,148.52,149.66,149.32,148.19,147.65,140.02,134.64,145.88,147.87,148.71,145.27,146.95,148.78,144.96,145.08,146.44,-0.02,0.05,46.01,39.03,27.85,24.57,46.81,44.0,-72.41,-89.44,-5.65,-1.9,-4.18,-11.32,-3.23,-74.0,-74.36,50.18,54.2,42.14,26.0,32.04,13.93,45.07,157.74,141.58,10.8,0.23,154.46,141.93,8.46,0.27,2.73,3.06,2.93,2.06,4.04,3.42,153.98,141.74,157.26,141.27,149.26,118598700,68941020.0,85866450.0,85130695.0,0.87,27.07,133300169.23,132.84,-0.05,32.92,6.7,36.8,44.0,80.0,-36.0,146.65,147.74,148.56,145.83,144.74,150.71,-1.55,-1.05,3.1,145.05,144.89,145.13,33263865.42
2021-09-28,AAPL,143.25,144.75,141.69,141.91,108972300,-1.23,-0.43,-0.8,-1.23,-0.43,-0.8,143.91,144.64,145.43,145.9,146.3,146.78,147.3,147.53,147.53,147.38,147.12,146.79,146.41,145.57,142.12,135.64,145.38,145.71,147.53,149.1,149.01,148.18,147.68,140.14,134.73,145.08,147.13,148.23,143.94,145.96,147.97,143.31,143.88,145.39,-0.04,0.04,44.27,26.39,30.39,22.66,40.81,40.25,-115.97,-117.62,-4.74,-5.21,-6.21,-13.2,-11.21,-95.69,-96.0,8.31,38.72,-52.5,4.31,21.88,-30.83,43.3,157.7,140.49,11.55,0.08,154.49,141.88,8.51,0.0,2.82,3.1,3.01,2.38,4.3,3.65,153.5,141.09,157.26,141.27,149.26,9626400,75568680.0,85834050.0,86031475.0,1.27,26.49,39997088.84,132.9,-0.15,34.63,6.61,40.23,40.0,76.0,-36.0,145.05,146.28,147.19,144.14,142.91,149.95,-3.46,-2.38,3.68,142.78,143.22,142.56,-93303080.39
2021-09-29,AAPL,142.47,144.45,142.03,142.83,74602000,-1.42,-0.63,-0.79,-1.42,-0.63,-0.79,143.37,144.04,144.85,145.34,145.77,146.29,146.87,147.19,147.22,147.13,146.91,146.62,146.27,145.48,142.13,135.71,144.77,145.09,146.71,148.65,148.77,148.12,147.69,140.27,134.84,144.56,146.53,147.83,143.28,145.27,147.36,142.69,143.16,144.65,-0.06,0.02,46.82,31.09,31.68,26.6,34.31,42.94,-99.39,-101.45,-4.49,-4.54,-6.2,-11.24,-9.0,-89.02,-90.24,20.66,26.39,9.22,10.98,13.76,5.41,44.5,157.59,139.71,12.03,0.17,154.58,141.65,8.73,0.09,2.5,3.13,2.9,2.22,4.47,3.81,153.13,140.61,157.26,141.27,149.26,84228400,75208220.0,84966120.0,85438920.0,0.87,31.9,14718725.2,132.94,-0.15,35.21,6.55,39.81,36.0,72.0,-36.0,142.78,143.88,145.84,140.82,139.72,149.26,0.92,0.65,2.54,143.1,143.24,143.04,-25278363.64
2021-09-30,AAPL,143.66,144.38,141.28,141.5,89056700,-1.65,-0.83,-0.82,-1.65,-0.83,-0.82,142.43,143.19,144.11,144.64,145.11,145.69,146.36,146.76,146.85,146.81,146.65,146.4,146.08,145.35,142.12,135.76,143.71,144.36,145.87,148.1,148.6,148.04,147.64,140.42,134.94,143.9,145.85,147.36,142.38,144.45,146.64,141.74,142.26,143.77,-0.08,-0.0,23.89,34.12,31.85,31.56,34.27,42.39,-104.74,-104.93,-4.47,-4.62,-7.29,-7.47,-11.01,-97.73,-98.56,3.71,10.89,-10.66,2.27,5.85,-4.91,41.97,157.38,138.81,12.54,0.14,154.73,141.35,9.03,0.01,2.68,2.87,2.96,2.06,4.64,4.02,152.09,140.62,157.26,141.27,149.26,-4828300,80051920.0,87068380.0,85876070.0,1.04,33.43,-61697668.99,132.98,-0.16,38.37,7.15,32.25,32.0,68.0,-36.0,143.1,144.18,145.52,141.76,140.68,148.62,-1.33,-0.93,3.1,142.39,142.83,142.16,-76416394.19
2021-10-01,AAPL,141.9,142.92,139.11,142.65,94639600,-1.73,-1.01,-0.71,-1.73,-1.01,-0.71,142.54,143.01,143.78,144.28,144.73,145.31,146.01,146.46,146.58,146.58,146.46,146.24,145.95,145.26,142.13,135.83,142.85,144.02,145.45,147.55,148.47,147.96,147.63,140.58,135.01,143.59,145.33,146.98,142.14,143.96,146.12,141.7,141.85,143.22,-0.1,-0.02,25.41,48.83,32.74,33.43,35.2,42.52,-115.03,-108.68,-4.28,-3.31,-3.41,-6.9,-11.0,-70.4,-80.5,42.34,22.24,82.56,29.6,14.28,60.23,46.0,156.75,138.34,12.48,0.23,154.81,141.1,9.26,0.11,2.8,2.95,2.99,2.03,4.6,4.15,151.9,140.11,157.26,139.11,148.18,89811300,88284260.0,83545460.0,87052275.0,1.09,33.8,19528444.4,133.02,-0.11,42.36,6.95,36.62,28.0,100.0,-72.0,142.39,143.49,145.49,140.39,139.29,148.03,1.15,0.81,3.81,141.56,141.01,141.83,81226113.39
2021-10-04,AAPL,141.76,142.21,138.27,139.14,98322000,-2.05,-1.22,-0.83,-2.05,-1.22,-0.83,140.84,141.72,142.75,143.34,143.87,144.54,145.35,145.92,146.1,146.17,146.1,145.93,145.68,145.06,142.07,135.87,141.61,143.64,144.76,146.79,148.17,147.77,147.53,140.75,135.07,142.7,144.53,146.37,140.83,142.91,145.22,140.17,140.64,142.12,-0.12,-0.04,17.37,36.08,27.82,30.39,29.66,31.98,-141.42,-128.47,-6.49,-6.37,-3.8,-8.98,-15.16,-92.21,-95.42,9.46,18.5,-8.64,7.79,13.22,-3.07,41.32,156.15,137.43,12.75,0.09,155.05,140.48,9.86,-0.09,3.22,2.96,3.09,2.55,4.68,4.49,151.28,139.42,157.26,138.27,147.76,-8510700,93118520.0,81029770.0,89077940.0,1.1,34.28,-35372164.74,133.05,-0.16,46.98,6.91,34.02,24.0,100.0,-76.0,141.56,144.01,145.37,140.2,137.75,147.14,-3.51,-2.46,4.38,139.87,140.24,139.69,-54900609.14
2021-10-05,AAPL,139.49,142.24,139.36,141.11,80861100,-2.11,-1.4,-0.72,-2.11,-1.4,-0.72,140.98,141.52,142.39,142.94,143.45,144.11,144.95,145.56,145.78,145.89,145.86,145.72,145.5,144.93,142.05,135.92,141.45,143.41,144.29,146.01,147.88,147.61,147.48,140.91,135.13,142.24,143.99,145.92,140.55,142.37,144.66,140.11,140.2,141.52,-0.14,-0.06,32.74,34.16,38.21,33.47,32.17,36.42,-97.87,-102.67,-3.39,-7.84,-2.32,-7.92,-15.58,-73.46,-85.04,30.87,27.56,37.49,26.54,21.31,37.01,41.4,154.45,137.57,11.56,0.21,155.13,140.09,10.18,0.07,3.39,2.97,3.16,2.67,4.22,4.66,150.88,139.01,157.04,138.27,147.66,72350400,87496280.0,81532480.0,89007080.0,0.91,41.0,-17964566.83,133.08,-0.18,51.42,6.98,32.69,20.0,96.0,-76.0,139.87,141.48,143.81,137.54,135.93,146.07,1.97,1.42,3.1,140.9,140.8,140.96,17407597.92
2021-10-06,AAPL,139.47,142.15,138.37,142.0,83221100,-2.07,-1.53,-0.54,-2.07,-1.53,-0.54,141.49,141.68,142.3,142.77,143.22,143.85,144.67,145.3,145.54,145.67,145.67,145.56,145.37,144.83,142.05,135.98,141.28,143.03,143.82,145.35,147.63,147.51,147.41,141.06,135.2,141.99,143.61,145.54,140.67,142.08,144.26,140.55,140.11,141.18,-0.16,-0.08,50.46,33.76,47.49,36.2,29.3,36.75,-92.45,-97.26,-0.66,-6.47,-3.85,-6.79,-13.11,-64.64,-80.13,40.54,26.96,67.72,35.36,23.23,59.61,46.87,152.79,137.92,10.23,0.27,155.19,139.83,10.41,0.14,3.48,3.11,3.2,2.55,3.72,4.76,150.88,138.45,156.11,138.27,147.19,155571500,89220100.0,82214160.0,89447125.0,0.93,34.89,58651683.97,133.12,-0.12,55.87,6.67,33.49,16.0,92.0,-76.0,140.9,142.45,143.78,139.57,138.02,145.14,0.89,0.63,3.78,140.84,140.26,141.13,76616250.79
2021-10-07,AAPL,143.06,144.22,142.72,143.29,61732700,-1.91,-1.61,-0.3,-1.91,-1.61,-0.3,142.39,142.22,142.52,142.86,143.23,143.78,144.54,145.15,145.39,145.54,145.55,145.46,145.28,144.78,142.08,136.05,141.64,142.67,143.46,144.81,147.46,147.48,147.32,141.23,135.28,142.03,143.41,145.26,141.22,142.08,144.06,141.5,140.41,141.13,-0.17,-0.1,52.27,38.71,49.64,44.02,33.21,36.99,8.04,-36.19,-0.1,-6.05,-3.54,-2.77,-10.78,-45.43,-71.86,65.28,45.56,104.71,54.57,38.82,86.05,52.06,151.06,138.57,8.63,0.38,155.22,139.74,10.5,0.23,3.28,3.05,3.16,2.19,3.12,4.83,150.63,138.44,155.48,138.27,146.88,217304200,83755300.0,81903610.0,89668475.0,0.69,42.38,43835835.97,133.15,-0.1,59.08,11.65,30.72,12.0,88.0,-76.0,140.84,143.31,144.62,139.53,137.06,144.31,1.29,0.91,2.22,143.41,143.47,143.38,-14815848.0
2021-10-08,AAPL,144.03,144.18,142.56,142.9,58773200,-1.8,-1.65,-0.15,-1.8,-1.65,-0.15,142.64,142.44,142.61,142.87,143.18,143.67,144.38,144.98,145.23,145.39,145.42,145.35,145.19,144.72,142.09,136.12,141.69,142.27,143.24,144.51,147.3,147.43,147.22,141.41,135.33,142.08,143.23,144.97,141.53,142.02,143.84,142.01,140.59,141.03,-0.17,-0.11,57.61,41.72,41.59,49.9,33.84,35.59,-0.7,-34.77,-2.02,-7.0,-4.02,-0.04,-6.07,-49.67,-73.1,71.45,59.09,96.17,50.33,46.75,57.48,51.58,150.49,138.53,8.28,0.37,155.26,139.59,10.62,0.21,3.14,2.82,3.14,1.61,2.99,4.9,150.02,138.74,151.42,138.27,144.84,158531000,76582020.0,82433140.0,85562475.0,0.69,44.88,9732868.07,133.18,-0.05,57.57,12.58,22.23,8.0,84.0,-76.0,143.41,144.1,144.91,142.6,141.91,144.22,-0.39,-0.27,1.62,143.21,143.37,143.14,-34102967.9
2021-10-11,AAPL,142.27,144.81,141.81,142.81,64452200,-1.7,-1.66,-0.04,-1.7,-1.66,-0.04,142.73,142.57,142.65,142.86,143.13,143.56,144.23,144.82,145.07,145.25,145.29,145.24,145.1,144.66,142.11,136.19,142.42,142.01,143.24,144.17,147.11,147.36,147.16,141.59,135.39,142.17,143.07,144.68,141.76,141.96,143.62,142.34,140.75,140.95,-0.17,-0.12,50.98,53.9,37.92,48.45,39.57,31.37,-2.29,-30.94,-2.74,-7.45,-2.56,-0.62,-6.74,-50.65,-65.48,69.42,68.72,70.82,49.35,51.41,45.22,53.57,149.7,138.65,7.67,0.38,155.29,139.44,10.76,0.21,3.13,2.91,2.96,1.22,2.76,4.96,150.04,138.42,151.07,138.27,144.67,94078800,69808060.0,81463290.0,83664870.0,0.77,38.33,-11751198.6,133.21,-0.04,56.32,12.22,23.43,4.0,80.0,-76.0,143.21,143.87,144.83,142.25,141.59,138.27,-0.09,-0.06,3.0,143.14,143.31,143.06,-21484066.67
2021-10-12,AAPL,143.23,143.25,141.04,141.51,73035900,-1.7,-1.67,-0.03,-1.7,-1.67,-0.03,142.12,142.21,142.4,142.61,142.88,143.3,143.97,144.58,144.84,145.04,145.11,145.07,144.96,144.55,142.09,136.24,142.5,141.97,143.11,143.84,146.72,147.28,147.15,141.73,135.44,142.08,142.82,144.32,141.51,141.68,143.27,141.99,140.57,140.66,-0.18,-0.14,69.98,44.46,34.85,38.53,36.72,31.61,-45.82,-63.08,-3.68,-9.69,-0.4,-4.34,-6.61,-64.78,-74.69,49.54,63.47,21.68,35.22,44.96,15.72,46.45,149.16,138.52,7.4,0.28,155.37,139.2,10.98,0.14,2.9,2.85,2.93,1.23,2.66,4.93,149.67,138.27,149.44,138.27,143.86,21042900,68243020.0,77869650.0,81851850.0,0.89,31.31,-53722055.16,133.24,-0.04,56.43,7.87,25.82,0.0,76.0,-76.0,143.14,144.48,146.14,141.48,140.14,138.4,-1.3,-0.91,2.21,141.93,142.14,141.83,-41970856.56
2021-10-13,AAPL,141.24,141.4,139.2,140.91,78762700,-1.73,-1.68,-0.05,-1.73,-1.68,-0.05,141.51,141.78,142.07,142.3,142.57,143.0,143.68,144.3,144.59,144.81,144.91,144.89,144.8,144.43,142.07,136.29,142.28,141.78,142.78,143.44,146.36,147.16,147.06,141.88,135.46,141.89,142.54,143.94,141.15,141.34,142.88,141.49,140.3,140.31,-0.18,-0.14,47.81,47.36,36.8,34.03,37.75,31.99,-97.51,-108.01,-3.07,-9.15,-1.92,-5.92,-8.12,-71.3,-76.37,40.37,53.11,14.88,28.7,37.75,10.58,52.3,148.31,138.56,6.79,0.24,155.44,138.87,11.26,0.12,2.61,2.91,2.85,1.24,2.44,4.94,149.5,137.86,148.97,138.27,143.62,-57719800,67351340.0,78285720.0,81625920.0,0.96,24.9,-10044557.89,133.27,-0.05,57.82,6.11,29.78,0.0,72.0,-72.0,141.93,142.83,144.14,140.62,139.72,138.53,-0.6,-0.42,2.31,140.5,140.3,140.61,43677497.27
2021-10-14,AAPL,142.11,143.88,141.51,143.76,69907100,-1.51,-1.64,0.14,-1.51,-1.64,0.14,142.64,142.44,142.44,142.57,142.76,143.1,143.69,144.26,144.54,144.75,144.85,144.84,144.76,144.41,142.1,136.36,142.38,142.01,142.57,143.19,146.07,147.09,147.03,142.05,135.51,142.25,142.57,143.77,141.84,141.58,142.89,142.47,140.84,140.54,-0.18,-0.15,63.5,54.31,55.68,42.58,41.6,42.4,45.64,-6.04,1.3,-6.69,2.26,-3.16,-5.03,-28.61,-48.69,83.94,57.95,135.93,71.39,45.1,123.97,56.16,147.37,139.01,5.84,0.57,155.43,138.75,11.34,0.3,2.59,2.99,2.84,1.38,2.09,4.82,149.66,137.71,148.82,138.27,143.55,12187300,68986220.0,76370760.0,81719570.0,0.86,25.92,52783342.11,133.3,-0.04,57.93,10.95,29.03,0.0,68.0,-68.0,140.5,141.81,142.7,139.61,138.3,138.65,2.85,2.02,2.97,143.05,142.7,143.23,62827900.0
2021-10-15,AAPL,143.77,144.9,143.51,144.84,67940300,-1.23,-1.56,0.33,-1.23,-1.56,0.33,143.74,143.24,142.98,142.98,143.08,143.32,143.8,144.31,144.56,144.76,144.85,144.84,144.76,144.43,142.16,136.44,142.77,142.23,142.44,143.12,145.77,147.05,147.0,142.23,135.56,142.76,142.72,143.69,142.72,141.99,143.03,143.63,141.59,140.95,-0.17,-0.16,62.28,77.25,56.11,48.73,43.87,43.23,132.55,65.38,1.41,-2.77,2.19,-0.53,-1.22,-0.9,-37.73,99.08,74.46,148.31,99.1,66.39,164.5,53.6,147.16,139.09,5.64,0.71,155.41,138.69,11.37,0.37,2.25,2.87,2.82,1.64,2.02,4.61,149.53,138.07,147.47,138.27,142.87,80127600,70819640.0,73700830.0,78623145.0,0.86,32.33,114858292.47,133.34,0.06,55.13,13.96,25.93,0.0,64.0,-64.0,143.05,144.59,145.42,142.22,140.68,138.78,1.08,0.75,1.39,144.42,144.2,144.52,62074950.36
2021-10-18,AAPL,143.45,146.84,143.16,146.55,85589200,-0.86,-1.42,0.56,-0.86,-1.42,0.56,145.14,144.34,143.77,143.63,143.61,143.72,144.06,144.47,144.69,144.86,144.93,144.92,144.83,144.5,142.25,136.54,143.51,142.97,142.51,143.31,145.51,147.06,146.97,142.43,135.63,143.55,143.05,143.74,143.95,142.66,143.38,145.16,142.67,141.64,-0.16,-0.16,73.92,76.67,65.0,62.16,50.79,47.76,161.99,103.44,3.57,-2.01,7.41,4.64,3.61,-3.38,-10.0,96.58,93.2,103.33,96.62,89.03,111.78,60.4,147.62,138.99,6.02,0.88,155.41,138.7,11.37,0.47,2.45,2.87,2.85,1.76,2.16,4.32,149.79,138.33,147.47,138.27,142.87,165716800,75047040.0,72427550.0,76728660.0,1.12,41.08,186957890.3,133.39,0.11,50.33,18.8,20.62,0.0,60.0,-60.0,144.42,145.32,145.81,143.93,143.03,139.02,1.71,1.18,3.68,145.52,145.0,145.78,72099597.83
2021-10-19,AAPL,147.01,149.17,146.55,148.76,76378900,-0.39,-1.21,0.83,-0.39,-1.21,0.83,146.95,145.82,144.88,144.56,144.4,144.35,144.51,144.79,144.95,145.08,145.12,145.08,144.98,144.64,142.37,136.67,144.96,143.73,142.97,143.57,145.25,147.11,146.96,142.66,135.73,144.6,143.57,143.95,145.59,143.65,143.97,147.15,144.14,142.65,-0.14,-0.15,80.51,79.34,67.08,64.56,59.61,49.63,219.21,178.47,4.28,0.43,7.65,5.93,5.33,-3.76,-3.76,95.89,97.18,93.3,96.24,97.32,94.08,65.46,148.53,138.61,6.91,1.02,155.48,138.74,11.38,0.6,2.6,2.87,2.75,2.41,2.48,3.83,150.25,138.77,149.17,138.27,143.72,242095700,75715640.0,71979330.0,76755905.0,1.0,41.33,239431943.73,133.44,0.16,45.84,24.56,20.58,0.0,56.0,-56.0,145.52,147.87,149.2,144.19,141.84,139.49,2.21,1.51,2.62,148.16,147.86,148.31,52474053.44
2021-10-20,AAPL,148.7,149.75,148.12,149.26,58418800,0.03,-0.97,0.99,0.03,-0.97,0.99,148.11,146.96,145.85,145.42,145.15,144.96,144.96,145.12,145.23,145.31,145.32,145.27,145.15,144.79,142.51,136.79,146.63,144.46,143.4,143.74,145.06,147.18,147.01,142.91,135.82,145.61,144.11,144.21,146.95,144.59,144.57,148.66,145.49,143.64,-0.12,-0.15,93.3,77.82,84.01,69.86,59.62,50.64,189.26,180.15,7.27,0.15,7.26,7.76,3.41,-4.27,-4.27,95.36,95.94,94.19,95.73,96.2,94.8,71.22,149.24,138.25,7.64,1.0,155.56,138.8,11.38,0.62,2.4,2.77,2.74,2.87,2.75,3.44,150.49,139.43,149.75,138.27,144.01,300514500,71646860.0,69499100.0,75856630.0,0.77,48.2,262727784.22,133.48,0.15,42.45,26.99,19.42,100.0,52.0,48.0,148.16,149.77,150.78,147.15,145.54,140.27,0.5,0.34,1.63,149.04,148.94,149.1,23295840.49
2021-10-21,AAPL,148.81,149.64,147.87,149.48,61421000,0.37,-0.7,1.07,0.37,-0.7,1.07,148.79,147.8,146.66,146.16,145.82,145.53,145.39,145.44,145.5,145.54,145.52,145.45,145.32,144.94,142.65,136.92,147.78,145.08,143.93,143.88,144.9,147.25,147.08,143.16,135.93,146.52,144.66,144.5,148.02,145.45,145.15,149.68,146.64,144.55,-0.09,-0.14,100.0,81.16,81.87,68.35,56.46,55.01,141.35,161.56,5.93,0.46,6.19,6.83,2.65,-2.35,-2.35,97.44,96.23,99.87,97.65,96.54,99.87,76.19,149.79,137.96,8.23,0.97,155.65,138.86,11.4,0.63,2.34,2.62,2.68,3.24,2.96,3.11,150.63,140.15,149.75,138.27,144.01,361935500,69949640.0,69467930.0,75685770.0,0.81,49.6,313044422.64,133.53,0.16,39.74,28.49,15.27,96.0,48.0,48.0,149.04,149.97,150.67,148.34,147.41,141.21,0.22,0.15,1.77,149.0,148.76,149.12,50316638.42
2021-10-22,AAPL,149.69,150.18,148.64,148.69,58883400,0.57,-0.44,1.02,0.57,-0.44,1.02,148.74,148.1,147.11,146.62,146.26,145.92,145.7,145.68,145.71,145.71,145.68,145.59,145.45,145.06,142.77,137.04,148.55,145.66,144.33,143.96,144.89,147.25,147.13,143.4,136.02,147.18,145.12,144.74,148.52,146.04,145.57,149.9,147.37,145.21,-0.07,-0.12,87.86,76.11,75.67,80.05,53.33,59.04,118.19,151.59,4.71,1.8,5.79,9.55,1.77,-12.62,-12.51,86.43,93.08,73.14,87.38,93.59,74.98,73.48,150.12,137.81,8.56,0.88,155.64,138.86,11.4,0.59,2.23,2.42,2.68,3.32,3.08,3.1,150.54,140.87,150.18,138.27,144.23,303052100,68138260.0,69478950.0,75956045.0,0.78,57.56,257984620.04,133.57,0.1,37.84,32.48,14.07,100.0,44.0,56.0,149.0,150.12,150.77,148.35,147.23,142.07,-0.79,-0.53,1.54,149.17,149.41,149.05,-55059802.6
2021-10-25,AAPL,148.68,149.37,147.62,148.64,50720600,0.72,-0.21,0.93,0.72,-0.21,0.93,148.69,148.28,147.45,146.98,146.63,146.26,145.98,145.9,145.9,145.88,145.82,145.72,145.58,145.18,142.88,137.15,148.97,146.24,144.97,144.13,144.86,147.24,147.18,143.65,136.11,147.72,145.56,144.98,148.84,146.54,145.94,149.94,147.95,145.78,-0.04,-0.11,84.67,85.61,72.69,76.95,53.09,58.31,85.09,117.35,3.73,3.99,5.83,7.53,3.27,-13.04,-12.93,85.97,89.95,78.03,86.96,90.66,79.55,69.91,150.61,137.65,8.99,0.85,155.63,138.86,11.39,0.58,2.05,2.32,2.68,3.28,3.24,3.05,150.63,141.34,150.18,138.27,144.23,252331500,61164540.0,68105790.0,74784540.0,0.68,50.89,266389748.04,133.61,0.09,35.42,33.73,17.79,96.0,40.0,56.0,149.17,149.7,150.71,148.16,147.63,143.04,-0.05,-0.03,1.75,148.54,148.5,148.57,8405128.0
2021-10-26,AAPL,149.33,150.84,149.01,149.32,60893400,0.88,0.01,0.87,0.88,0.01,0.87,149.01,148.63,147.87,147.41,147.04,146.65,146.3,146.16,146.12,146.07,145.99,145.88,145.73,145.32,143.01,137.27,149.08,147.02,145.51,144.5,144.9,147.21,147.24,143.88,136.21,148.28,146.06,145.27,149.28,147.09,146.37,150.18,148.58,146.41,-0.02,-0.09,81.12,91.67,76.57,76.6,57.32,55.86,96.2,124.79,4.49,4.11,7.81,7.32,7.41,-13.06,-12.09,83.71,85.37,80.38,86.94,87.1,86.63,63.24,151.28,137.71,9.39,0.86,155.54,138.87,11.32,0.63,2.17,2.21,2.63,2.94,3.39,3.1,150.72,141.89,150.84,138.27,144.56,313224900,58067440.0,66891540.0,72380595.0,0.84,58.64,226126898.86,133.65,0.13,33.82,40.21,15.5,100.0,36.0,64.0,148.54,149.47,150.29,147.72,146.79,143.9,0.68,0.46,2.2,149.72,149.93,149.62,-40262849.18
2021-10-27,AAPL,149.36,149.73,148.49,148.85,56094900,0.96,0.2,0.76,0.96,0.2,0.76,148.93,148.7,148.08,147.67,147.32,146.92,146.54,146.36,146.29,146.22,146.13,146.01,145.85,145.43,143.13,137.39,149.0,147.82,145.97,144.8,144.9,147.18,147.27,144.11,136.31,148.61,146.47,145.53,149.41,147.48,146.69,150.05,148.95,146.87,0.0,-0.07,51.66,83.01,74.24,71.48,64.46,53.47,68.31,94.18,4.23,2.06,7.94,5.56,6.02,-17.1,-15.83,74.09,81.26,59.75,82.9,85.6,77.51,56.83,151.8,137.79,9.68,0.79,155.48,138.88,11.28,0.6,1.82,2.14,2.52,2.04,3.5,3.1,150.82,142.27,150.84,138.27,144.56,257130000,57602660.0,64624760.0,71455240.0,0.79,52.26,202603231.12,133.69,0.13,32.9,34.61,17.74,96.0,32.0,64.0,149.72,150.44,151.55,148.61,147.89,144.87,-0.47,-0.31,1.24,149.02,149.11,148.98,-23523667.74
2021-10-28,AAPL,149.82,153.17,149.72,152.57,100077900,1.31,0.42,0.89,1.31,0.42,0.89,150.75,149.99,149.08,148.56,148.13,147.63,147.12,146.82,146.7,146.58,146.45,146.29,146.11,145.67,143.31,137.54,149.61,148.7,146.59,145.35,145.02,147.3,147.36,144.37,136.42,149.48,147.21,146.02,150.72,148.48,147.45,151.58,150.2,147.95,0.02,-0.05,77.91,87.34,87.16,79.72,68.17,58.63,113.29,132.04,7.82,3.91,8.81,9.67,11.07,-4.29,-4.03,94.01,83.93,114.15,95.71,88.52,110.08,61.05,152.98,137.72,10.5,0.97,155.74,138.87,11.45,0.81,2.06,2.33,2.6,2.0,3.82,3.33,151.78,142.46,153.17,138.27,145.72,357207900,65334040.0,67641840.0,72006300.0,1.39,60.52,267871426.77,133.78,0.23,34.19,42.29,15.78,100.0,28.0,72.0,149.02,149.56,150.26,148.32,147.78,145.71,3.72,2.5,4.32,151.82,151.44,152.01,65268195.65
2021-10-29,AAPL,147.22,149.94,146.41,149.8,124953200,1.35,0.61,0.74,1.35,0.61,0.74,150.27,149.93,149.24,148.79,148.38,147.9,147.37,147.04,146.9,146.75,146.61,146.45,146.26,145.8,143.44,137.66,149.84,149.19,147.05,145.71,145.15,147.36,147.4,144.6,136.52,149.68,147.64,146.33,150.73,148.84,147.79,151.27,150.49,148.38,0.04,-0.03,51.89,64.24,76.07,68.44,64.7,56.52,39.42,63.61,6.31,1.96,4.96,6.99,7.15,-24.12,-22.62,50.15,72.75,4.95,75.88,84.83,57.97,60.01,153.48,137.94,10.66,0.76,155.83,138.9,11.49,0.64,2.71,2.56,2.75,1.48,3.88,3.44,152.49,142.26,153.17,138.27,145.72,232254700,78548000.0,73343130.0,73521980.0,1.7,56.75,382913324.79,133.87,0.25,33.96,38.56,21.54,96.0,24.0,72.0,151.82,153.92,155.27,150.47,148.37,153.17,-2.77,-1.82,6.16,148.72,148.18,148.99,115041898.02
2021-11-01,AAPL,148.99,149.7,147.8,148.96,74588300,1.29,0.74,0.55,1.29,0.74,0.55,149.62,149.6,149.18,148.82,148.47,148.03,147.52,147.18,147.03,146.88,146.72,146.56,146.36,145.91,143.55,137.77,149.9,149.43,147.46,146.2,145.35,147.38,147.45,144.83,136.63,149.63,147.94,146.57,150.44,148.99,147.99,150.61,150.48,148.61,0.06,-0.01,51.58,51.0,67.29,70.15,61.3,61.25,35.97,58.85,3.62,2.47,2.41,7.45,9.82,-30.14,-28.26,37.72,60.63,-8.08,69.86,80.48,48.63,58.82,153.44,138.96,9.91,0.69,155.85,138.91,11.5,0.59,2.74,2.54,2.66,1.17,3.62,3.48,152.61,142.44,153.17,138.37,145.77,157666400,83321540.0,72243040.0,72335295.0,1.03,63.82,399401264.79,133.92,0.3,32.52,38.79,19.51,92.0,20.0,72.0,148.72,151.02,152.25,147.49,145.19,153.17,-0.84,-0.56,2.0,148.82,148.75,148.86,16487940.0
2021-11-02,AAPL,148.66,151.57,148.65,150.02,69122000,1.32,0.86,0.46,1.32,0.86,0.46,149.82,149.74,149.37,149.04,148.71,148.28,147.76,147.39,147.22,147.05,146.89,146.71,146.51,146.04,143.68,137.89,150.04,149.56,148.03,146.65,145.57,147.39,147.52,145.05,136.74,149.74,148.31,146.88,150.54,149.3,148.3,150.58,150.72,148.99,0.08,0.0,57.23,53.58,67.24,74.04,71.35,61.42,73.96,77.44,3.58,5.71,1.26,9.11,8.91,-27.02,-21.28,53.4,47.09,66.03,72.98,72.91,73.14,59.69,153.66,139.63,9.57,0.74,155.87,138.91,11.51,0.66,2.94,2.58,2.59,1.15,3.51,3.56,152.93,142.59,153.17,138.37,145.77,226788400,84967260.0,71517350.0,71748340.0,0.96,71.01,395140319.59,133.97,0.29,31.44,43.3,14.09,88.0,16.0,72.0,148.82,149.84,150.72,147.94,146.92,153.03,1.06,0.71,2.92,150.08,150.11,150.06,-4260945.21
2021-11-03,AAPL,150.39,151.97,149.82,151.49,54511500,1.44,0.98,0.47,1.44,0.98,0.47,150.65,150.33,149.84,149.48,149.14,148.68,148.12,147.69,147.5,147.3,147.11,146.91,146.7,146.22,143.84,138.03,150.57,149.78,148.73,147.12,145.76,147.42,147.62,145.26,136.84,150.09,148.77,147.26,151.08,149.83,148.76,151.19,151.27,149.59,0.09,0.02,60.5,58.48,66.71,72.0,70.78,65.8,124.46,92.26,3.37,6.06,2.23,7.73,9.49,-16.78,-11.35,75.15,55.42,114.6,83.22,75.36,98.94,60.37,154.1,140.14,9.48,0.81,155.96,138.89,11.58,0.74,3.0,2.53,2.55,1.29,3.49,3.72,153.17,143.06,153.17,139.2,146.18,281299900,84650580.0,71126620.0,70312860.0,0.78,70.66,425311800.98,134.01,0.26,31.46,38.42,14.42,84.0,12.0,72.0,150.08,151.51,153.0,148.59,147.16,152.9,1.47,0.98,2.15,151.09,150.89,151.19,30171481.4
2021-11-04,AAPL,151.58,152.43,150.64,150.96,60394600,1.48,1.08,0.41,1.48,1.08,0.41,150.81,150.54,150.09,149.75,149.42,148.97,148.39,147.94,147.72,147.5,147.3,147.09,146.87,146.37,143.98,138.16,150.25,149.93,149.21,147.5,145.89,147.48,147.7,145.48,136.91,150.31,149.14,147.59,151.28,150.18,149.11,151.31,151.56,150.0,0.1,0.04,60.15,59.79,58.4,67.98,68.2,63.41,125.9,91.24,1.48,6.69,1.48,6.12,7.67,-22.08,-15.82,67.31,65.29,71.35,77.92,78.04,77.68,58.93,154.44,140.57,9.4,0.75,156.07,138.89,11.65,0.7,2.94,2.55,2.45,1.34,3.47,3.84,153.5,143.28,153.17,139.2,146.18,220905300,76713920.0,71023980.0,70245955.0,0.86,70.53,386510800.98,134.06,0.24,32.44,36.43,14.26,80.0,8.0,72.0,151.09,152.37,153.24,150.22,148.94,152.77,-0.53,-0.35,1.79,151.34,151.54,151.25,-38801000.0
2021-11-05,AAPL,151.89,152.2,150.06,151.28,65463900,1.52,1.17,0.36,1.52,1.17,0.36,151.04,150.78,150.35,150.03,149.7,149.26,148.66,148.18,147.95,147.71,147.49,147.27,147.04,146.54,144.12,138.29,150.54,150.19,149.64,147.92,146.04,147.55,147.74,145.69,136.97,150.55,149.5,147.94,151.5,150.54,149.47,151.49,151.85,150.42,0.11,0.05,40.77,61.13,57.82,65.13,66.89,71.83,98.0,83.36,1.35,6.05,2.59,4.73,8.38,-27.96,-13.53,72.04,71.5,73.13,72.04,77.73,60.67,59.16,154.69,141.15,9.16,0.75,156.21,138.89,11.73,0.72,3.07,2.44,2.45,1.32,3.39,3.96,153.55,143.77,153.17,139.2,146.18,286369200,64816060.0,71682030.0,70580490.0,0.93,63.21,395687983.22,134.11,0.27,34.41,32.4,16.59,76.0,4.0,72.0,151.34,152.05,153.13,150.26,149.55,152.65,0.32,0.21,2.14,151.18,151.13,151.2,9177182.24
2021-11-08,AAPL,151.41,151.57,150.16,150.44,55020900,1.47,1.23,0.24,1.47,1.23,0.24,150.74,150.67,150.37,150.1,149.82,149.4,148.83,148.35,148.11,147.86,147.64,147.41,147.17,146.66,144.25,138.41,150.84,150.37,149.9,148.3,146.21,147.59,147.76,145.87,137.01,150.6,149.73,148.23,151.37,150.68,149.68,151.19,151.85,150.62,0.12,0.07,56.32,54.66,53.55,55.89,65.64,67.49,56.6,70.02,0.64,8.12,1.8,1.68,7.63,-40.38,-19.54,59.62,66.32,46.2,59.62,69.86,39.13,52.88,154.71,141.9,8.64,0.67,156.28,138.9,11.78,0.66,2.65,2.36,2.44,1.21,3.2,4.04,153.55,144.12,153.17,139.2,146.18,231348300,60902580.0,72112060.0,70108925.0,0.78,56.61,362519355.56,134.15,0.27,35.31,26.53,17.2,72.0,0.0,72.0,151.18,152.3,153.32,150.16,149.04,152.52,-0.84,-0.56,1.41,150.72,150.86,150.65,-33168627.66
2021-11-09,AAPL,150.2,151.43,150.06,150.81,56787900,1.44,1.27,0.17,1.44,1.27,0.17,150.78,150.72,150.47,150.23,149.97,149.58,149.02,148.53,148.29,148.03,147.79,147.56,147.32,146.8,144.38,138.53,151.0,150.52,150.04,148.77,146.5,147.54,147.76,146.08,137.05,150.68,149.97,148.52,151.37,150.86,149.92,151.12,151.91,150.85,0.13,0.08,70.15,58.22,58.08,55.48,66.41,66.85,51.06,70.78,1.43,6.87,1.49,1.55,9.3,-34.91,-16.89,65.09,65.58,64.1,65.09,65.58,64.1,52.09,154.41,143.13,7.58,0.68,156.14,138.95,11.65,0.69,1.97,2.34,2.36,1.15,2.82,4.04,153.7,144.34,153.17,139.2,146.18,288136200,58435760.0,71701510.0,69296525.0,0.82,56.57,367907988.41,134.2,0.3,35.37,24.97,17.64,68.0,4.0,64.0,150.72,151.29,152.13,149.88,149.31,152.4,0.37,0.25,1.37,150.77,150.74,150.78,5388632.85
2021-11-10,AAPL,150.02,150.13,147.85,147.92,65187100,1.17,1.25,-0.08,1.17,1.25,-0.08,149.35,149.78,149.9,149.81,149.66,149.37,148.92,148.49,148.26,148.02,147.8,147.57,147.34,146.84,144.45,138.63,150.28,150.43,149.95,149.12,146.67,147.46,147.72,146.23,137.08,150.21,149.89,148.61,150.4,150.49,149.77,149.75,151.19,150.52,0.13,0.09,33.64,29.04,47.74,45.36,62.34,58.34,-87.04,-13.09,-0.48,4.17,-0.93,-1.56,7.01,-77.66,-37.58,25.08,49.93,-24.61,22.34,49.01,-31.02,43.6,153.41,144.83,5.75,0.36,155.97,138.96,11.54,0.53,2.11,2.43,2.4,1.33,2.14,3.98,153.77,144.07,153.17,141.51,147.34,222949100,60570880.0,72610730.0,68617745.0,0.95,56.35,306723605.08,134.24,0.23,33.41,24.09,22.8,64.0,0.0,64.0,150.77,151.47,152.14,150.1,149.4,152.28,-2.89,-1.92,2.96,148.63,148.99,148.45,-61184383.33
2021-11-11,AAPL,148.96,149.43,147.68,147.87,41000000,0.94,1.19,-0.25,0.94,1.19,-0.25,148.61,149.15,149.45,149.46,149.38,149.18,148.82,148.44,148.24,148.01,147.8,147.59,147.36,146.87,144.51,138.72,149.66,149.95,149.84,149.33,146.89,147.37,147.74,146.37,137.13,149.74,149.77,148.69,149.65,150.15,149.62,148.79,150.57,150.21,0.12,0.1,13.8,38.47,45.27,47.45,63.69,59.07,-97.33,-44.72,-0.97,3.2,-4.7,-0.82,4.11,-78.4,-45.45,4.0,31.39,-50.78,21.6,36.34,-7.89,40.73,152.86,145.79,4.73,0.29,155.75,138.99,11.38,0.53,1.94,2.44,2.37,1.32,1.77,3.87,153.7,143.94,153.17,143.16,148.16,181949100,56691960.0,66702940.0,67172390.0,0.61,51.17,274626462.22,134.26,0.17,30.71,22.37,23.16,60.0,16.0,44.0,148.63,149.42,150.91,147.14,146.35,152.16,-0.05,-0.03,1.75,148.33,148.56,148.21,-32097142.86
2021-11-12,AAPL,148.43,150.4,147.48,149.99,63804000,0.92,1.13,-0.21,0.92,1.13,-0.21,149.3,149.43,149.57,149.56,149.47,149.28,148.93,148.56,148.35,148.12,147.91,147.69,147.46,146.97,144.62,138.83,149.41,149.97,149.93,149.58,147.13,147.3,147.8,146.53,137.22,149.75,149.84,148.89,149.79,150.23,149.75,149.12,150.59,150.32,0.12,0.1,42.64,55.34,53.36,53.72,62.62,62.19,-43.67,-9.48,0.77,4.96,0.19,1.35,5.15,-47.04,-31.77,50.71,26.6,98.93,52.96,32.3,94.28,43.95,152.42,146.74,3.8,0.57,155.52,139.08,11.16,0.66,2.05,2.52,2.37,1.32,1.42,3.82,153.98,143.88,153.17,143.16,148.16,245753100,56359980.0,60588020.0,66965575.0,0.95,57.16,320512900.58,134.31,0.15,29.29,24.37,19.5,56.0,12.0,44.0,148.33,148.97,150.08,147.22,146.58,152.05,2.12,1.43,2.92,149.29,148.94,149.46,45886438.36
2021-11-15,AAPL,150.37,151.88,149.43,150.0,59222800,0.89,1.08,-0.19,0.89,1.08,-0.19,149.65,149.62,149.67,149.64,149.56,149.37,149.03,148.66,148.46,148.23,148.01,147.79,147.56,147.07,144.73,138.94,149.32,150.08,150.02,149.76,147.49,147.21,147.83,146.7,137.3,149.75,149.88,149.08,149.9,150.3,149.87,149.37,150.6,150.41,0.12,0.1,39.81,49.88,40.32,51.95,60.92,65.08,26.76,49.9,-1.68,5.03,1.04,0.68,3.45,-46.89,-31.67,50.91,35.21,82.32,53.11,42.55,74.21,43.29,152.21,147.3,3.28,0.55,155.22,139.2,10.88,0.67,2.14,2.54,2.42,1.27,1.23,3.54,154.11,143.95,153.17,146.41,149.79,304975900,57200360.0,59051470.0,65647255.0,0.9,57.09,288846832.01,134.35,0.08,26.92,24.23,19.36,52.0,8.0,44.0,149.29,151.1,152.21,148.18,146.37,151.93,0.01,0.01,2.45,150.44,150.66,150.33,-31666068.57
2021-11-16,AAPL,149.94,151.49,149.34,151.0,59256200,0.94,1.06,-0.11,0.94,1.06,-0.11,150.32,150.08,149.96,149.88,149.78,149.58,149.22,148.84,148.62,148.38,148.16,147.93,147.7,147.2,144.85,139.06,149.36,150.18,150.13,149.87,147.82,147.1,147.85,146.88,137.38,149.92,150.0,149.3,150.3,150.54,150.09,150.0,150.85,150.66,0.11,0.11,54.35,46.99,55.22,55.98,59.71,67.67,32.26,54.5,0.8,6.71,0.98,2.15,2.24,-32.1,-32.1,71.11,57.58,98.18,67.9,57.99,87.72,45.71,152.34,147.4,3.3,0.73,154.71,139.49,10.35,0.76,2.14,2.61,2.34,1.3,1.24,3.38,154.43,144.01,153.17,146.41,149.79,364232100,57694020.0,58064890.0,64791120.0,0.91,63.13,321093229.22,134.39,0.06,25.64,23.62,17.7,48.0,4.0,44.0,150.44,151.44,152.89,148.99,147.99,151.88,1.0,0.67,2.15,150.61,150.42,150.71,32246397.21
2021-11-17,AAPL,151.0,155.0,150.99,153.49,88807000,1.17,1.08,0.09,1.17,1.08,0.09,151.91,151.22,150.75,150.54,150.35,150.07,149.62,149.18,148.94,148.66,148.42,148.17,147.93,147.41,145.02,139.21,150.47,150.38,150.44,150.08,148.21,147.06,147.92,147.07,137.48,150.52,150.34,149.67,151.42,151.19,150.61,151.54,151.69,151.32,0.12,0.11,65.65,62.54,67.22,52.74,60.2,67.26,182.58,190.39,3.04,8.93,2.0,0.92,4.23,-17.58,-17.58,79.92,67.31,105.13,82.42,67.81,111.65,48.85,153.01,147.14,3.91,1.08,154.55,139.58,10.18,0.93,2.52,2.58,2.41,1.63,1.47,3.35,154.79,144.46,155.0,146.41,150.7,453039100,62418000.0,61494440.0,66310530.0,1.34,62.71,343018149.41,134.47,0.06,23.43,24.02,17.86,100.0,0.0,100.0,150.61,151.88,152.76,149.73,148.46,146.41,2.49,1.65,4.01,153.16,153.0,153.24,21924920.2
2021-11-18,AAPL,153.71,158.67,153.05,157.87,137827700,1.68,1.2,0.48,1.68,1.2,0.48,154.89,153.43,152.33,151.87,151.51,151.04,150.41,149.82,149.51,149.18,148.88,148.59,148.32,147.75,145.28,139.39,152.47,151.07,150.79,150.5,148.69,147.14,148.07,147.28,137.58,151.88,151.08,150.29,153.68,152.54,151.61,154.55,153.5,152.68,0.12,0.11,99.5,73.29,73.83,71.97,65.9,70.69,285.79,299.01,5.23,9.81,6.91,8.07,8.39,-7.15,-6.53,92.85,81.29,115.96,92.85,81.06,116.44,56.11,155.03,145.96,6.03,1.31,154.98,139.3,10.66,1.18,3.12,2.55,2.6,2.89,2.27,3.66,155.5,145.32,158.67,146.41,152.54,590866800,81783540.0,69237750.0,70130865.0,1.97,76.4,441606646.57,134.6,0.09,25.65,34.68,8.84,100.0,0.0,100.0,153.16,155.33,157.17,151.32,149.15,146.58,4.38,2.85,5.62,156.53,155.86,156.86,98588497.15
2021-11-19,AAPL,157.65,161.02,156.53,160.55,117305600,2.28,1.41,0.86,2.28,1.41,0.86,157.72,155.81,154.16,153.45,152.9,152.23,151.38,150.62,150.22,149.81,149.45,149.11,148.8,148.17,145.58,139.6,154.58,151.99,151.51,151.09,149.28,147.37,148.29,147.52,137.7,153.61,152.04,151.06,156.22,154.17,152.86,157.72,155.65,154.35,0.14,0.12,100.0,81.61,75.62,78.67,68.74,71.57,252.97,311.02,5.98,10.85,9.27,11.59,11.86,-3.47,-3.22,96.53,89.77,110.05,96.53,90.6,108.39,65.22,157.39,144.79,8.34,1.25,156.07,138.67,11.81,1.26,3.34,2.72,2.73,4.17,3.15,4.09,156.82,145.93,161.02,146.41,153.72,708172400,92483860.0,74421920.0,73051975.0,1.61,77.58,534353835.88,134.73,0.19,27.91,38.58,8.26,100.0,4.0,96.0,156.53,160.01,162.15,154.39,150.91,147.07,2.68,1.7,4.49,159.37,158.78,159.66,92747189.31
2021-11-22,AAPL,161.68,165.7,161.0,161.02,117467900,2.76,1.68,1.07,2.76,1.68,1.07,159.37,157.54,155.68,154.83,154.15,153.33,152.29,151.39,150.92,150.43,150.01,149.63,149.28,148.59,145.89,139.81,156.79,153.05,152.31,151.71,149.89,147.6,148.5,147.76,137.82,155.25,152.98,151.81,158.22,155.66,154.03,159.95,157.5,155.89,0.17,0.13,100.0,81.73,78.55,78.03,71.11,69.95,216.06,287.78,6.66,9.87,10.58,11.0,12.38,-25.69,-24.26,74.31,87.9,47.15,74.31,87.9,47.15,58.66,159.3,144.12,10.0,1.11,157.1,138.1,12.88,1.21,3.83,2.88,2.9,4.99,3.79,4.43,158.06,146.53,165.7,146.41,156.06,825640300,104132880.0,80666620.0,76389340.0,1.54,78.8,417885662.69,134.88,0.1,29.24,43.41,7.8,100.0,0.0,100.0,159.37,162.2,163.86,157.71,154.88,147.9,0.47,0.29,5.15,162.57,163.35,162.18,-116468173.19
2021-11-23,AAPL,161.12,161.8,159.06,161.41,96041900,3.13,1.97,1.16,3.13,1.97,1.16,160.39,158.83,156.95,156.02,155.26,154.34,153.16,152.13,151.6,151.04,150.57,150.14,149.75,149.01,146.19,140.03,158.87,154.11,153.07,152.32,150.55,147.87,148.64,147.97,137.95,156.77,153.91,152.56,159.78,156.99,155.14,161.49,159.08,157.28,0.19,0.14,100.0,99.63,78.63,76.75,71.61,69.85,133.05,181.46,6.7,8.5,10.6,9.92,12.09,-23.55,-22.24,76.45,82.43,64.5,76.45,82.43,64.5,58.75,160.95,143.68,11.34,1.03,158.14,137.59,13.9,1.16,3.8,2.92,2.95,5.56,4.32,4.62,159.01,147.31,165.7,146.41,156.06,921682200,111490020.0,84592020.0,78146765.0,1.23,70.5,486587167.8,134.99,0.17,29.86,41.81,12.43,96.0,32.0,64.0,162.57,164.15,167.27,159.45,157.87,149.33,0.39,0.24,2.74,160.76,160.43,160.92,68701505.11
2021-11-24,AAPL,160.75,162.14,159.64,161.94,69463600,3.43,2.26,1.17,3.43,2.26,1.17,161.16,159.87,158.06,157.1,156.29,155.29,154.0,152.86,152.26,151.65,151.12,150.66,150.23,149.44,146.51,140.25,160.56,155.51,153.77,152.97,151.25,148.13,148.8,148.17,138.08,158.19,154.83,153.29,161.05,158.22,156.21,162.62,160.46,158.58,0.22,0.16,100.0,100.0,83.08,79.61,71.46,70.15,110.42,152.61,7.64,8.5,14.02,10.98,13.09,-20.64,-19.49,79.36,76.71,84.67,79.36,76.71,84.67,63.55,162.44,143.49,12.39,0.97,159.14,137.11,14.87,1.13,3.81,2.98,2.96,5.59,4.74,4.7,159.95,148.05,165.7,146.41,156.06,991145800,107621340.0,85019670.0,78815200.0,0.88,70.85,544936591.8,135.06,0.22,30.59,40.81,12.22,92.0,28.0,64.0,160.76,162.45,163.5,159.71,158.02,150.64,0.53,0.33,2.5,161.24,160.89,161.42,58349424.0
2021-11-26,AAPL,159.57,160.45,156.36,156.81,76959800,3.22,2.46,0.76,3.22,2.46,0.76,158.99,158.85,157.78,157.05,156.37,155.48,154.27,153.15,152.56,151.93,151.4,150.92,150.49,149.68,146.71,140.41,160.35,156.41,154.16,153.18,151.69,148.29,148.88,148.29,138.19,158.43,155.19,153.65,160.24,158.33,156.52,160.89,160.21,158.75,0.24,0.17,62.22,69.96,63.55,61.84,61.69,61.51,51.22,80.02,3.98,4.9,8.94,5.53,4.24,-48.79,-46.09,45.66,67.16,2.66,51.21,69.01,15.61,54.36,162.81,143.56,12.57,0.69,159.57,137.0,15.22,0.88,4.3,3.22,3.17,4.9,4.81,4.59,160.71,147.82,165.7,146.41,156.06,914186000,95447760.0,88615650.0,77659295.0,0.99,69.92,484911711.11,135.14,0.14,30.94,37.69,17.27,88.0,24.0,64.0,161.24,162.84,163.74,160.34,158.74,151.84,-5.13,-3.17,5.58,157.87,158.4,157.61,-60024880.68
2021-11-29,AAPL,159.37,161.19,158.79,160.24,88748200,3.29,2.62,0.67,3.29,2.62,0.67,159.61,159.31,158.33,157.63,156.97,156.07,154.84,153.68,153.05,152.39,151.83,151.33,150.87,150.02,146.98,140.61,160.28,157.43,154.76,153.7,152.2,148.57,148.99,148.46,138.31,159.13,155.86,154.2,160.71,159.02,157.22,161.16,160.85,159.51,0.25,0.19,59.38,74.98,77.16,68.89,61.36,65.01,70.83,99.9,8.33,7.77,10.25,9.8,10.44,-29.97,-28.3,66.63,63.88,72.11,70.03,66.87,76.36,56.74,163.68,143.72,12.99,0.83,160.33,136.81,15.83,1.0,4.35,3.43,3.17,4.46,4.99,4.66,161.7,147.97,165.7,147.48,156.59,1002934200,89736280.0,91110070.0,75849045.0,1.17,75.59,503400919.44,135.24,0.08,32.2,36.9,16.21,84.0,20.0,64.0,157.87,159.39,161.96,155.3,153.78,152.95,3.43,2.19,4.38,160.07,159.99,160.12,18489208.33
2021-11-30,AAPL,159.99,165.52,159.92,165.3,174048100,3.71,2.84,0.87,3.71,2.84,0.87,162.46,161.31,159.88,159.02,158.25,157.23,155.83,154.54,153.84,153.11,152.49,151.94,151.44,150.52,147.34,140.86,161.14,158.96,155.75,154.52,152.82,149.02,149.17,148.66,138.47,160.56,156.97,155.05,162.69,160.52,158.48,163.53,162.63,161.06,0.27,0.2,65.82,79.11,81.47,73.65,71.49,68.57,102.9,130.64,11.79,11.21,15.3,14.49,16.34,-2.2,-2.2,97.28,69.86,152.13,97.8,73.02,147.38,59.44,165.49,143.55,14.2,0.99,161.58,136.46,16.86,1.15,4.35,3.74,3.15,4.25,5.49,5.11,163.3,148.36,165.7,147.48,156.59,1176982300,101052320.0,102592600.0,80822035.0,2.15,78.05,663773811.59,135.45,0.16,34.42,42.2,14.7,80.0,16.0,64.0,160.07,161.36,162.47,158.96,157.67,153.97,5.06,3.16,5.6,163.58,162.72,164.01,160372892.14
2021-12-01,AAPL,167.48,170.3,164.53,164.77,152052500,3.96,3.06,0.89,3.96,3.06,0.89,163.61,162.46,160.97,160.07,159.25,158.17,156.68,155.3,154.55,153.76,153.09,152.49,151.96,150.99,147.69,141.09,161.81,160.34,156.68,155.26,153.36,149.44,149.3,148.87,138.64,161.61,157.94,155.82,163.92,161.7,159.55,164.77,163.9,162.3,0.29,0.22,62.44,74.96,78.31,79.8,72.11,68.48,126.12,146.12,9.85,10.35,13.77,16.85,14.75,-24.23,-24.23,67.94,77.28,49.26,75.77,81.2,64.9,49.88,166.92,143.6,15.02,0.91,162.66,136.23,17.69,1.08,4.53,3.94,3.33,3.56,5.83,5.49,164.56,148.81,170.3,147.48,158.89,1024929800,112254440.0,111872230.0,84968560.0,1.79,84.21,524370393.04,135.65,0.08,38.95,48.72,9.94,100.0,12.0,88.0,163.58,167.24,169.18,161.64,157.98,154.91,-0.53,-0.32,5.77,166.53,167.42,166.09,-139403418.54
2021-12-02,AAPL,158.74,164.2,157.8,163.76,136739200,4.02,3.26,0.77,4.02,3.26,0.77,163.69,162.89,161.59,160.74,159.95,158.87,157.36,155.92,155.14,154.31,153.61,152.98,152.42,151.41,148.0,141.32,162.18,161.37,157.73,155.87,153.84,149.8,149.45,149.05,138.81,162.23,158.75,156.49,164.44,162.5,160.38,165.01,164.61,163.17,0.31,0.24,57.49,65.31,75.39,77.18,69.24,63.86,57.04,77.68,9.17,10.02,10.27,15.89,12.27,-28.66,-28.66,53.08,72.77,13.72,71.34,81.64,50.75,59.62,167.98,143.76,15.53,0.83,163.58,136.02,18.4,1.01,4.79,4.31,3.52,2.75,6.05,5.75,165.98,148.74,170.3,147.48,158.89,888190600,125709560.0,116665450.0,89079945.0,1.54,78.31,642307953.04,135.8,0.12,41.54,44.51,19.96,96.0,8.0,88.0,166.53,168.54,172.3,162.77,160.76,156.45,-1.01,-0.61,6.97,161.92,161.0,162.38,117937560.0
2021-12-03,AAPL,164.02,164.96,159.72,161.84,118023100,3.88,3.38,0.5,3.88,3.38,0.5,162.76,162.54,161.64,160.94,160.24,159.24,157.78,156.36,155.57,154.73,154.01,153.37,152.79,151.75,148.28,141.52,163.18,161.76,158.67,156.42,154.25,150.1,149.58,149.17,138.97,162.32,159.32,157.01,164.13,162.83,160.87,164.18,164.64,163.55,0.33,0.26,49.71,53.49,69.34,70.41,64.32,65.23,54.46,73.4,7.18,6.08,3.97,11.85,10.88,-40.36,-37.07,39.31,53.45,11.04,59.64,68.92,41.08,55.93,168.57,144.26,15.54,0.72,164.27,135.94,18.87,0.91,5.15,4.47,3.67,2.46,6.08,5.87,166.73,148.83,170.3,147.48,158.89,770167500,133922220.0,114684990.0,91961370.0,1.28,79.18,619784460.68,135.94,0.13,43.45,42.52,19.22,92.0,4.0,88.0,161.92,166.04,168.32,159.64,155.52,157.8,-1.92,-1.17,5.24,162.17,162.34,162.09,-22523492.37
2021-12-06,AAPL,164.29,167.88,164.28,165.32,107497000,3.99,3.5,0.49,3.99,3.5,0.49,164.04,163.47,162.46,161.74,161.02,160.0,158.5,157.02,156.2,155.32,154.56,153.89,153.28,152.2,148.62,141.76,164.2,162.24,159.69,157.12,154.81,150.47,149.85,149.34,139.17,162.97,160.17,157.72,165.0,163.71,161.75,165.1,165.51,164.48,0.34,0.27,77.58,60.01,70.39,73.57,68.36,69.4,113.35,107.34,7.71,10.36,4.77,15.32,14.04,-23.76,-21.82,64.28,52.22,88.38,76.24,69.07,90.58,55.27,169.64,144.6,15.94,0.83,165.24,135.7,19.63,1.0,5.65,4.73,3.87,2.66,6.26,6.1,167.96,149.04,170.3,147.48,158.89,877664500,137671980.0,113704130.0,94063025.0,1.14,79.93,574396838.45,136.07,0.09,45.51,42.39,18.18,88.0,0.0,88.0,162.17,164.63,167.41,159.39,156.93,157.8,3.48,2.15,6.04,165.83,166.08,165.7,-45387622.22
2021-12-07,AAPL,169.08,171.58,168.34,171.18,120405400,4.51,3.7,0.81,4.51,3.7,0.81,167.61,166.04,164.4,163.45,162.58,161.4,159.71,158.07,157.17,156.2,155.37,154.64,153.98,152.82,149.06,142.05,165.37,163.26,161.1,158.15,155.56,150.99,150.21,149.59,139.39,164.59,161.51,158.78,167.53,165.52,163.26,168.27,167.68,166.33,0.36,0.29,80.63,68.13,71.83,77.01,72.29,72.53,186.72,146.18,8.43,14.92,10.16,20.18,20.74,-1.94,-1.66,97.37,66.99,158.14,98.06,77.98,138.22,63.51,171.74,144.57,17.18,0.98,166.8,135.18,20.94,1.14,5.75,5.02,4.06,3.82,6.79,6.68,169.76,149.66,171.58,147.48,159.53,998069900,126943440.0,113997880.0,97332250.0,1.24,80.83,665072510.06,136.24,0.16,47.72,45.17,16.99,100.0,36.0,64.0,165.83,167.37,169.43,163.77,162.23,159.05,5.86,3.54,6.26,170.37,169.96,170.57,90675671.6
2021-12-08,AAPL,172.13,175.96,170.7,175.08,116998900,5.17,4.0,1.17,5.17,4.0,1.17,171.35,169.05,166.77,165.57,164.5,163.11,161.17,159.33,158.33,157.25,156.33,155.53,154.81,153.55,149.58,142.38,167.44,164.62,162.71,159.37,156.42,151.65,150.66,149.92,139.64,166.74,163.12,160.04,170.63,167.75,165.11,172.05,170.41,168.62,0.38,0.31,79.28,71.67,72.91,77.84,75.83,73.88,203.07,168.39,9.05,16.7,13.67,21.59,24.27,-3.84,-3.09,95.51,85.72,115.09,96.16,90.15,108.17,64.49,174.44,144.29,18.92,1.02,168.64,134.66,22.41,1.19,5.88,5.11,4.25,5.26,7.54,7.46,171.4,150.94,175.96,147.48,161.72,1115068800,119932720.0,116093580.0,100342800.0,1.17,81.31,742923489.15,136.43,0.19,49.99,45.6,16.69,100.0,32.0,68.0,170.37,172.39,173.61,169.15,167.13,160.55,3.9,2.28,5.26,173.91,173.33,174.2,77850979.09
2021-12-09,AAPL,174.91,176.75,173.92,174.56,108923700,5.59,4.32,1.27,5.59,4.32,1.27,172.95,170.89,168.5,167.2,166.05,164.54,162.45,160.46,159.37,158.21,157.22,156.36,155.59,154.24,150.07,142.7,169.6,165.89,164.11,160.7,157.28,152.28,151.09,150.2,139.91,168.55,164.57,161.21,172.68,169.55,166.7,174.18,172.43,170.49,0.41,0.33,79.33,84.52,71.32,73.9,74.82,73.9,167.37,165.86,8.41,15.23,12.62,16.69,26.64,-10.74,-7.48,88.44,93.78,77.78,89.26,94.49,78.79,59.06,176.22,145.18,19.31,0.95,170.27,134.29,23.63,1.12,5.48,4.92,4.32,6.01,7.76,8.02,172.28,152.62,176.75,147.48,162.12,1006145100,114369620.0,120039590.0,102529630.0,1.06,81.14,683265632.26,136.6,0.18,48.8,43.26,17.37,100.0,28.0,72.0,173.91,177.13,179.17,171.87,168.65,162.71,-0.52,-0.3,2.83,175.08,175.33,174.95,-59657856.89
2021-12-10,AAPL,175.21,179.63,174.69,179.45,115402700,6.25,4.7,1.54,6.25,4.7,1.54,176.2,173.74,170.94,169.43,168.11,166.4,164.07,161.87,160.67,159.39,158.31,157.36,156.52,155.06,150.65,143.07,173.12,168.15,165.55,162.28,158.17,153.04,151.6,150.54,140.2,171.01,166.35,162.64,175.74,171.96,168.73,177.64,175.28,172.97,0.44,0.35,88.14,85.35,74.88,75.46,81.62,76.11,160.98,176.43,11.18,18.87,22.64,18.9,31.58,-0.77,-0.56,99.18,94.38,108.77,99.23,94.88,107.92,67.22,178.7,145.86,20.24,1.02,172.33,133.75,25.21,1.18,5.38,4.96,4.42,6.46,8.21,8.92,173.98,154.15,179.63,147.48,163.56,1121547800,113845540.0,123883880.0,106249765.0,1.09,81.27,790258418.9,136.8,0.24,47.28,43.67,17.22,100.0,24.0,76.0,175.08,176.23,177.91,173.4,172.25,164.96,4.89,2.8,5.07,177.92,177.16,178.3,106992786.64
2021-12-13,AAPL,181.12,182.13,175.53,175.74,153237000,6.39,5.04,1.35,6.39,5.04,1.35,175.97,174.41,172.0,170.58,169.29,167.57,165.18,162.89,161.64,160.3,159.16,158.16,157.28,155.74,151.15,143.39,175.2,169.7,166.56,163.57,159.04,153.71,152.09,150.83,140.44,172.39,167.64,163.77,176.68,173.33,170.09,178.06,176.56,174.42,0.47,0.37,81.08,70.22,67.49,68.24,76.04,72.26,124.92,150.31,8.52,16.17,15.5,14.72,25.75,-24.8,-18.44,73.74,87.12,46.97,75.2,87.9,49.82,57.93,179.97,147.16,20.06,0.87,173.79,133.62,26.14,1.05,5.33,5.06,4.65,6.2,8.2,9.33,175.3,155.06,182.13,149.34,165.74,968310800,122993540.0,130332760.0,110721415.0,1.38,71.87,646772864.35,137.06,0.15,45.19,39.7,16.87,100.0,20.0,80.0,177.92,181.16,182.86,176.22,172.98,167.6,-3.71,-2.07,6.6,177.8,178.83,177.28,-143485554.55
2021-12-14,AAPL,175.25,177.74,172.21,174.33,139380400,6.32,5.3,1.02,6.32,5.3,1.02,175.15,174.38,172.52,171.26,170.06,168.42,166.05,163.74,162.46,161.08,159.9,158.86,157.94,156.35,151.61,143.7,175.83,170.6,167.45,164.78,159.88,154.41,152.61,151.09,140.69,173.24,168.66,164.76,176.81,174.21,171.13,177.49,177.15,175.39,0.49,0.4,72.2,67.9,74.52,65.61,73.05,70.32,75.47,103.57,11.17,15.88,9.03,12.92,24.33,-30.27,-23.79,67.94,80.28,43.25,69.73,81.39,46.42,56.77,180.55,149.02,19.13,0.8,174.88,133.94,26.51,0.99,5.37,5.26,4.77,6.15,7.88,9.53,176.57,155.53,182.13,149.34,165.74,828930400,126788540.0,126865990.0,114729295.0,1.21,69.6,614259172.49,137.27,0.14,43.87,38.19,18.1,96.0,16.0,80.0,177.8,180.07,184.4,173.47,171.2,170.5,-1.41,-0.8,5.53,174.76,174.98,174.65,-32513691.86
2021-12-15,AAPL,175.11,179.5,172.31,179.3,131063300,6.59,5.55,1.03,6.59,5.55,1.03,177.23,176.02,174.03,172.72,171.48,169.78,167.31,164.89,163.55,162.09,160.84,159.75,158.78,157.1,152.16,144.05,176.68,172.06,168.64,166.2,160.86,155.17,153.21,151.39,140.97,174.82,170.04,166.01,178.46,175.84,172.67,179.17,178.82,177.08,0.52,0.42,70.93,75.34,75.58,68.94,75.36,76.18,85.24,112.22,11.89,18.89,14.53,17.36,28.3,-10.98,-8.63,87.37,76.35,109.42,89.02,77.98,111.09,62.16,181.83,150.56,18.81,0.92,176.45,133.9,27.42,1.07,5.53,5.59,5.0,6.33,7.82,9.98,178.5,156.12,182.13,150.99,166.56,959993700,129601420.0,124767070.0,118319650.0,1.11,70.84,738031051.07,137.48,0.18,42.72,37.72,17.02,92.0,12.0,80.0,174.76,177.31,180.29,171.78,169.23,172.21,4.97,2.85,7.19,177.04,175.9,177.6,123771878.58
2021-12-16,AAPL,179.28,181.14,170.75,172.26,150185800,6.16,5.68,0.49,6.16,5.68,0.49,174.74,174.77,173.63,172.64,171.6,170.09,167.78,165.44,164.11,162.66,161.4,160.3,159.31,157.6,152.56,144.33,176.22,172.91,169.33,167.14,161.55,155.78,153.65,151.65,141.23,174.85,170.62,166.75,177.26,175.92,173.17,176.94,178.28,177.24,0.53,0.44,43.74,64.56,58.87,66.18,66.66,68.22,52.79,78.43,4.21,16.45,8.5,15.45,18.77,-40.57,-31.7,44.71,66.67,0.77,59.43,72.73,32.84,51.69,181.78,152.49,17.52,0.67,177.24,134.31,27.56,0.88,6.12,5.94,5.39,5.62,7.32,10.03,179.66,155.91,182.13,153.05,167.59,809807900,137853840.0,126111730.0,121388590.0,1.24,67.6,631498871.47,137.71,0.12,43.73,37.51,12.09,88.0,8.0,80.0,177.04,181.76,184.23,174.57,169.85,182.13,-7.04,-3.93,10.39,174.72,175.94,174.1,-106532179.6
2021-12-17,AAPL,169.93,173.47,169.69,171.14,195432700,5.67,5.68,-0.01,5.67,5.68,-0.01,172.94,173.56,173.08,172.36,171.53,170.22,168.1,165.86,164.56,163.13,161.88,160.77,159.77,158.05,152.92,144.6,174.55,173.84,170.28,167.8,162.22,156.34,154.06,151.91,141.48,174.53,171.0,167.36,175.93,175.76,173.47,174.79,177.45,177.12,0.53,0.46,42.61,58.71,58.0,62.0,64.14,66.04,6.64,38.82,3.87,15.74,9.3,10.9,13.27,-45.17,-37.79,20.3,50.79,-40.67,54.83,67.76,28.97,48.05,181.87,153.73,16.77,0.62,177.92,134.75,27.62,0.84,5.91,5.9,5.38,4.17,7.03,9.97,179.89,156.31,182.13,156.36,169.24,614375200,153859840.0,133852690.0,124268840.0,1.57,59.29,586001311.68,137.97,0.06,44.27,36.88,13.46,84.0,4.0,80.0,174.72,178.68,185.11,168.29,164.33,181.9,-1.12,-0.65,3.78,171.43,171.58,171.36,-45497559.79
2021-12-20,AAPL,168.28,170.58,167.46,169.75,107499100,5.11,5.56,-0.45,5.11,5.56,-0.45,171.35,172.29,172.34,171.89,171.26,170.16,168.26,166.15,164.9,163.5,162.26,161.16,160.17,158.43,153.26,144.85,173.36,174.28,170.92,168.26,162.84,156.87,154.44,152.15,141.75,173.79,171.19,167.85,174.41,175.33,173.54,172.64,176.32,176.71,0.52,0.47,25.31,47.53,57.45,55.33,59.99,64.67,-30.32,11.37,3.66,13.17,4.43,4.45,9.2,-50.88,-48.04,15.61,26.87,-6.92,49.12,54.46,38.43,49.09,181.92,154.6,16.24,0.55,178.43,135.31,27.49,0.8,6.03,5.76,5.29,3.31,6.83,9.84,179.78,156.74,182.13,156.36,169.24,506876100,144712260.0,133852900.0,123778515.0,0.87,52.25,636305377.71,138.11,0.04,43.13,32.39,16.55,80.0,0.0,80.0,171.43,173.18,175.21,169.4,167.65,181.41,-1.39,-0.81,3.68,169.26,169.02,169.38,50304066.03
2021-12-21,AAPL,171.56,173.2,169.12,172.99,91185900,4.87,5.42,-0.56,4.87,5.42,-0.56,172.17,172.52,172.48,172.09,171.52,170.51,168.71,166.66,165.42,164.02,162.78,161.67,160.67,158.91,153.65,145.13,173.09,174.46,171.43,168.86,163.59,157.48,154.9,152.42,142.01,173.56,171.64,168.5,174.32,175.51,173.99,172.62,176.17,176.9,0.51,0.48,42.83,46.31,63.42,59.24,60.37,65.81,0.91,35.06,6.89,15.33,1.81,8.22,11.97,-37.57,-35.47,37.7,24.54,64.01,62.43,55.46,76.38,50.29,182.23,155.48,15.84,0.65,179.12,135.83,27.49,0.86,5.89,5.64,5.27,3.17,6.69,9.72,179.98,157.44,182.13,156.36,169.24,598062000,135073360.0,130930950.0,122464415.0,0.74,50.75,718104493.89,138.23,0.12,40.44,30.35,16.9,76.0,4.0,72.0,169.26,171.07,172.38,167.95,166.14,180.58,3.24,1.91,4.08,171.77,171.16,172.08,81799116.18
2021-12-22,AAPL,173.04,175.86,172.15,175.64,92135300,4.84,5.31,-0.47,4.84,5.31,-0.47,173.9,173.56,173.19,172.74,172.16,171.15,169.37,167.32,166.08,164.67,163.41,162.28,161.26,159.45,154.08,145.44,172.36,174.52,172.16,169.57,164.42,158.16,155.46,152.72,142.29,173.77,172.28,169.28,175.09,176.12,174.72,173.8,176.67,177.49,0.5,0.48,53.21,51.78,62.68,62.89,61.76,65.89,36.33,61.37,6.24,16.32,0.56,11.88,14.23,-28.96,-25.18,55.76,36.36,94.57,71.04,60.86,91.39,57.11,182.79,156.35,15.59,0.73,179.9,136.42,27.49,0.9,5.48,5.4,5.2,3.19,6.61,9.65,180.18,158.56,182.13,156.36,169.24,690197300,127287760.0,128444590.0,122269085.0,0.75,57.09,799312696.31,138.36,0.13,42.02,35.17,8.74,72.0,0.0,72.0,171.77,174.42,175.85,170.34,167.69,179.79,2.65,1.53,3.71,174.55,174.0,174.82,81208202.43
2021-12-23,AAPL,175.85,176.85,175.27,176.28,68356600,4.81,5.21,-0.4,4.81,5.21,-0.4,175.09,174.47,173.87,173.38,172.79,171.79,170.03,167.99,166.74,165.31,164.04,162.89,161.84,160.01,154.52,145.74,173.16,174.69,172.99,170.29,165.36,158.87,156.02,153.01,142.56,174.09,172.92,170.05,175.83,176.73,175.43,174.86,177.19,178.08,0.49,0.48,40.61,43.94,57.19,66.11,61.91,63.95,60.64,74.25,2.98,14.85,1.72,14.44,14.34,-32.77,-22.7,60.12,51.19,77.98,67.23,66.9,67.88,59.29,183.32,157.26,15.3,0.73,180.62,137.11,27.38,0.9,4.92,5.14,5.14,3.24,6.52,9.36,180.31,159.74,182.13,156.36,169.24,758553900,110921920.0,124387880.0,122213735.0,0.56,56.06,818348711.5,138.46,0.11,43.64,37.28,9.18,68.0,0.0,68.0,174.55,176.95,178.26,173.24,170.84,179.05,0.64,0.36,1.58,176.13,176.06,176.17,19036015.19
2021-12-27,AAPL,177.09,180.42,177.07,180.33,74919600,5.05,5.17,-0.12,5.05,5.17,-0.12,177.71,176.42,175.31,174.64,173.95,172.86,171.01,168.9,167.61,166.15,164.83,163.65,162.57,160.67,155.03,146.09,175.0,174.78,174.22,171.46,166.44,159.6,156.67,153.34,142.86,175.12,173.88,171.01,177.68,177.96,176.57,177.37,178.6,179.29,0.48,0.48,80.83,58.66,57.37,66.53,63.94,64.69,135.92,107.75,3.0,14.23,0.88,15.01,23.52,-12.27,-6.98,94.08,69.99,142.26,87.73,75.33,112.53,58.21,183.59,159.34,14.14,0.87,181.73,137.46,27.74,0.97,4.48,5.01,5.22,3.39,6.06,9.15,181.02,161.0,182.13,157.8,169.96,833473500,86819300.0,120339570.0,122111725.0,0.61,55.4,889242780.76,138.59,0.17,45.16,39.22,9.43,64.0,0.0,64.0,176.13,177.0,177.71,175.42,174.55,167.46,4.05,2.3,4.14,179.27,178.74,179.54,70894069.25
2021-12-28,AAPL,180.16,181.33,178.53,179.29,79144300,5.1,5.16,-0.06,5.1,5.16,-0.06,178.5,177.38,176.19,175.49,174.77,173.67,171.8,169.67,168.37,166.88,165.54,164.33,163.23,161.28,155.51,146.42,176.91,175.13,175.15,172.42,167.42,160.29,157.28,153.67,143.13,175.94,174.63,171.84,178.67,178.8,177.45,178.52,179.43,180.12,0.48,0.48,81.32,59.49,56.54,60.0,68.17,63.45,127.06,107.18,2.71,11.67,3.55,8.11,19.05,-19.36,-11.67,85.29,79.83,96.21,80.64,78.53,84.86,65.27,183.8,161.03,13.2,0.8,182.69,137.88,27.95,0.92,3.4,4.76,5.09,3.68,5.69,8.89,181.32,162.28,182.13,157.8,169.96,754329200,81148340.0,112930300.0,121631530.0,0.65,54.41,853062529.33,138.71,0.14,46.05,37.06,9.92,60.0,16.0,44.0,179.27,181.48,182.62,178.13,175.92,167.72,-1.04,-0.58,2.8,179.72,179.93,179.61,-36180251.43
2021-12-29,AAPL,179.33,180.63,178.14,179.38,62348900,5.09,5.15,-0.05,5.09,5.15,-0.05,178.94,178.05,176.9,176.2,175.48,174.38,172.52,170.39,169.08,167.57,166.21,164.98,163.86,161.88,155.99,146.74,178.18,175.64,175.7,173.12,168.4,160.94,157.95,154.0,143.4,176.71,175.29,172.61,179.38,179.51,178.24,179.26,180.06,180.81,0.47,0.48,91.12,50.19,49.89,55.85,66.35,63.29,98.1,95.86,-0.04,11.4,5.05,4.3,14.08,-18.75,-11.3,85.94,88.44,80.95,81.25,83.21,77.35,66.33,184.39,161.85,13.02,0.78,183.62,138.26,28.19,0.91,3.21,4.56,5.0,3.89,5.63,8.51,181.64,163.4,182.13,157.8,169.96,816678100,75380940.0,105227150.0,116046570.0,0.54,48.82,852812132.14,138.81,0.08,46.22,31.81,10.96,56.0,12.0,44.0,179.72,180.9,182.52,178.1,176.92,168.26,0.09,0.05,2.49,179.38,179.38,179.38,-250397.19
2021-12-30,AAPL,179.47,180.57,178.09,178.2,59773000,4.93,5.1,-0.17,4.93,5.1,-0.17,178.57,178.1,177.19,176.56,175.9,174.86,173.06,170.97,169.67,168.16,166.8,165.56,164.42,162.41,156.43,147.06,178.7,175.53,175.91,173.79,169.31,161.53,158.57,154.32,143.67,177.18,175.77,173.25,179.46,179.87,178.79,179.14,180.22,181.15,0.47,0.48,76.99,69.29,54.27,54.86,61.8,61.91,74.97,84.09,1.4,10.4,-1.1,3.64,13.43,-26.79,-16.15,77.43,82.89,66.52,73.21,78.37,62.89,62.41,184.56,163.03,12.39,0.7,184.45,138.61,28.38,0.86,3.04,4.54,4.85,3.79,5.38,8.03,182.14,163.99,182.13,157.8,169.96,756905100,68908480.0,98098120.0,111432595.0,0.54,43.2,798341575.69,138.91,0.12,46.52,30.75,11.1,52.0,8.0,44.0,179.38,180.63,181.87,178.14,176.89,168.79,-1.18,-0.66,2.48,178.95,179.33,178.76,-54470556.45
2021-12-31,AAPL,178.09,179.23,177.26,177.57,64062300,4.7,5.02,-0.32,4.7,5.02,-0.32,178.07,177.92,177.27,176.74,176.16,175.2,173.49,171.46,170.18,168.69,167.32,166.08,164.94,162.91,156.85,147.36,178.95,176.06,176.11,174.48,170.11,162.1,159.16,154.64,143.95,177.55,176.13,173.78,179.27,180.04,179.19,178.69,180.12,181.29,0.46,0.47,62.65,71.56,55.78,47.17,61.69,66.28,51.71,66.8,1.86,9.65,5.31,-1.88,13.81,-31.08,-18.74,72.89,78.76,61.16,68.92,74.46,57.83,54.46,184.26,164.7,11.21,0.66,185.18,139.02,28.48,0.84,2.74,4.32,4.67,3.65,4.89,7.59,182.12,164.86,182.13,159.72,170.92,692842800,68049620.0,89485770.0,107798750.0,0.59,36.76,754441014.77,139.0,0.05,45.97,27.56,13.04,48.0,4.0,44.0,178.95,179.82,181.43,177.34,176.47,169.29,-0.63,-0.35,1.97,178.02,178.24,177.91,-43900560.91
2022-01-03,AAPL,177.83,182.88,177.71,182.01,104487900,4.82,4.98,-0.16,4.82,4.98,-0.16,180.04,179.28,178.33,177.7,177.06,176.05,174.3,172.24,170.94,169.43,168.04,166.77,165.61,163.54,157.34,147.71,179.29,177.14,176.28,175.49,170.91,162.75,159.8,155.0,144.26,178.63,176.85,174.55,180.55,180.97,180.08,180.34,181.13,182.18,0.45,0.47,75.07,84.13,54.93,59.25,65.69,66.81,108.73,116.19,1.51,16.07,10.87,6.27,20.17,-5.64,-3.76,93.68,81.33,118.36,94.36,78.83,125.42,57.33,183.84,167.14,9.51,0.89,186.21,139.29,28.83,0.91,2.97,4.22,4.59,3.65,4.17,7.52,182.75,165.85,182.88,164.28,173.58,797330700,73963280.0,80391290.0,107121990.0,0.98,45.58,823762774.35,139.17,0.1,45.85,30.1,13.33,100.0,0.0,100.0,178.02,178.78,179.99,176.81,176.05,169.77,4.44,2.5,5.31,180.87,180.3,181.15,69321759.57
2022-01-04,AAPL,182.63,182.94,179.12,179.7,99310400,4.67,4.92,-0.25,4.67,4.92,-0.25,179.87,179.42,178.63,178.06,177.46,176.5,174.82,172.79,171.5,170.0,168.61,167.33,166.16,164.07,157.79,148.02,179.37,178.14,176.54,176.21,171.55,163.37,160.42,155.31,144.55,179.09,177.25,175.11,180.69,181.31,180.59,180.34,181.31,182.49,0.44,0.46,46.75,69.7,66.33,57.72,65.25,61.61,87.88,104.23,4.32,12.14,9.95,5.37,14.38,-20.93,-17.36,69.97,78.85,52.22,79.07,80.78,75.65,52.53,183.24,169.18,7.98,0.75,186.95,139.79,28.87,0.85,3.29,4.1,4.52,2.62,3.52,7.43,183.02,166.61,182.94,167.46,175.2,698020300,77996500.0,79572420.0,106712660.0,0.93,46.78,754609459.16,139.33,0.08,47.54,31.1,7.94,100.0,12.0,88.0,180.87,184.02,186.04,178.85,175.7,170.56,-2.31,-1.27,3.82,180.59,181.03,180.36,-69153315.18
2022-01-05,AAPL,179.61,180.17,174.64,174.92,94537600,4.12,4.76,-0.64,4.12,4.76,-0.64,177.4,177.92,177.81,177.49,177.07,176.31,174.83,172.95,171.72,170.27,168.92,167.66,166.5,164.42,158.13,148.29,178.48,178.33,176.58,176.4,172.02,163.89,160.95,155.57,144.81,178.51,177.13,175.33,179.17,180.71,180.43,178.12,180.16,181.85,0.43,0.46,33.73,48.12,57.15,43.67,58.02,57.66,1.3,4.87,2.21,5.82,1.93,-4.38,3.74,-51.81,-51.81,3.37,55.67,-101.23,48.19,73.87,-3.17,38.71,183.06,169.74,7.55,0.39,187.31,140.48,28.57,0.74,3.49,3.98,4.5,2.24,3.33,7.18,182.79,166.86,182.94,167.46,175.2,603482700,84434240.0,79907590.0,105419270.0,0.9,38.25,669645287.01,139.47,0.0,46.84,28.87,16.21,96.0,8.0,88.0,180.59,182.05,184.41,178.23,176.77,171.55,-4.78,-2.66,5.53,176.58,177.4,176.16,-84964172.15
2022-01-06,AAPL,172.7,175.3,171.64,172.0,96904000,3.41,4.49,-1.08,3.41,4.49,-1.08,174.7,175.95,176.52,176.49,176.29,175.77,174.56,172.88,171.74,170.37,169.07,167.85,166.72,164.67,158.4,148.53,177.24,177.97,176.1,176.24,172.37,164.35,161.46,155.78,145.07,177.36,176.71,175.33,177.05,179.64,179.9,175.27,178.41,180.72,0.4,0.44,27.31,40.02,54.02,49.57,50.72,56.04,-71.65,-84.92,1.33,4.39,-3.64,-0.26,-3.08,-70.67,-70.67,3.19,25.51,-41.46,29.33,52.2,-16.41,38.41,183.17,169.32,7.86,0.19,187.48,141.21,28.16,0.67,3.61,3.5,4.38,2.92,3.46,6.89,181.56,167.55,182.94,167.46,175.2,506578700,91860440.0,80384460.0,104414525.0,0.93,39.85,591804368.98,139.59,-0.07,43.83,29.49,24.56,92.0,4.0,88.0,176.58,178.51,182.11,172.98,171.05,182.94,-2.92,-1.67,3.66,172.98,173.47,172.74,-77840918.03
2022-01-07,AAPL,172.89,174.14,171.03,172.17,86709100,2.83,4.16,-1.33,2.83,4.16,-1.33,173.43,174.69,175.55,175.71,175.66,175.32,174.33,172.83,171.77,170.47,169.22,168.04,166.93,164.92,158.67,148.76,176.16,177.56,176.09,176.12,172.71,164.81,161.98,156.0,145.32,176.3,176.32,175.32,175.52,178.72,179.43,173.45,176.98,179.73,0.37,0.43,30.23,26.77,48.35,51.74,47.26,57.78,-86.63,-90.13,-0.47,5.14,-4.11,1.03,-2.39,-69.57,-69.57,9.57,5.38,17.96,30.43,35.98,19.32,37.63,183.25,169.0,8.09,0.22,187.61,142.01,27.67,0.66,3.7,3.45,4.27,3.43,3.56,6.6,181.24,167.42,182.94,167.46,175.2,593287800,96389800.0,82219710.0,103303795.0,0.84,43.4,568663355.15,139.7,-0.06,41.3,29.9,23.97,88.0,0.0,88.0,172.98,174.32,176.64,170.66,169.32,182.71,0.17,0.1,3.11,172.45,172.58,172.38,-23141013.83
2022-01-10,AAPL,169.08,172.5,168.17,172.19,106765600,2.35,3.8,-1.45,2.35,3.8,-1.45,172.81,173.86,174.8,175.07,175.12,174.93,174.13,172.78,171.8,170.56,169.36,168.22,167.14,165.15,158.94,149.0,174.2,176.74,176.16,175.76,173.22,165.21,162.45,156.25,145.58,175.33,175.95,175.28,174.39,177.91,178.99,172.3,175.8,178.83,0.34,0.41,31.63,28.54,42.25,54.33,47.75,55.45,-127.02,-109.51,-1.96,6.4,-8.14,2.44,-7.26,-72.78,-69.44,27.22,13.32,55.0,27.22,28.99,23.67,45.37,182.91,168.61,8.14,0.25,187.82,142.59,27.38,0.65,3.96,3.5,4.35,3.65,3.58,5.88,181.13,167.12,182.94,167.46,175.2,700053400,96845340.0,85404310.0,102871940.0,1.04,43.39,660141502.04,139.83,-0.06,39.58,29.5,24.93,84.0,0.0,84.0,172.45,173.86,175.56,170.75,169.34,182.25,0.02,0.01,4.33,170.95,170.33,171.26,91478146.88
2022-01-11,AAPL,172.32,175.18,170.82,175.08,76138300,2.17,3.47,-1.3,2.17,3.47,-1.3,173.95,174.26,174.87,175.07,175.12,174.95,174.22,172.95,172.01,170.81,169.64,168.52,167.45,165.48,159.26,149.26,173.27,176.32,176.52,175.73,173.72,165.71,162.96,156.54,145.85,175.03,175.88,175.4,174.52,177.73,178.93,172.91,175.56,178.54,0.31,0.39,23.53,38.88,47.55,53.76,45.69,53.25,-71.67,-43.62,-0.68,5.9,-4.21,2.09,-0.66,-53.22,-50.78,46.78,27.86,84.64,46.78,34.81,70.73,51.71,182.89,168.57,8.15,0.45,188.05,143.38,26.96,0.71,4.3,3.52,4.31,3.57,3.58,5.36,181.26,167.18,182.94,167.46,175.2,776191700,92210920.0,85103710.0,99017005.0,0.77,42.72,732787219.47,139.93,0.04,38.17,29.46,24.79,80.0,0.0,80.0,170.95,173.74,175.28,169.41,166.62,181.4,2.89,1.68,4.36,173.69,173.0,174.04,72645717.43
2022-01-12,AAPL,176.12,177.18,174.82,175.53,74805200,2.04,3.18,-1.14,2.04,3.18,-1.14,174.74,174.69,175.01,175.15,175.18,175.02,174.34,173.14,172.24,171.08,169.93,168.82,167.77,165.81,159.58,149.52,173.39,175.94,176.69,175.79,174.06,166.24,163.44,156.81,146.13,174.88,175.86,175.52,174.77,177.63,178.92,173.59,175.47,178.34,0.29,0.37,31.43,42.83,38.53,49.79,49.78,50.4,-23.79,3.01,-2.66,2.54,-3.85,-0.11,1.2,-50.17,-47.87,49.83,41.28,66.94,49.83,41.28,66.94,45.43,182.92,168.66,8.11,0.48,188.21,144.27,26.43,0.71,3.88,3.42,4.11,3.41,3.56,5.12,181.19,167.49,182.94,167.46,175.2,850996900,88264440.0,86349340.0,95788245.0,0.78,41.89,702991927.94,140.03,0.05,34.32,28.91,25.49,76.0,36.0,40.0,173.69,176.57,178.05,172.21,169.33,180.61,0.45,0.26,2.36,175.84,176.0,175.76,-29795291.53
2022-01-13,AAPL,175.78,176.62,171.79,172.19,84505800,1.65,2.88,-1.23,1.65,2.88,-1.23,173.46,173.85,174.39,174.62,174.72,174.67,174.14,173.07,172.23,171.14,170.04,168.97,167.94,166.02,159.83,149.74,173.43,175.34,176.46,175.43,174.31,166.69,163.83,157.04,146.38,174.2,175.52,175.4,173.86,176.93,178.49,172.59,174.52,177.53,0.26,0.35,36.06,37.38,34.71,42.78,47.83,48.0,-70.9,-44.46,-3.96,-1.65,-6.01,-4.09,-7.11,-72.78,-69.44,27.22,41.28,-0.9,27.22,41.28,-0.9,42.82,182.53,168.33,8.1,0.27,188.21,145.16,25.83,0.63,4.03,3.66,4.08,3.49,3.55,4.83,181.45,166.82,182.94,167.46,175.2,766491100,85784800.0,88822620.0,93460370.0,0.9,35.49,632482947.82,140.13,-0.06,30.6,25.14,29.79,72.0,32.0,40.0,175.84,176.87,178.2,174.51,173.48,179.86,-3.34,-1.9,4.83,173.53,174.2,173.2,-70508980.12
2022-01-14,AAPL,171.34,173.78,171.09,173.07,80440800,1.4,2.58,-1.19,1.4,2.58,-1.19,173.27,173.59,174.09,174.33,174.47,174.47,174.04,173.07,172.29,171.24,170.19,169.15,168.14,166.25,160.09,149.98,173.61,174.89,176.24,175.47,174.62,167.12,164.23,157.27,146.63,173.79,175.3,175.32,173.49,176.47,178.19,172.37,173.97,176.96,0.23,0.32,56.9,24.83,36.86,35.56,43.12,44.24,-78.0,-59.8,-3.52,-0.85,-4.5,-7.26,0.81,-66.82,-63.76,33.18,36.74,26.04,33.18,36.74,26.04,48.4,182.51,168.44,8.02,0.33,188.26,145.98,25.3,0.64,3.62,3.55,3.86,3.46,3.52,4.41,181.14,166.93,182.94,167.46,175.2,846931900,84531140.0,90460470.0,89973120.0,0.89,28.89,670460574.58,140.23,0.02,28.11,18.7,32.07,68.0,28.0,40.0,173.53,175.28,178.36,170.45,168.7,179.16,0.88,0.51,2.69,172.65,172.44,172.75,37977626.77
2022-01-18,AAPL,171.51,172.54,169.41,169.8,90956700,0.92,2.25,-1.33,0.92,2.25,-1.33,171.53,172.33,173.14,173.51,173.75,173.88,173.63,172.83,172.13,171.16,170.17,169.18,168.21,166.37,160.29,150.17,173.13,173.66,175.54,175.4,174.88,167.5,164.57,157.49,146.85,172.86,174.76,175.01,172.14,175.47,177.5,170.8,172.67,175.85,0.2,0.3,39.08,23.56,33.91,32.66,47.04,44.59,-105.85,-101.81,-4.71,-5.38,-12.21,-9.49,-1.34,-88.96,-84.88,13.58,24.66,-8.57,11.04,23.81,-14.51,47.56,182.63,168.17,8.24,0.11,188.13,146.86,24.64,0.56,3.62,3.61,3.54,2.75,3.62,3.81,180.86,166.4,182.94,167.46,175.2,755975200,81369360.0,89107350.0,84749320.0,1.07,21.85,602170400.46,140.34,0.01,26.52,16.58,34.84,64.0,24.0,40.0,172.65,174.2,175.34,171.51,169.96,178.5,-3.27,-1.89,3.66,170.58,170.98,170.39,-68290174.12
2022-01-19,AAPL,170.0,171.08,165.94,166.23,94815000,0.25,1.85,-1.6,0.25,1.85,-1.6,168.88,170.3,171.6,172.19,172.59,172.93,172.93,172.34,171.75,170.89,169.98,169.05,168.13,166.36,160.4,150.33,171.36,172.32,174.67,175.23,174.91,167.79,164.86,157.67,147.05,171.51,173.88,174.45,169.98,173.95,176.41,168.21,170.68,174.22,0.17,0.27,29.31,25.19,30.48,28.69,44.41,42.9,-141.69,-156.47,-6.39,-5.41,-13.47,-13.15,-3.52,-98.29,-98.29,2.58,16.45,-25.15,1.71,15.31,-25.49,42.06,183.17,167.28,9.07,-0.07,187.89,147.69,23.96,0.46,3.91,3.8,3.61,2.77,3.97,3.74,180.53,165.32,182.94,165.94,174.44,661160200,85104700.0,88657810.0,84115115.0,1.13,21.36,518054369.33,140.43,-0.07,26.06,15.76,38.89,60.0,100.0,-40.0,170.58,171.76,173.71,168.63,167.45,177.88,-3.57,-2.1,5.14,167.75,168.51,167.37,-84116031.13
2022-01-20,AAPL,166.98,169.68,164.18,164.51,91420500,-0.41,1.4,-1.81,-0.41,1.4,-1.81,166.7,168.37,170.03,170.79,171.35,171.87,172.13,171.76,171.28,170.54,169.71,168.85,167.99,166.3,160.49,150.47,169.16,171.28,173.68,174.8,174.69,168.08,165.12,157.83,147.23,170.09,172.86,173.78,167.85,172.33,175.21,165.79,168.62,172.47,0.13,0.24,10.05,27.04,16.76,28.19,44.08,36.26,-154.18,-169.44,-9.61,-5.63,-10.41,-13.69,-8.48,-98.24,-98.24,2.54,6.23,-4.85,1.76,4.83,-4.39,33.01,184.05,165.56,10.58,-0.06,187.57,148.58,23.2,0.41,4.08,4.02,3.69,3.53,4.62,4.14,180.16,164.09,182.94,164.18,173.56,569739700,88427760.0,88346100.0,84126845.0,1.09,20.92,437604329.33,140.52,-0.17,25.96,14.91,39.84,56.0,100.0,-44.0,167.75,169.56,172.89,164.42,162.61,176.93,-1.72,-1.03,5.5,166.12,166.93,165.72,-80450040.0
2022-01-21,AAPL,164.42,166.33,162.3,162.41,122848900,-1.09,0.9,-1.99,-1.09,0.9,-1.99,164.55,166.38,168.33,169.27,169.97,170.69,171.2,171.07,170.71,170.08,169.35,168.57,167.77,166.17,160.52,150.59,167.2,170.32,172.63,174.14,174.27,168.31,165.34,157.92,147.39,168.48,171.68,172.99,165.61,170.54,173.85,163.34,166.42,170.55,0.08,0.21,5.91,23.25,16.89,26.93,37.74,39.93,-169.34,-177.98,-9.62,-9.42,-9.59,-15.16,-13.23,-99.47,-99.47,0.74,1.95,-1.69,0.53,1.33,-1.07,23.84,184.91,163.38,12.36,-0.05,187.23,149.38,22.49,0.34,4.03,4.17,3.69,4.49,5.38,4.71,179.53,162.87,182.94,162.3,172.62,446890800,96096380.0,90940590.0,85662525.0,1.43,20.11,321461820.9,140.63,-0.28,26.78,14.38,40.24,52.0,100.0,-48.0,166.12,168.07,171.62,162.57,160.62,175.65,-2.1,-1.28,4.03,163.68,164.32,163.36,-116142508.44
2022-01-24,AAPL,160.02,162.3,154.7,161.62,162294600,-1.68,0.38,-2.06,-1.68,0.38,-2.06,163.09,164.79,166.84,167.88,168.69,169.56,170.29,170.37,170.12,169.61,168.98,168.27,167.53,166.02,160.55,150.7,164.91,169.26,171.56,173.41,173.84,168.58,165.56,158.02,147.53,166.9,170.49,172.17,163.75,168.87,172.51,161.51,164.45,168.72,0.04,0.18,7.14,22.2,19.94,15.1,33.02,40.2,-190.23,-203.11,-7.6,-6.18,-10.55,-20.39,-14.66,-75.5,-75.5,30.78,11.35,69.64,24.5,8.93,55.65,34.59,185.48,161.34,13.92,0.01,186.68,150.49,21.47,0.31,4.79,4.34,3.88,5.19,6.03,5.24,178.96,161.61,182.94,154.7,168.82,284596200,112467140.0,98499140.0,90359425.0,1.8,11.36,454714229.32,140.74,-0.2,29.28,7.81,51.16,48.0,100.0,-52.0,163.68,165.06,167.71,161.03,159.65,174.05,-0.79,-0.49,7.71,159.54,158.5,160.06,133252408.42
2022-01-25,AAPL,158.98,162.76,157.02,159.78,115798400,-2.26,-0.15,-2.12,-2.26,-0.15,-2.12,161.43,163.12,165.27,166.4,167.32,168.34,169.29,169.58,169.45,169.07,168.53,167.9,167.22,165.82,160.53,150.79,162.91,168.02,170.08,172.38,173.18,168.82,165.68,158.1,147.68,165.17,169.19,171.26,161.82,167.1,171.07,159.62,162.4,166.79,-0.0,0.14,0.0,7.41,20.96,15.34,30.58,39.83,-145.39,-169.07,-7.1,-6.64,-12.41,-19.92,-20.55,-80.05,-82.01,22.6,18.04,31.71,19.95,14.99,29.85,38.78,185.43,159.33,15.14,0.02,186.1,151.54,20.47,0.24,4.92,4.48,4.08,5.85,6.52,5.72,178.24,160.34,182.94,154.7,168.82,168797800,117435480.0,99402420.0,92403365.0,1.25,19.29,450275963.12,140.82,-0.24,30.16,8.2,49.59,44.0,96.0,-52.0,159.54,164.38,167.14,156.78,151.94,171.34,-1.84,-1.14,5.74,159.85,159.89,159.83,-4438266.2
2022-01-26,AAPL,163.5,164.39,157.82,159.69,108275300,-2.71,-0.66,-2.05,-2.71,-0.66,-2.05,160.56,161.98,164.03,165.18,166.14,167.25,168.37,168.85,168.82,168.55,168.1,167.54,166.93,165.62,160.51,150.88,161.6,166.48,168.75,171.4,172.65,169.01,165.84,158.16,147.8,163.66,167.98,170.39,160.44,165.57,169.74,158.5,160.75,165.09,-0.05,0.1,0.0,5.0,20.23,18.34,23.21,35.5,-109.34,-135.17,-7.25,-5.93,-15.39,-15.23,-19.6,-77.8,-82.33,22.76,25.38,17.53,22.2,22.22,22.16,36.43,185.19,157.62,16.09,0.08,185.63,152.39,19.67,0.22,5.48,4.55,4.19,5.81,6.89,6.21,177.47,159.27,182.94,154.7,168.82,60522500,120127540.0,102616120.0,93859915.0,1.15,26.68,403636830.85,140.9,-0.24,32.39,10.63,41.75,40.0,92.0,-52.0,159.85,162.69,165.59,156.95,154.11,169.01,-0.09,-0.06,6.57,160.63,161.1,160.4,-46639132.27
2022-01-27,AAPL,162.45,163.84,158.28,159.22,121954600,-3.06,-1.14,-1.92,-3.06,-1.14,-1.92,159.89,161.06,162.96,164.1,165.08,166.25,167.5,168.14,168.2,168.03,167.66,167.18,166.63,165.41,160.49,150.96,160.54,164.85,167.7,170.39,172.14,169.2,166.01,158.2,147.94,162.34,166.82,169.53,159.33,164.17,168.48,157.72,159.35,163.54,-0.09,0.06,0.0,5.97,19.71,20.42,23.56,31.2,-94.24,-119.51,-7.53,-7.96,-16.31,-12.78,-20.16,-79.89,-83.99,23.69,23.02,25.03,20.11,20.75,18.82,36.42,184.66,156.12,16.75,0.11,185.15,153.25,18.85,0.19,5.75,4.69,4.33,5.25,7.14,6.66,176.87,158.13,182.94,154.7,168.82,-61432100,126234360.0,107331060.0,96840200.0,1.26,26.37,322918678.33,140.99,-0.27,35.7,10.32,35.97,36.0,88.0,-52.0,160.63,163.45,167.2,156.88,154.06,167.01,-0.47,-0.29,5.56,160.45,161.06,160.14,-80718152.52
2022-01-28,AAPL,165.71,170.35,162.8,170.33,179935700,-2.41,-1.39,-1.02,-2.41,-1.39,-1.02,165.11,164.15,164.6,165.23,165.89,166.76,167.77,168.3,168.34,168.16,167.79,167.32,166.77,165.57,160.68,151.16,162.13,164.67,167.59,170.0,171.84,169.58,166.35,158.34,148.12,163.34,166.81,169.41,162.26,165.0,168.73,162.41,161.15,164.21,-0.12,0.03,67.74,44.51,41.98,47.17,40.76,44.51,6.36,-28.61,-2.71,-3.02,-1.86,-1.84,-7.87,-30.47,-44.65,87.61,44.69,173.46,69.53,37.28,134.03,50.75,183.79,156.21,16.22,0.51,184.65,154.52,17.76,0.52,6.61,5.26,4.74,4.99,6.89,6.53,178.29,157.25,182.94,154.7,168.82,118503600,137651720.0,116874050.0,102848335.0,1.75,36.78,501901076.61,141.16,-0.14,36.82,18.04,31.22,32.0,84.0,-52.0,160.45,162.61,166.01,157.05,154.89,154.7,11.11,6.98,11.13,167.83,166.58,168.45,178982398.28
2022-01-31,AAPL,170.16,175.0,169.51,174.78,115541600,-1.52,-1.42,-0.11,-1.52,-1.42,-0.11,169.95,167.69,166.86,166.97,167.26,167.76,168.44,168.78,168.76,168.52,168.13,167.64,167.08,165.87,160.96,151.39,164.76,164.84,167.76,169.86,171.93,170.01,166.74,158.54,148.32,165.17,167.27,169.6,165.95,166.54,169.51,167.68,163.83,165.62,-0.13,-0.0,82.99,59.53,48.88,53.5,46.73,44.91,74.75,38.43,-0.43,-0.85,1.71,2.59,-2.79,-10.68,-28.9,98.92,70.07,156.6,89.32,59.65,148.67,57.36,183.38,156.34,15.92,0.68,184.41,155.62,16.93,0.67,6.6,5.34,4.88,5.33,6.76,6.55,179.12,157.76,182.94,154.7,168.82,234045200,128301120.0,120384130.0,105422300.0,1.1,44.42,608182511.95,141.29,-0.07,36.63,23.98,26.91,28.0,80.0,-52.0,167.83,172.85,175.38,165.3,160.28,155.01,4.45,2.61,5.49,173.1,172.26,173.52,106281435.34
2022-02-01,AAPL,174.01,174.84,172.31,174.61,86213900,-0.82,-1.3,0.48,-0.82,-1.3,0.48,172.28,170.0,168.58,168.36,168.39,168.62,169.03,169.21,169.13,168.86,168.45,167.94,167.38,166.16,161.23,151.62,167.73,165.32,167.92,169.49,172.04,170.35,167.13,158.74,148.52,166.95,167.72,169.77,168.66,167.84,170.19,171.16,166.04,166.84,-0.12,-0.03,85.82,68.43,53.97,49.31,47.14,45.64,85.32,55.75,1.41,-3.17,4.81,-0.47,-7.4,-11.43,-29.5,98.08,94.87,104.5,88.57,82.47,100.76,60.86,181.98,157.0,14.73,0.7,184.36,156.33,16.46,0.65,6.39,5.21,4.91,6.0,6.24,6.57,179.45,158.61,182.94,154.7,168.82,147831300,122384220.0,119909850.0,104508600.0,0.82,44.81,678721157.4,141.39,-0.07,37.0,20.91,27.58,24.0,76.0,-52.0,173.1,176.68,178.59,171.19,167.61,155.81,-0.17,-0.1,2.53,173.92,173.58,174.09,70538645.45
2022-02-02,AAPL,174.75,175.88,173.33,175.84,84914300,-0.17,-1.07,0.9,-0.17,-1.07,0.9,174.06,171.95,170.2,169.72,169.53,169.52,169.67,169.7,169.57,169.25,168.81,168.29,167.71,166.48,161.52,151.86,170.96,166.28,167.97,169.3,172.25,170.65,167.54,159.01,148.73,168.86,168.33,170.02,171.08,169.19,170.96,173.99,168.19,168.14,-0.11,-0.04,95.83,75.46,54.5,50.44,43.65,46.77,101.8,76.99,1.6,-1.92,9.61,0.31,-3.86,-3.56,-25.14,99.81,98.94,101.56,96.44,91.44,106.44,60.3,181.23,157.37,14.09,0.77,184.46,156.84,16.18,0.69,5.65,5.22,4.78,6.87,5.96,6.59,180.12,159.23,180.17,154.7,167.44,232745600,117712020.0,118919780.0,103788795.0,0.82,45.17,760971479.36,141.5,0.0,37.76,19.54,27.51,20.0,72.0,-52.0,173.92,175.53,176.45,173.0,171.39,156.58,1.23,0.7,2.55,175.02,174.6,175.22,82250321.96
2022-02-03,AAPL,174.48,176.24,172.12,172.9,89418100,0.11,-0.84,0.95,0.11,-0.84,0.95,173.48,172.26,170.8,170.3,170.05,169.94,169.98,169.94,169.78,169.45,169.01,168.49,167.92,166.69,161.75,152.07,173.69,167.12,167.8,169.2,172.24,170.89,167.92,159.25,148.93,170.07,168.67,170.06,171.89,169.82,171.29,174.45,169.21,168.75,-0.1,-0.05,82.43,72.72,55.09,51.03,43.09,45.32,84.3,63.18,1.83,-3.61,8.39,0.71,-2.02,-15.51,-28.54,84.49,94.13,65.23,84.49,89.83,73.81,59.09,180.96,157.44,13.9,0.66,184.43,157.35,15.85,0.57,5.42,5.17,4.79,7.14,5.88,6.59,180.33,159.64,177.18,154.7,165.94,143327500,111204720.0,118719540.0,103532820.0,0.86,45.02,705410718.2,141.6,0.02,38.04,19.73,25.27,16.0,68.0,-52.0,175.02,176.7,177.57,174.15,172.47,157.74,-2.94,-1.67,4.12,173.75,174.18,173.54,-55560761.17
2022-02-04,AAPL,171.68,174.1,170.68,172.39,82465400,0.29,-0.61,0.9,0.29,-0.61,0.9,172.93,172.31,171.15,170.68,170.41,170.25,170.21,170.12,169.95,169.62,169.18,168.66,168.09,166.87,161.96,152.27,174.1,168.12,167.81,169.22,172.13,171.11,168.28,159.49,149.13,171.03,168.97,170.07,172.29,170.27,171.52,174.4,169.92,169.2,-0.08,-0.06,82.26,73.61,61.23,49.01,47.18,45.41,66.41,44.83,3.71,-3.26,9.98,-0.68,0.39,-17.87,-21.31,79.97,88.09,63.72,82.13,87.69,71.0,61.72,181.0,157.43,13.93,0.63,184.37,157.84,15.51,0.55,4.97,5.22,4.69,7.1,5.89,6.56,180.66,159.76,177.18,154.7,165.94,60862100,91710660.0,114681190.0,102810890.0,0.8,44.96,705410718.2,141.69,0.06,37.17,19.54,26.03,12.0,64.0,-52.0,173.75,175.39,177.87,171.27,169.63,159.22,-0.51,-0.29,3.42,172.39,172.39,172.39,-0.0
2022-02-07,AAPL,172.86,173.95,170.95,171.66,77251200,0.37,-0.42,0.78,0.37,-0.42,0.78,172.3,172.09,171.26,170.86,170.6,170.43,170.35,170.23,170.06,169.73,169.3,168.79,168.23,167.03,162.15,152.47,173.48,169.12,167.72,169.19,171.98,171.3,168.67,159.71,149.32,171.67,169.21,170.04,172.32,170.53,171.63,173.93,170.32,169.46,-0.07,-0.06,56.63,77.37,63.53,52.93,49.6,40.19,60.9,42.26,4.35,-3.33,10.04,1.86,-0.51,-21.26,-24.56,75.14,79.87,65.67,78.74,81.79,72.64,64.76,180.95,157.43,13.9,0.6,184.3,158.3,15.18,0.51,4.61,5.18,4.66,6.79,5.88,6.51,180.71,159.99,177.18,154.7,165.94,-16389100,84052580.0,106176850.0,102337995.0,0.75,45.35,664725086.2,141.77,0.05,35.33,19.71,23.95,8.0,60.0,-52.0,172.39,174.1,175.81,170.68,168.97,160.58,-0.73,-0.42,3.0,172.19,172.45,172.06,-40685632.0
2022-02-08,AAPL,171.73,175.35,171.43,174.83,74829200,0.68,-0.2,0.87,0.68,-0.2,0.87,173.56,173.0,172.06,171.58,171.25,170.98,170.78,170.57,170.37,170.01,169.57,169.05,168.49,167.29,162.4,152.69,173.52,170.62,168.05,169.32,171.8,171.66,169.12,159.97,149.52,172.71,169.74,170.22,173.37,171.32,172.12,174.95,171.47,170.27,-0.05,-0.06,50.29,80.55,72.58,63.73,52.91,45.46,71.67,62.29,7.65,-3.94,15.05,8.6,2.64,-6.55,-10.45,92.15,82.42,111.61,93.45,84.77,110.82,61.29,181.28,157.37,14.12,0.73,184.0,159.32,14.38,0.63,3.58,5.09,4.7,6.12,5.98,6.34,180.96,160.59,177.18,154.7,165.94,58440100,81775640.0,102079930.0,100741175.0,0.74,51.02,719701641.3,141.86,0.03,32.74,22.01,19.49,4.0,56.0,-52.0,172.19,173.42,175.19,170.42,169.19,161.83,3.17,1.85,3.92,173.87,173.39,174.11,54976555.1
2022-02-09,AAPL,176.05,176.65,174.9,176.28,71285000,1.03,0.05,0.98,1.03,0.05,0.98,174.92,174.1,173.0,172.43,172.03,171.64,171.3,171.0,170.75,170.36,169.89,169.37,168.79,167.58,162.68,152.92,173.61,172.28,168.72,169.38,171.7,171.98,169.56,160.28,149.73,173.74,170.41,170.51,174.6,172.27,172.75,176.2,172.78,171.24,-0.03,-0.05,58.33,83.11,76.03,68.95,54.34,51.35,83.43,87.52,9.07,-1.9,16.59,11.77,1.2,-1.69,-4.0,97.33,88.2,115.58,98.31,90.17,114.61,59.16,181.47,157.29,14.28,0.79,183.94,160.03,13.91,0.68,3.05,4.83,4.58,4.97,6.05,6.24,180.96,161.64,177.18,154.7,165.94,129725100,79049780.0,98380900.0,100498510.0,0.71,56.57,760843269.87,141.94,0.01,30.68,25.14,17.95,0.0,52.0,-52.0,173.87,176.31,177.79,172.39,169.95,162.99,1.45,0.83,1.82,175.94,175.78,176.03,41141628.57
2022-02-10,AAPL,174.14,175.48,171.55,172.12,90865900,0.96,0.23,0.73,0.96,0.23,0.73,173.52,173.44,172.8,172.38,172.04,171.7,171.38,171.08,170.84,170.46,170.0,169.49,168.93,167.73,162.86,153.12,173.46,173.57,169.23,169.21,171.45,172.12,169.93,160.57,149.92,173.71,170.67,170.54,174.1,172.33,172.79,175.05,172.77,171.34,-0.01,-0.04,35.65,54.76,70.24,64.66,46.94,50.12,44.11,51.67,7.72,-1.6,12.9,9.71,-3.41,-20.64,-22.51,36.55,75.34,-41.02,79.36,90.38,57.33,51.64,181.03,157.39,13.97,0.62,183.92,160.32,13.71,0.5,3.37,4.88,4.6,1.96,5.91,6.07,181.13,161.62,176.65,154.7,165.68,38859200,79339340.0,95272030.0,101301545.0,0.9,57.58,696335417.2,142.04,-0.0,28.09,24.88,19.92,0.0,48.0,-48.0,175.94,176.99,177.69,175.24,174.19,164.35,-4.16,-2.36,4.73,173.05,173.52,172.82,-64507852.67
2022-02-11,AAPL,172.33,173.08,168.04,168.64,98670700,0.62,0.31,0.31,0.62,0.31,0.31,171.08,171.84,171.88,171.7,171.52,171.32,171.12,170.9,170.7,170.36,169.94,169.45,168.91,167.76,162.98,153.27,172.71,173.41,169.65,169.04,171.14,172.2,170.22,160.82,150.1,172.81,170.61,170.36,172.55,171.74,172.39,172.62,171.85,170.79,-0.0,-0.04,34.22,32.79,63.21,59.8,43.31,46.78,-3.15,11.46,5.6,-1.95,-1.69,7.02,-3.55,-40.8,-36.49,6.97,46.95,-73.0,59.2,78.96,19.67,42.42,180.77,157.3,13.89,0.48,183.85,160.54,13.54,0.35,3.72,4.69,4.72,2.32,5.87,5.96,180.49,161.74,176.65,154.7,165.68,-59811500,82580400.0,87145530.0,102009790.0,0.97,59.8,621157741.01,142.14,-0.01,24.86,25.89,14.49,16.0,44.0,-28.0,173.05,174.55,176.98,170.62,169.12,165.58,-3.48,-2.02,5.04,169.92,170.56,169.6,-75177676.19
2022-02-14,AAPL,167.37,169.58,166.56,168.88,86185500,0.36,0.32,0.04,0.36,0.32,0.04,169.98,170.85,171.21,171.18,171.11,171.01,170.9,170.75,170.58,170.28,169.88,169.42,168.91,167.8,163.09,153.43,172.15,172.82,170.13,168.83,170.85,172.3,170.48,161.05,150.28,171.99,170.6,170.21,171.46,171.27,172.05,171.05,171.14,170.35,0.0,-0.03,36.73,34.0,64.36,63.3,46.58,46.99,-42.23,-8.08,6.07,-1.91,-5.9,9.1,-4.19,-41.26,-35.4,22.99,22.17,24.63,58.74,65.76,44.68,47.56,180.41,157.24,13.72,0.5,183.74,160.86,13.28,0.35,3.56,4.49,4.64,2.65,5.79,5.84,179.89,161.92,176.65,154.7,165.68,26374000,84367260.0,84209920.0,102297025.0,0.84,52.88,667389697.96,142.22,-0.0,21.18,26.28,17.47,12.0,40.0,-28.0,169.92,171.8,174.96,166.76,164.88,176.65,0.24,0.14,3.02,168.34,168.07,168.48,46231956.95
2022-02-15,AAPL,170.97,172.95,170.25,172.79,62527400,0.47,0.35,0.12,0.47,0.35,0.12,171.39,171.5,171.56,171.48,171.37,171.23,171.08,170.9,170.72,170.42,170.03,169.57,169.06,167.96,163.29,153.62,171.74,172.63,171.0,168.98,170.54,172.52,170.73,161.31,150.49,171.98,170.97,170.34,171.94,171.58,172.23,171.76,171.58,170.68,0.01,-0.02,53.44,42.59,54.65,67.23,49.73,47.96,10.49,43.43,1.44,0.35,-1.82,13.1,2.99,-21.01,-17.59,61.74,30.57,124.1,78.99,65.64,105.68,53.97,180.69,157.26,13.86,0.66,183.55,161.49,12.79,0.51,3.66,4.31,4.7,2.58,5.86,5.47,179.71,162.46,176.65,154.7,165.68,88901400,81906900.0,81841270.0,100875560.0,0.62,51.49,722506443.15,142.28,0.06,18.71,30.25,18.2,8.0,36.0,-28.0,168.34,170.12,171.36,167.1,165.32,176.45,3.91,2.32,4.07,172.0,171.6,172.2,55116745.19
2022-02-16,AAPL,171.85,173.34,170.05,172.55,61177400,0.53,0.38,0.14,0.53,0.38,0.14,171.97,171.85,171.78,171.67,171.55,171.4,171.22,171.02,170.84,170.53,170.15,169.7,169.2,168.11,163.47,153.81,171.0,172.3,171.85,169.29,170.3,172.66,170.93,161.57,150.71,171.97,171.31,170.47,172.21,171.8,172.37,172.12,171.87,170.92,0.01,-0.02,41.54,49.02,44.98,67.64,52.84,47.33,-15.45,39.75,-1.28,-1.45,-3.29,13.33,6.32,-29.6,-18.68,59.37,48.03,82.03,70.4,69.37,72.44,59.33,181.03,157.55,13.87,0.64,183.5,161.83,12.55,0.49,3.7,4.15,4.68,2.32,5.87,5.2,179.53,162.92,176.65,154.7,165.68,27724000,79885380.0,79467580.0,99193680.0,0.62,53.64,754303815.18,142.35,0.12,16.6,32.1,18.91,4.0,32.0,-28.0,172.0,173.74,174.7,171.04,169.3,176.25,-0.24,-0.14,3.29,171.98,171.7,172.12,31797372.04
2022-02-17,AAPL,171.03,171.91,168.47,168.88,69589300,0.28,0.36,-0.09,0.28,0.36,-0.09,170.42,170.86,171.14,171.16,171.14,171.08,171.0,170.86,170.71,170.44,170.09,169.66,169.19,168.14,163.58,153.96,170.35,171.9,172.5,169.51,170.1,172.62,171.06,161.8,150.91,171.35,171.28,170.38,171.19,171.32,172.02,170.7,171.15,170.47,0.01,-0.01,26.43,41.66,38.87,47.61,52.73,47.05,-116.74,5.8,-3.28,-3.79,-4.02,-1.45,4.37,-77.01,-35.4,22.99,48.03,-27.09,22.99,57.46,-45.94,49.1,181.04,157.98,13.6,0.47,183.5,161.74,12.61,0.33,3.72,3.65,4.63,2.54,5.76,5.13,178.3,163.7,176.65,154.7,165.68,-41865300,75630060.0,77484700.0,98102120.0,0.71,43.4,701302662.27,142.41,0.13,14.81,23.79,24.61,0.0,28.0,-28.0,171.98,173.91,175.27,170.62,168.69,176.06,-3.67,-2.13,4.08,169.75,170.19,169.54,-53001152.91
2022-02-18,AAPL,169.82,170.54,166.19,167.3,82772700,-0.05,0.28,-0.33,-0.05,0.28,-0.33,168.86,169.67,170.28,170.46,170.55,170.61,170.65,170.6,170.49,170.27,169.95,169.56,169.11,168.11,163.65,154.09,170.08,171.39,172.3,169.75,169.94,172.46,171.16,162.06,151.1,170.51,171.07,170.2,169.91,170.62,171.51,169.03,170.15,169.79,0.01,-0.01,31.63,40.05,33.63,36.39,52.89,44.93,-149.7,-24.64,-4.86,-2.84,-5.09,-7.48,4.89,-89.39,-42.6,10.61,30.99,-30.14,10.61,34.67,-37.5,43.78,180.85,158.66,13.07,0.39,183.42,161.5,12.71,0.26,4.08,3.57,4.58,2.92,5.55,5.14,177.78,163.51,176.65,154.7,165.68,-124638000,72450460.0,77515430.0,96098310.0,0.86,34.38,660772581.59,142.49,0.18,16.75,15.02,29.74,72.0,24.0,48.0,169.75,171.04,173.19,167.6,166.31,175.87,-1.58,-0.94,4.35,168.01,168.36,167.83,-40530080.69
2022-02-22,AAPL,164.98,166.69,162.15,164.32,91162800,-0.54,0.12,-0.66,-0.54,0.12,-0.66,166.59,167.89,168.96,169.34,169.59,169.82,170.05,170.14,170.09,169.94,169.68,169.33,168.93,167.98,163.66,154.19,169.17,170.66,171.6,169.89,169.68,172.26,171.2,162.27,151.27,169.22,170.55,169.83,167.98,169.47,170.68,166.59,168.56,168.65,-0.0,-0.0,32.88,25.79,33.58,33.01,51.94,45.16,-195.1,-92.15,-4.96,-5.06,-7.34,-10.29,2.7,-85.03,-56.17,14.97,16.19,12.52,14.97,16.19,12.52,45.56,180.62,159.15,12.64,0.24,183.44,161.08,12.98,0.15,4.14,3.75,4.63,3.67,5.37,5.23,177.55,162.54,176.65,157.02,166.84,-215800800,73445920.0,78906590.0,92541720.0,0.99,26.59,656756599.21,142.56,0.11,18.85,14.27,35.94,68.0,20.0,48.0,168.01,169.83,172.36,165.48,163.66,175.48,-2.98,-1.78,5.15,164.39,164.42,164.37,-4015982.38
2022-02-23,AAPL,165.54,166.15,159.75,160.07,90009200,-1.26,-0.16,-1.1,-1.26,-0.16,-1.1,163.33,165.28,166.98,167.66,168.13,168.61,169.1,169.39,169.45,169.39,169.21,168.93,168.58,167.72,163.59,154.25,166.62,169.18,170.63,169.9,169.28,171.87,171.25,162.46,151.44,167.3,169.61,169.21,165.16,167.72,169.39,163.1,166.16,166.89,-0.02,-0.01,23.51,16.93,29.37,26.33,48.53,44.62,-191.44,-139.14,-7.15,-5.73,-14.76,-15.77,0.29,-98.11,-84.46,2.03,9.2,-12.3,1.89,9.16,-12.63,41.62,180.58,159.23,12.57,0.04,183.37,160.37,13.38,-0.01,4.34,4.03,4.57,4.64,5.34,5.49,177.15,161.04,176.65,157.82,167.24,-305810000,78942280.0,80424590.0,91252260.0,0.99,18.89,575748319.21,142.62,0.07,21.46,11.45,37.74,64.0,16.0,48.0,164.39,166.62,168.93,162.08,159.85,174.68,-4.25,-2.59,6.4,161.99,162.95,161.51,-81008280.0
2022-02-24,AAPL,152.58,162.85,152.0,162.74,141147500,-1.6,-0.45,-1.15,-1.6,-0.45,-1.15,163.04,164.43,166.04,166.76,167.3,167.87,168.49,168.9,169.02,169.02,168.89,168.66,168.35,167.56,163.58,154.33,164.66,167.83,169.76,170.06,168.87,171.61,171.29,162.66,151.62,166.13,168.93,168.79,163.99,166.7,168.55,162.08,164.91,165.84,-0.04,-0.01,17.35,29.63,35.97,34.62,52.77,48.48,-187.97,-182.74,-5.2,-2.1,-13.54,-10.16,3.05,-56.43,-56.43,50.33,22.44,106.1,43.57,20.14,90.42,53.43,180.19,159.92,11.92,0.14,183.34,159.88,13.67,0.12,5.46,4.51,4.81,4.31,5.07,5.5,177.51,159.47,176.65,152.0,164.32,-164662500,94936300.0,87410840.0,92895870.0,1.52,18.24,714033842.25,142.7,0.17,25.03,10.23,44.08,60.0,100.0,-40.0,161.99,164.23,168.39,157.83,155.59,173.49,2.67,1.67,10.85,159.2,157.43,160.08,138285523.04
2022-02-25,AAPL,163.84,165.12,160.87,164.85,91974200,-1.68,-0.69,-0.98,-1.68,-0.69,-0.98,163.94,164.57,165.78,166.42,166.92,167.49,168.14,168.6,168.75,168.79,168.7,168.5,168.21,167.47,163.6,154.44,163.86,167.1,169.22,170.34,168.51,171.42,171.28,162.91,151.83,165.58,168.43,168.53,163.86,166.21,168.06,162.48,164.46,165.32,-0.06,-0.02,27.69,41.25,33.77,39.12,54.65,52.09,-88.6,-115.07,-5.71,0.21,-7.27,-7.54,5.63,-47.87,-47.87,60.22,37.53,105.59,52.13,32.53,91.33,54.33,179.47,161.21,10.72,0.2,183.28,159.56,13.83,0.22,5.48,4.57,4.7,4.11,4.57,5.4,177.28,159.0,176.65,152.0,164.32,-72688300,99413280.0,87521670.0,91396850.0,1.01,25.69,794321908.6,142.76,0.26,27.6,13.65,41.25,56.0,96.0,-40.0,159.2,166.39,170.05,155.54,148.35,171.34,2.11,1.3,4.25,163.61,163.0,163.92,80288066.35
2022-02-28,AAPL,163.06,165.42,162.43,165.12,95056600,-1.7,-0.89,-0.8,-1.7,-0.89,-0.8,164.53,164.76,165.63,166.18,166.64,167.2,167.86,168.34,168.51,168.58,168.52,168.35,168.09,167.4,163.63,154.55,163.42,166.75,168.74,170.08,168.27,171.14,171.29,163.15,152.03,165.22,167.94,168.31,163.9,165.84,167.65,162.99,164.2,164.93,-0.08,-0.03,36.44,41.33,31.12,40.43,55.33,53.03,-65.65,-94.05,-6.33,1.67,-3.52,-6.54,-5.21,-46.77,-46.77,61.48,57.34,69.76,53.23,49.64,60.39,56.03,179.5,160.65,11.08,0.24,182.9,159.37,13.75,0.24,5.44,4.57,4.58,4.11,4.71,5.39,176.99,158.72,176.65,152.0,164.32,22368300,101870060.0,87160260.0,87152895.0,1.09,33.11,870303605.59,142.83,0.21,30.41,14.12,41.26,52.0,92.0,-40.0,163.61,166.36,167.86,162.11,159.36,169.4,0.27,0.16,2.99,164.32,163.92,164.52,75981696.99
2022-03-01,AAPL,164.7,166.6,161.97,163.2,83474400,-1.84,-1.08,-0.76,-1.84,-1.08,-0.76,163.87,164.24,165.09,165.64,166.11,166.7,167.41,167.96,168.17,168.29,168.26,168.13,167.9,167.26,163.62,154.63,163.2,166.18,168.17,169.5,167.94,170.96,171.28,163.37,152.21,164.58,167.28,167.99,163.33,165.19,167.05,162.56,163.51,164.25,-0.09,-0.05,35.56,25.65,33.67,32.34,42.27,52.96,-60.92,-88.18,-5.18,0.98,-5.68,-11.63,-11.58,-54.56,-54.56,52.48,58.06,41.33,45.44,50.26,35.78,55.78,179.13,159.87,11.36,0.17,182.93,158.98,14.01,0.18,5.52,4.62,4.27,4.18,4.82,5.39,176.65,158.17,176.65,152.0,164.32,-61106100,100332380.0,86889150.0,85549535.0,0.98,26.59,831180614.66,142.89,0.13,33.54,13.62,40.81,48.0,88.0,-40.0,164.32,166.22,167.31,163.23,161.33,167.66,-1.92,-1.16,4.63,163.92,164.28,163.74,-39122990.93
2022-03-02,AAPL,164.39,167.36,162.95,166.56,79724800,-1.67,-1.2,-0.47,-1.67,-1.2,-0.47,165.21,165.01,165.42,165.81,166.18,166.68,167.33,167.86,168.07,168.19,168.18,168.06,167.85,167.23,163.68,154.75,164.49,165.56,167.62,169.1,167.84,170.86,171.36,163.6,152.41,164.65,167.0,167.9,164.05,165.25,166.92,163.88,163.85,164.28,-0.1,-0.06,57.68,36.87,46.18,36.05,40.87,55.62,-23.18,-53.96,-1.23,4.24,-6.23,-9.72,-8.05,-37.99,-40.93,73.13,62.36,94.66,62.01,53.56,78.92,60.17,178.5,159.69,11.12,0.37,182.9,158.83,14.09,0.32,5.53,4.8,4.22,3.49,4.7,5.38,176.94,157.72,176.65,152.0,164.32,18618700,98275500.0,88608890.0,85225080.0,0.94,26.83,881980317.16,142.95,0.12,36.09,12.3,39.24,44.0,84.0,-40.0,163.92,165.88,168.55,161.25,159.29,152.0,3.36,2.06,4.41,165.62,165.16,165.86,50799702.49
2022-03-03,AAPL,168.47,168.91,165.55,166.23,76678400,-1.54,-1.27,-0.27,-1.54,-1.27,-0.27,165.72,165.42,165.6,165.88,166.19,166.62,167.23,167.74,167.95,168.08,168.08,167.98,167.78,167.2,163.73,154.86,165.19,164.93,166.95,168.62,167.84,170.79,171.37,163.83,152.62,164.77,166.73,167.79,164.51,165.25,166.76,164.68,164.08,164.26,-0.11,-0.07,78.89,43.19,45.14,40.5,40.73,55.75,10.04,-28.19,-1.57,4.1,-6.32,-5.89,-9.61,-33.32,-42.27,76.75,67.46,95.35,66.68,58.04,83.96,60.11,177.54,159.7,10.58,0.37,182.9,158.69,14.17,0.31,5.27,4.71,4.26,2.53,4.46,5.38,176.64,157.81,176.65,152.0,164.32,-58059700,85381680.0,90158990.0,84813285.0,0.9,33.6,836338412.39,143.01,0.04,38.17,14.9,34.97,40.0,80.0,-40.0,165.62,168.3,170.03,163.89,161.21,152.31,-0.33,-0.2,3.36,166.9,167.23,166.73,-45641904.76
2022-03-04,AAPL,164.49,165.55,162.1,163.17,83737200,-1.67,-1.35,-0.32,-1.67,-1.35,-0.32,164.45,164.67,165.06,165.39,165.73,166.19,166.84,167.4,167.64,167.81,167.84,167.77,167.6,167.07,163.72,154.95,164.86,164.36,166.35,168.13,167.79,170.6,171.24,164.04,152.81,164.45,166.21,167.49,163.86,164.7,166.24,163.88,163.5,163.7,-0.12,-0.08,51.95,40.14,31.81,41.06,36.53,43.23,-52.29,-76.09,-5.57,2.48,-5.71,-5.47,-9.73,-47.66,-54.69,66.06,71.98,54.21,52.34,60.35,36.34,63.72,177.13,159.13,10.7,0.22,182.87,158.32,14.39,0.2,4.95,4.64,4.33,2.15,4.5,5.41,176.12,157.56,176.65,152.0,164.32,-141796900,83734280.0,91573780.0,84529240.0,0.99,34.12,804542548.05,143.07,0.06,39.02,15.11,35.36,36.0,76.0,-40.0,166.9,168.24,170.26,164.88,163.54,152.97,-3.06,-1.84,4.13,163.61,163.82,163.5,-31795864.35
2022-03-07,AAPL,163.36,165.02,159.04,159.3,96418800,-2.06,-1.49,-0.57,-2.06,-1.49,-0.57,161.87,162.88,163.78,164.28,164.74,165.33,166.12,166.8,167.1,167.33,167.43,167.4,167.28,166.81,163.63,154.99,163.69,163.56,165.73,167.47,167.69,170.27,170.98,164.21,152.97,163.53,165.37,166.94,162.13,163.53,165.29,161.63,162.04,162.53,-0.13,-0.09,28.34,38.51,27.97,36.0,35.82,35.2,-94.13,-105.62,-7.68,-6.48,-8.0,-9.58,-13.09,-65.79,-70.39,43.17,61.99,5.52,34.21,51.08,0.47,48.22,177.05,157.9,11.44,0.07,182.86,157.68,14.79,0.06,4.25,4.85,4.42,2.41,4.79,5.55,175.83,156.42,176.65,152.0,164.32,-238215700,84006720.0,92938390.0,85226910.0,1.13,33.95,716507991.52,143.13,0.01,40.64,14.45,36.15,32.0,72.0,-40.0,163.61,165.11,167.06,161.66,160.16,153.61,-3.87,-2.37,5.98,161.12,162.03,160.67,-88034556.52
2022-03-08,AAPL,158.82,162.88,155.8,157.44,131148300,-2.49,-1.69,-0.8,-2.49,-1.69,-0.8,159.66,161.07,162.37,163.04,163.61,164.34,165.29,166.1,166.48,166.79,166.94,166.97,166.89,166.51,163.51,155.01,162.54,162.87,164.97,166.76,167.55,169.89,170.69,164.38,153.13,162.42,164.41,166.28,160.26,162.21,164.2,159.33,160.4,161.18,-0.15,-0.1,23.33,43.24,29.76,26.14,34.84,34.1,-137.34,-129.79,-6.77,-9.92,-6.88,-15.35,-14.22,-74.51,-77.93,32.17,47.13,2.25,25.49,37.35,1.78,40.27,177.11,156.41,12.41,0.05,182.87,156.91,15.28,0.02,4.65,5.07,4.6,3.06,5.17,5.75,175.43,155.16,176.65,152.0,164.32,-369364000,93541500.0,96936940.0,87921765.0,1.49,27.16,646117661.02,143.2,-0.01,43.32,9.09,39.18,28.0,68.0,-40.0,161.12,163.2,167.1,157.22,155.14,154.22,-1.86,-1.17,7.08,158.71,159.34,158.39,-70390330.51
2022-03-09,AAPL,161.48,163.41,159.41,162.95,91454900,-2.36,-1.83,-0.53,-2.36,-1.83,-0.53,161.3,161.69,162.5,163.02,163.51,164.17,165.07,165.87,166.25,166.57,166.75,166.79,166.74,166.39,163.5,155.09,161.82,163.16,164.31,166.17,167.65,169.55,170.42,164.57,153.31,162.43,164.05,165.99,160.73,162.07,163.91,160.38,160.53,161.02,-0.16,-0.11,49.31,50.47,43.24,37.18,41.95,38.94,-53.21,-71.61,-2.6,-6.68,2.88,-9.6,-11.88,-45.0,-55.58,54.54,43.29,77.03,55.0,38.23,88.53,44.33,175.92,156.42,11.73,0.33,182.32,156.78,15.06,0.24,5.08,5.26,4.74,2.9,4.87,5.63,175.59,154.55,176.65,152.0,164.32,-277909100,95887520.0,97081510.0,88753050.0,1.03,33.56,716537934.02,143.26,-0.0,45.88,8.95,37.76,24.0,64.0,-40.0,158.71,161.61,165.79,154.53,151.63,154.81,5.51,3.5,5.97,161.92,161.41,162.18,70420273.0
2022-03-10,AAPL,160.2,160.39,155.98,158.52,105342000,-2.58,-1.98,-0.61,-2.58,-1.98,-0.61,159.91,160.64,161.61,162.2,162.74,163.46,164.45,165.33,165.75,166.12,166.34,166.43,166.41,166.13,163.4,155.13,160.28,162.73,163.38,165.28,167.62,169.13,170.13,164.71,153.47,161.59,163.32,165.4,159.66,161.17,163.09,159.17,159.52,160.1,-0.17,-0.12,28.91,37.14,41.38,36.44,35.27,37.97,-131.43,-124.84,-3.53,-9.85,-4.22,-10.36,-17.76,-64.83,-73.55,20.75,35.82,-9.4,35.17,38.55,28.4,44.49,174.36,156.2,10.99,0.13,181.96,156.3,15.17,0.09,5.41,5.47,4.88,3.25,4.54,5.7,175.38,153.52,175.48,152.0,163.74,-383251100,101620240.0,93500960.0,90455900.0,1.16,32.81,732542274.15,143.31,-0.02,50.3,8.61,38.75,20.0,60.0,-40.0,161.92,164.44,165.92,160.44,157.92,155.37,-4.43,-2.72,6.97,158.3,158.18,158.35,16004340.14
2022-03-11,AAPL,158.93,159.28,154.5,154.73,96970100,-3.03,-2.19,-0.84,-3.03,-2.19,-0.84,157.32,158.67,160.08,160.84,161.51,162.37,163.52,164.54,165.04,165.49,165.78,165.92,165.96,165.76,163.23,155.12,158.59,161.72,162.43,164.41,167.47,168.64,169.8,164.79,153.61,160.14,162.32,164.57,157.65,159.72,161.89,156.72,157.75,158.62,-0.19,-0.14,24.47,31.53,41.95,34.45,31.32,35.99,-158.99,-151.49,-3.34,-10.51,-10.12,-12.57,-17.39,-83.86,-88.37,1.6,25.63,-46.47,16.14,35.44,-22.44,38.29,174.05,154.77,11.72,-0.0,181.75,155.53,15.55,-0.03,5.47,5.5,5.03,4.01,4.82,5.98,174.51,152.53,173.34,152.0,162.67,-480221200,104266820.0,94000550.0,90761110.0,1.07,32.63,644904024.78,143.35,-0.03,52.44,8.56,37.49,16.0,56.0,-40.0,158.3,160.61,162.71,156.2,153.89,168.91,-3.79,-2.39,4.78,156.17,156.89,155.81,-87638249.37
2022-03-14,AAPL,151.45,154.12,150.1,150.62,108732100,-3.67,-2.48,-1.19,-3.67,-2.48,-1.19,153.97,155.98,157.98,158.99,159.84,160.9,162.29,163.51,164.11,164.67,165.04,165.26,165.36,165.26,162.98,155.08,156.85,160.27,161.32,163.51,166.81,168.09,169.33,164.81,153.74,158.12,161.0,163.48,154.85,157.74,160.29,153.32,155.28,156.61,-0.21,-0.15,23.38,29.25,32.5,33.51,31.35,34.16,-201.97,-201.5,-7.45,-12.63,-14.5,-13.7,-18.02,-97.24,-97.76,2.76,8.37,-8.45,2.76,18.03,-27.76,36.65,174.72,152.3,13.72,-0.07,181.86,154.31,16.39,-0.13,5.65,5.46,5.02,5.11,5.61,6.69,173.21,151.37,173.34,150.1,161.72,-588953300,106729480.0,95368100.0,91264180.0,1.19,32.41,564301622.29,143.38,-0.03,53.87,8.62,38.22,12.0,100.0,-88.0,156.17,157.84,160.95,153.06,151.39,168.62,-4.11,-2.66,4.63,151.61,152.11,151.36,-80602402.49
2022-03-15,AAPL,150.9,155.57,150.38,155.09,92964300,-3.78,-2.74,-1.04,-3.78,-2.74,-1.04,154.53,155.69,157.34,158.28,159.11,160.18,161.61,162.89,163.53,164.13,164.55,164.82,164.95,164.93,162.82,155.08,156.38,159.46,160.71,162.82,166.15,167.64,169.04,164.87,153.89,157.17,160.2,162.72,154.32,156.87,159.41,153.2,154.47,155.69,-0.24,-0.17,41.29,31.75,36.8,44.04,38.44,35.43,-124.28,-142.46,-5.92,-9.65,-8.11,-4.98,-13.79,-73.47,-78.53,26.53,10.3,58.99,26.53,15.15,49.29,43.32,174.34,151.31,14.14,0.16,181.61,153.66,16.67,0.05,5.8,5.37,5.03,5.24,5.76,6.85,172.35,150.86,173.34,150.1,161.72,-495989000,99092680.0,96317090.0,91603120.0,1.01,38.94,640070213.62,143.41,-0.01,53.9,10.69,35.64,8.0,96.0,-88.0,151.61,153.13,155.63,149.11,147.59,167.88,4.47,2.97,5.19,153.68,152.98,154.03,75768591.33
2022-03-16,AAPL,157.05,160.0,154.46,159.59,102300200,-3.46,-2.89,-0.57,-3.46,-2.89,-0.57,157.06,156.99,157.84,158.52,159.18,160.1,161.42,162.64,163.27,163.88,164.31,164.59,164.74,164.75,162.76,155.12,155.71,158.76,160.67,162.16,165.65,167.19,168.85,164.97,154.06,157.2,159.89,162.3,155.47,156.95,159.18,155.31,155.04,155.73,-0.25,-0.19,54.01,40.67,43.29,46.39,42.61,38.21,-43.98,-67.56,-3.35,-8.72,-6.97,-3.15,-13.2,-49.55,-59.17,61.42,30.24,123.79,50.45,26.58,98.19,49.73,172.75,151.58,13.06,0.38,180.71,153.66,16.18,0.22,5.74,4.99,5.15,4.61,5.29,6.75,171.4,151.43,173.34,150.1,161.72,-393688800,101261740.0,98574630.0,93591760.0,1.09,47.64,727228506.76,143.46,0.0,50.94,17.84,27.26,4.0,92.0,-88.0,153.68,156.98,158.87,151.79,148.49,167.17,4.5,2.9,5.54,158.02,157.23,158.41,87158293.14
2022-03-17,AAPL,158.61,161.0,157.63,160.62,75615400,-3.09,-2.93,-0.16,-3.09,-2.93,-0.16,158.84,158.2,158.46,158.9,159.4,160.17,161.34,162.49,163.1,163.7,164.13,164.42,164.58,164.62,162.72,155.18,156.13,158.2,160.53,161.56,165.14,166.81,168.7,165.09,154.24,157.54,159.75,161.97,156.72,157.24,159.12,157.29,155.82,155.98,-0.26,-0.2,44.78,46.2,46.8,45.02,39.86,41.5,-9.31,-31.88,-1.58,-8.88,-5.61,-4.23,-11.93,-44.07,-54.73,70.51,52.82,105.89,55.93,44.3,79.18,54.69,170.96,152.17,11.63,0.45,179.96,153.65,15.77,0.26,5.21,4.93,5.11,3.89,4.7,6.53,171.2,151.48,171.91,150.1,161.0,-318073400,95316420.0,98468330.0,94313660.0,0.8,46.9,785791175.61,143.5,0.02,49.2,16.22,27.61,0.0,88.0,-88.0,158.02,161.57,163.56,156.03,152.48,166.49,1.03,0.65,3.37,159.75,159.32,159.97,58562668.84
2022-03-18,AAPL,160.51,164.48,159.76,163.98,123511700,-2.5,-2.84,0.35,-2.5,-2.84,0.35,161.41,160.13,159.68,159.82,160.11,160.64,161.59,162.6,163.16,163.72,164.12,164.4,164.56,164.6,162.74,155.27,157.98,158.28,160.47,161.32,164.85,166.59,168.54,165.24,154.44,158.59,159.98,161.9,158.8,158.1,159.48,160.21,157.39,156.84,-0.25,-0.21,62.84,57.08,46.8,48.75,43.21,46.55,48.78,30.54,-1.55,-4.73,0.81,-1.14,-4.9,-26.21,-36.36,96.52,76.15,137.26,73.79,60.06,101.26,54.36,170.15,152.49,10.95,0.65,179.55,153.62,15.57,0.4,5.03,5.05,5.18,4.01,4.42,6.37,171.7,151.48,170.54,150.1,160.32,-194561700,100624740.0,102445780.0,97009780.0,1.27,48.01,883135142.55,143.58,0.09,46.7,20.32,26.94,0.0,84.0,-84.0,159.75,161.87,163.12,158.5,156.38,165.83,3.36,2.09,4.72,162.74,162.12,163.05,97343966.95
2022-03-21,AAPL,163.51,166.35,163.01,165.38,95811400,-1.89,-2.65,0.76,-1.89,-2.65,0.76,163.4,161.88,160.95,160.83,160.92,161.24,161.95,162.81,163.3,163.81,164.18,164.44,164.59,164.62,162.79,155.37,160.93,158.89,160.49,161.22,164.61,166.46,168.37,165.4,154.64,159.88,160.36,161.93,160.82,159.12,160.0,162.8,159.07,157.87,-0.24,-0.22,78.22,62.18,48.97,52.42,47.12,47.45,86.62,79.12,-0.51,-1.93,6.08,2.18,-1.92,-18.77,-25.24,94.03,87.02,108.05,81.23,70.32,103.07,58.5,169.82,152.63,10.67,0.74,179.33,153.58,15.47,0.46,4.51,4.96,5.15,4.6,4.3,6.21,171.88,152.03,168.91,150.1,159.5,-98750300,98040600.0,102385040.0,97661715.0,0.98,54.8,923295609.62,143.64,0.13,43.97,21.69,27.44,12.0,80.0,-68.0,162.74,165.72,167.46,161.0,158.02,150.1,1.4,0.85,3.34,164.91,164.68,165.03,40160467.07
2022-03-22,AAPL,165.51,169.42,164.91,168.82,81532000,-1.12,-2.35,1.22,-1.12,-2.35,1.22,166.11,164.19,162.7,162.29,162.13,162.18,162.61,163.25,163.66,164.09,164.41,164.63,164.76,164.76,162.91,155.5,163.68,160.03,160.87,161.45,164.52,166.39,168.25,165.6,154.86,161.68,161.09,162.21,163.46,160.64,160.9,166.06,161.37,159.42,-0.22,-0.22,100.0,59.61,56.76,52.5,51.21,47.09,130.19,127.32,3.46,-0.04,11.38,2.26,4.5,-3.11,-3.11,96.89,95.82,99.05,96.89,83.97,122.74,65.75,170.61,152.29,11.34,0.9,179.18,153.6,15.37,0.6,4.47,4.97,5.15,5.52,4.58,6.12,172.54,152.67,169.42,150.1,159.76,-17218300,95754140.0,97423410.0,97180175.0,0.84,54.9,983133951.08,143.71,0.17,40.56,24.98,27.4,8.0,76.0,-68.0,164.91,166.82,168.25,163.48,161.57,150.42,3.44,2.08,4.51,167.72,167.16,167.99,59838341.46
2022-03-23,AAPL,167.99,172.64,167.65,170.21,98062700,-0.39,-1.95,1.56,-0.39,-1.95,1.56,168.16,166.2,164.37,163.73,163.38,163.19,163.33,163.77,164.08,164.43,164.69,164.87,164.97,164.94,163.06,155.65,165.8,160.76,161.11,161.96,164.36,166.35,168.08,165.78,155.07,163.53,161.92,162.57,165.87,162.21,161.9,168.78,163.63,161.05,-0.19,-0.21,100.0,71.26,63.88,54.31,54.82,48.31,159.55,150.9,6.85,-1.49,7.26,3.98,10.14,-10.78,-10.78,89.22,93.38,80.89,89.22,89.12,89.43,69.55,171.88,152.03,12.26,0.92,179.08,153.62,15.3,0.65,4.52,5.09,5.15,6.36,4.96,5.9,173.5,153.16,172.64,150.1,161.37,80844400,94906640.0,98084190.0,97582850.0,1.0,55.69,985688690.76,143.79,0.21,37.69,26.76,26.77,4.0,72.0,-68.0,167.72,170.52,172.23,166.01,163.21,151.18,1.39,0.82,4.99,170.17,170.14,170.18,2554739.68
2022-03-24,AAPL,171.06,174.14,170.21,174.07,90131400,0.49,-1.47,1.96,0.49,-1.47,1.96,171.11,168.82,166.52,165.61,165.02,164.55,164.35,164.53,164.73,164.96,165.15,165.27,165.33,165.24,163.28,155.83,168.49,162.31,161.63,162.52,164.29,166.33,167.99,166.02,155.31,165.95,163.08,163.2,168.9,164.26,163.28,172.22,166.48,163.19,-0.15,-0.2,100.0,85.09,70.14,61.59,61.52,53.73,164.73,170.14,10.56,0.88,15.55,10.9,11.33,-0.29,-0.29,99.71,95.27,108.58,99.71,95.27,108.58,71.45,173.83,151.21,13.92,1.01,179.0,153.65,15.24,0.81,4.34,5.07,5.03,7.54,5.66,5.76,174.5,154.21,174.14,150.1,162.12,170975800,97809840.0,96563130.0,95032045.0,0.95,62.18,1072609302.98,143.87,0.19,35.8,28.94,21.99,100.0,68.0,32.0,170.17,172.68,175.16,167.69,165.18,152.47,3.86,2.27,3.93,172.81,172.18,173.12,86920612.21
2022-03-25,AAPL,173.88,175.28,172.75,174.72,80546200,1.23,-0.93,2.15,1.23,-0.93,2.15,172.92,170.79,168.35,167.26,166.51,165.82,165.34,165.29,165.37,165.5,165.62,165.68,165.69,165.55,163.5,156.02,170.64,164.31,162.4,163.02,164.38,166.31,167.92,166.28,155.55,168.21,164.24,163.87,171.31,166.15,164.63,174.65,168.98,165.19,-0.11,-0.18,100.0,100.0,66.15,67.6,60.2,55.41,142.71,165.39,7.22,3.46,19.99,15.42,9.87,-2.22,-2.22,97.75,95.56,102.13,97.78,95.57,102.19,71.58,175.55,150.48,15.38,0.97,178.94,153.68,15.19,0.83,3.91,4.82,4.63,7.95,6.27,5.9,174.99,155.69,175.28,150.1,162.69,251522000,89216740.0,94920740.0,94460645.0,0.85,68.91,1117498687.17,143.95,0.17,34.65,32.11,18.58,100.0,64.0,36.0,172.81,175.4,176.74,171.47,168.88,154.21,0.65,0.37,2.53,174.25,174.02,174.37,44889384.19
2022-03-28,AAPL,172.17,175.73,172.0,175.6,90371900,1.86,-0.37,2.23,1.86,-0.37,2.23,174.26,172.39,169.96,168.78,167.91,167.04,166.32,166.05,166.03,166.07,166.1,166.12,166.08,165.88,163.74,156.21,172.68,166.81,163.49,163.54,164.61,166.38,167.87,166.53,155.79,170.26,165.44,164.6,173.33,167.93,165.95,176.48,171.22,167.1,-0.06,-0.16,100.0,100.0,75.97,71.21,59.35,58.48,116.98,144.96,10.77,4.96,24.98,18.16,10.48,-0.51,-0.51,99.39,98.95,100.27,99.49,98.99,100.49,74.04,177.26,149.82,16.78,0.94,179.17,153.59,15.38,0.86,3.96,4.59,4.61,7.04,6.86,6.2,175.49,157.15,175.73,150.1,162.92,341893900,88128840.0,93084720.0,94226410.0,0.96,77.77,1201571205.4,144.04,0.18,32.81,33.79,15.67,100.0,60.0,40.0,174.25,175.75,176.78,173.22,171.72,156.31,0.88,0.5,3.73,174.44,173.86,174.73,84072518.23
2022-03-29,AAPL,176.69,179.01,176.34,178.96,100589400,2.6,0.22,2.38,2.6,0.22,2.38,176.61,174.58,171.96,170.63,169.61,168.53,167.52,167.01,166.86,166.78,166.73,166.67,166.59,166.31,164.04,156.44,174.71,169.2,164.92,164.33,164.95,166.5,167.9,166.81,156.04,172.47,166.9,165.52,175.87,170.07,167.57,179.01,173.89,169.38,-0.01,-0.13,100.0,100.0,87.33,69.68,61.42,64.39,124.53,159.93,15.66,8.91,23.87,16.01,15.76,-0.17,-0.17,99.77,98.97,101.36,99.83,99.03,101.42,74.37,179.68,148.97,18.69,0.98,179.65,153.35,15.79,0.97,3.78,4.4,4.63,6.66,7.68,6.7,176.33,158.72,179.01,150.1,164.56,442483300,91940320.0,93847230.0,95082160.0,1.06,78.08,1298393212.14,144.15,0.25,31.38,39.65,16.32,100.0,56.0,44.0,174.44,176.89,178.17,173.16,170.71,158.64,3.36,1.91,3.41,178.1,177.68,178.32,96822006.74
2022-03-30,AAPL,178.55,179.61,176.7,177.77,92633200,3.06,0.79,2.27,3.06,0.79,2.27,177.19,175.64,173.25,171.93,170.87,169.69,168.5,167.8,167.57,167.39,167.27,167.16,167.03,166.68,164.31,156.65,176.22,171.01,165.91,164.89,165.11,166.66,167.83,167.08,156.28,174.03,168.18,166.35,177.28,171.69,168.89,179.93,175.73,171.15,0.04,-0.09,89.5,93.91,95.97,75.71,62.17,61.71,104.32,136.18,18.03,11.06,18.18,19.25,11.21,-6.24,-6.24,90.73,96.63,78.93,93.76,97.69,85.9,73.08,181.36,148.41,19.98,0.89,180.16,153.16,16.2,0.91,3.72,4.11,4.55,6.21,8.24,6.95,176.72,160.27,179.61,150.1,164.86,349850100,90854420.0,92880530.0,95727580.0,0.97,78.15,1273882021.76,144.25,0.2,30.99,43.49,11.51,100.0,52.0,48.0,178.1,179.87,180.77,177.2,175.43,161.49,-1.19,-0.66,2.91,178.03,178.16,177.96,-24511190.38
2022-03-31,AAPL,177.84,178.03,174.4,174.61,103049300,3.13,1.26,1.87,3.13,1.26,1.87,175.9,175.3,173.55,172.42,171.44,170.3,169.08,168.31,168.02,167.79,167.63,167.48,167.32,166.94,164.52,156.83,176.33,172.41,166.98,165.31,165.18,166.82,167.74,167.31,156.5,174.68,169.11,166.96,177.19,172.5,169.68,178.89,176.35,172.12,0.08,-0.06,66.79,77.5,84.59,77.01,56.75,57.48,74.03,100.17,12.59,7.29,13.99,19.88,8.38,-16.94,-16.94,69.88,86.79,36.05,83.06,92.22,64.74,66.57,182.34,148.27,20.61,0.77,180.51,153.14,16.41,0.78,3.59,4.03,4.51,5.09,8.52,7.04,177.14,161.02,179.61,150.1,164.86,246800800,93438000.0,95623920.0,97046125.0,1.06,77.11,1182755781.27,144.35,0.18,30.37,44.37,13.2,96.0,48.0,48.0,178.03,179.35,180.94,176.44,175.12,164.39,-3.16,-1.78,3.63,175.68,176.22,175.41,-91126240.5
2022-04-01,AAPL,174.03,174.88,171.94,174.31,78751300,3.13,1.63,1.5,3.13,1.63,1.5,175.1,174.97,173.72,172.76,171.88,170.8,169.58,168.75,168.43,168.16,167.95,167.78,167.6,167.19,164.71,157.0,176.25,173.44,168.29,165.86,165.36,167.02,167.73,167.55,156.71,175.03,169.97,167.55,176.95,173.12,170.36,177.86,176.72,172.89,0.12,-0.02,51.26,74.49,80.64,85.9,56.78,57.04,48.88,72.57,9.22,5.74,10.33,23.69,11.14,-18.13,-17.96,63.95,74.85,42.13,81.87,86.23,73.14,71.22,183.33,148.4,21.06,0.74,180.85,153.19,16.56,0.76,3.3,3.91,4.49,4.15,8.73,7.21,177.4,161.76,179.61,150.1,164.86,168049500,93079020.0,91147880.0,96796830.0,0.81,78.09,1230970862.9,144.43,0.22,30.42,45.74,10.07,92.0,44.0,48.0,175.68,176.96,179.31,173.33,172.05,166.83,-0.3,-0.17,2.94,173.71,173.41,173.86,48215081.63
2022-04-04,AAPL,174.57,178.49,174.44,178.44,76468400,3.42,1.99,1.43,3.42,1.99,1.43,176.77,176.13,174.77,173.79,172.89,171.76,170.42,169.47,169.07,168.73,168.47,168.24,168.02,167.55,164.98,157.22,176.82,174.75,170.14,166.82,165.73,167.34,167.84,167.82,156.95,175.94,171.17,168.39,178.07,174.39,171.48,178.88,178.03,174.31,0.16,0.01,64.29,75.42,82.85,85.76,62.58,61.3,77.12,91.6,11.09,8.07,13.06,23.35,19.14,-4.65,-3.96,90.22,74.68,121.29,95.35,86.76,112.53,72.12,184.86,148.78,21.63,0.82,181.48,153.21,16.89,0.89,3.33,3.84,4.49,3.29,9.02,7.59,178.1,162.75,179.61,150.1,164.86,244517900,90298320.0,89213580.0,95799310.0,0.8,78.02,1305551154.26,144.5,0.31,31.31,50.62,10.25,88.0,40.0,48.0,173.71,175.48,176.65,172.54,170.77,168.87,4.13,2.37,4.18,177.12,176.46,177.45,74580291.36
2022-04-05,AAPL,177.5,178.3,174.42,175.06,73401800,3.34,2.26,1.08,3.34,2.26,1.08,175.92,175.77,174.83,174.02,173.23,172.17,170.86,169.88,169.46,169.08,168.79,168.54,168.3,167.8,165.18,157.4,176.04,175.38,171.48,167.7,166.09,167.61,167.89,168.1,157.16,175.99,171.95,169.0,177.71,174.85,172.08,177.89,178.17,174.91,0.18,0.05,48.26,61.6,70.41,74.53,63.09,56.3,56.87,73.97,6.76,7.27,6.24,15.47,17.62,-20.7,-15.42,51.6,68.59,17.61,79.3,85.51,66.89,64.11,185.53,149.87,21.26,0.71,181.81,153.41,16.95,0.76,3.55,3.73,4.4,2.55,8.91,7.77,178.32,163.4,179.61,150.1,164.86,171116100,84860800.0,88400560.0,92911985.0,0.79,71.72,1256364381.06,144.58,0.33,34.17,43.61,10.59,84.0,36.0,48.0,177.12,179.81,181.17,175.76,173.07,170.59,-3.38,-1.89,4.02,175.93,176.36,175.71,-49186773.2
2022-04-06,AAPL,172.36,173.63,170.13,171.83,89058800,2.98,2.41,0.58,2.98,2.41,0.58,173.87,174.46,174.17,173.62,173.01,172.13,170.96,170.03,169.61,169.23,168.94,168.68,168.44,167.93,165.32,157.54,174.85,175.54,172.29,168.15,166.48,167.85,167.88,168.34,157.35,175.35,172.34,169.37,176.31,174.65,172.2,175.65,177.38,174.83,0.2,0.08,26.84,44.48,61.13,66.62,61.69,53.98,-14.6,35.68,3.9,3.16,1.62,11.21,8.88,-39.19,-26.36,17.93,53.25,-52.7,60.81,78.48,25.45,56.72,185.92,150.37,21.14,0.6,181.92,153.78,16.76,0.64,3.72,3.84,4.3,2.22,8.89,7.75,178.64,163.27,179.61,150.1,164.86,82057300,84145920.0,87500170.0,92792180.0,0.96,65.17,1253819843.92,144.65,0.29,35.02,40.49,18.26,80.0,32.0,48.0,175.93,177.43,179.81,173.55,172.05,179.61,-3.23,-1.85,4.93,171.86,171.88,171.86,-2544537.14
2022-04-07,AAPL,171.16,173.36,169.85,172.14,77594700,2.69,2.46,0.23,2.69,2.46,0.23,173.01,173.68,173.72,173.35,172.88,172.13,171.07,170.18,169.78,169.39,169.09,168.83,168.58,168.07,165.45,157.68,174.36,175.34,173.06,168.83,166.8,168.1,167.83,168.56,157.55,174.73,172.72,169.73,175.33,174.51,172.35,174.21,176.76,174.79,0.21,0.11,30.6,43.53,56.42,63.3,58.15,56.63,-34.72,30.76,1.97,3.56,-1.93,8.16,13.62,-45.0,-25.31,23.46,31.0,8.4,55.0,65.04,34.93,53.57,186.08,151.57,20.44,0.6,182.02,154.18,16.56,0.65,3.73,3.75,4.18,2.43,8.63,7.78,178.58,163.56,179.61,150.1,164.86,159652000,79055000.0,86246500.0,91404815.0,0.85,57.79,1277474068.7,144.72,0.3,36.08,34.8,19.22,76.0,28.0,48.0,171.86,173.6,175.36,170.1,168.36,179.42,0.31,0.18,3.51,171.78,171.6,171.87,23654224.79
2022-04-08,AAPL,171.78,171.78,169.2,170.09,76575500,2.27,2.42,-0.15,2.27,2.42,-0.15,171.55,172.49,172.91,172.76,172.45,171.87,170.98,170.18,169.8,169.43,169.14,168.89,168.64,168.14,165.54,157.81,173.51,174.88,173.47,169.6,166.97,168.32,167.74,168.76,157.73,173.78,172.84,169.94,173.89,174.01,172.23,172.28,175.66,174.37,0.22,0.13,33.13,36.95,49.77,57.52,60.71,58.2,-89.07,12.45,-0.07,4.24,-4.63,4.71,15.36,-64.76,-32.26,8.55,16.65,-7.65,35.24,50.35,5.02,52.55,185.53,153.67,18.79,0.52,182.01,154.63,16.27,0.56,3.74,3.73,3.99,2.95,7.97,7.8,178.43,163.52,179.61,150.1,164.86,83076500,78619840.0,85849430.0,90385085.0,0.85,51.03,1253729727.62,144.78,0.34,36.73,31.48,20.61,72.0,24.0,48.0,171.78,173.72,175.29,170.21,168.27,179.04,-2.05,-1.19,2.94,170.36,170.49,170.29,-23744341.09
2022-04-11,AAPL,168.71,169.03,165.5,165.75,72246700,1.57,2.25,-0.69,1.57,2.25,-0.69,168.65,170.24,171.32,171.49,171.42,171.11,170.48,169.85,169.54,169.23,168.98,168.75,168.53,168.06,165.55,157.89,170.97,173.9,173.49,170.35,166.99,168.23,167.63,168.91,157.89,172.12,172.48,169.86,171.37,172.77,171.56,169.03,173.6,173.2,0.21,0.14,25.46,20.1,34.58,45.24,60.1,56.09,-177.26,-37.5,-4.78,4.05,-9.85,-3.07,15.13,-98.23,-46.97,1.77,11.26,-17.21,1.77,30.67,-56.02,49.25,183.72,156.98,15.69,0.33,181.92,154.53,16.28,0.41,3.87,3.73,3.98,4.1,6.68,7.79,177.94,163.01,179.61,150.38,165.0,10829800,77775500.0,84036910.0,88560815.0,0.82,44.87,1191716271.24,144.83,0.35,36.69,25.56,27.66,68.0,20.0,48.0,170.36,171.51,172.94,168.93,167.78,178.45,-4.34,-2.55,4.59,166.76,167.26,166.51,-62013456.37
2022-04-12,AAPL,168.02,169.87,166.64,167.66,79265200,1.15,2.03,-0.88,1.15,2.03,-0.88,168.15,169.38,170.51,170.79,170.84,170.68,170.21,169.69,169.41,169.14,168.91,168.7,168.49,168.05,165.59,157.98,169.49,172.77,173.41,170.98,167.14,168.08,167.54,169.05,158.06,170.98,172.22,169.91,170.13,172.04,171.2,167.76,172.38,172.5,0.19,0.15,14.59,27.84,37.5,46.11,66.28,53.64,-131.25,-36.2,-4.04,6.49,-11.3,-2.55,12.57,-84.69,-40.88,16.63,8.98,31.92,15.31,17.44,11.05,47.25,182.36,159.6,13.31,0.35,181.65,154.52,16.14,0.48,4.04,3.67,3.95,4.11,5.69,7.76,177.55,162.87,179.61,154.46,167.04,90095000,78948180.0,81904490.0,87875860.0,0.9,43.96,1162513302.82,144.89,0.3,37.66,21.35,28.13,64.0,16.0,48.0,166.76,168.02,170.29,164.49,163.23,177.41,1.91,1.15,4.12,168.06,168.26,167.96,-29202968.42
2022-04-13,AAPL,167.39,171.04,166.77,170.4,70618900,1.03,1.83,-0.8,1.03,1.83,-0.8,169.28,169.72,170.48,170.72,170.77,170.64,170.23,169.74,169.48,169.21,168.98,168.78,168.57,168.12,165.68,158.11,169.21,172.03,173.43,171.52,167.27,168.0,167.55,169.17,158.23,170.55,172.17,170.12,170.12,171.9,171.21,168.24,172.06,172.37,0.18,0.16,34.02,40.6,41.36,44.2,65.13,59.43,-84.37,-29.05,-2.96,4.57,-7.37,-3.67,10.81,-65.27,-36.62,37.72,18.71,75.75,34.73,17.27,69.64,46.23,181.57,161.47,11.72,0.44,181.45,154.55,16.01,0.59,4.05,3.69,3.91,3.76,5.03,7.78,177.61,162.84,179.61,157.63,168.62,160713900,75260200.0,79703060.0,86291795.0,0.82,42.96,1211963071.21,144.94,0.28,37.77,20.58,27.94,60.0,12.0,48.0,168.06,169.47,171.29,166.24,164.83,176.46,2.74,1.63,4.27,169.4,168.9,169.65,49449768.38
2022-04-14,AAPL,170.62,171.27,165.04,165.29,75329400,0.52,1.57,-1.05,0.52,1.57,-1.05,167.28,168.24,169.33,169.73,169.93,169.97,169.76,169.41,169.21,168.99,168.8,168.62,168.44,168.03,165.68,158.18,167.84,171.1,172.84,171.75,167.24,167.79,167.54,169.22,158.37,169.33,171.57,169.99,168.43,170.85,170.57,166.32,170.46,171.32,0.16,0.16,30.13,33.42,28.54,36.94,55.56,58.21,-108.76,-79.15,-7.64,4.27,-9.32,-9.43,4.67,-98.28,-65.15,1.86,18.74,-31.9,1.72,17.25,-29.35,41.91,180.92,162.59,10.67,0.15,181.07,154.51,15.83,0.41,4.37,3.96,3.94,4.18,4.58,7.79,177.67,161.84,179.61,159.76,169.68,85384500,74807140.0,76931070.0,86277495.0,0.87,36.25,1142679369.44,144.99,0.21,37.72,17.14,29.2,56.0,8.0,48.0,169.4,172.04,173.67,167.77,165.13,175.58,-5.11,-3.0,6.23,167.2,168.16,166.72,-69283701.77
2022-04-18,AAPL,163.92,166.6,163.57,165.07,69023900,0.09,1.27,-1.18,0.09,1.27,-1.18,166.18,167.19,168.38,168.88,169.18,169.36,169.31,169.09,168.94,168.77,168.62,168.47,168.31,167.93,165.66,158.25,166.83,170.17,172.2,171.81,167.3,167.63,167.55,169.26,158.51,168.23,170.94,169.85,167.13,169.89,169.97,165.03,169.08,170.35,0.13,0.15,28.41,21.3,29.44,35.14,54.41,61.96,-125.05,-124.21,-7.14,6.68,-9.24,-10.53,1.09,-90.65,-73.25,10.18,16.59,-2.63,9.35,15.26,-2.47,42.2,180.79,162.83,10.45,0.12,180.85,154.41,15.77,0.4,4.1,3.91,3.93,4.41,4.49,7.76,177.13,161.5,179.61,163.01,171.31,16360600,73296820.0,75958330.0,83553105.0,0.83,29.0,1141995964.49,145.03,0.15,37.11,17.36,30.89,52.0,4.0,48.0,167.2,169.36,173.43,163.13,160.97,174.53,-0.22,-0.13,3.03,165.08,165.08,165.08,-683404.95
2022-04-19,AAPL,165.02,167.82,163.91,167.4,67723800,-0.06,1.01,-1.06,-0.06,1.01,-1.06,166.79,167.26,168.16,168.61,168.91,169.12,169.13,168.96,168.84,168.7,168.56,168.42,168.27,167.92,165.7,158.34,167.16,169.07,171.65,171.91,167.57,167.53,167.63,169.32,158.64,167.73,170.52,169.86,166.96,169.49,169.71,165.32,168.56,169.92,0.11,0.15,41.92,32.78,38.0,33.2,53.46,60.56,-89.19,-103.5,-4.13,11.14,-11.04,-11.56,2.02,-76.12,-73.55,38.07,16.7,80.81,23.88,11.65,48.34,44.11,180.63,163.19,10.14,0.24,180.68,154.39,15.69,0.49,4.16,3.94,3.89,3.36,4.36,7.61,177.02,161.24,179.61,163.57,171.59,84084400,72392240.0,75083870.0,82148725.0,0.82,26.51,1195170405.92,145.08,0.17,36.91,13.48,30.61,48.0,0.0,48.0,165.08,166.59,168.11,163.56,162.05,173.21,2.33,1.41,3.91,166.38,165.86,166.63,53174441.43
2022-04-20,AAPL,168.76,168.88,166.1,167.23,67929800,-0.19,0.77,-0.96,-0.19,0.77,-0.96,167.01,167.25,167.96,168.36,168.65,168.88,168.95,168.84,168.74,168.62,168.5,168.37,168.23,167.89,165.73,158.43,167.08,168.29,170.87,171.83,167.9,167.44,167.72,169.37,158.77,167.39,170.07,169.84,166.8,169.11,169.45,165.54,168.09,169.5,0.09,0.13,55.93,38.01,38.17,34.21,51.92,57.08,-61.88,-82.98,-4.06,7.83,-7.83,-10.54,-1.59,-75.47,-77.18,37.39,28.55,55.06,24.53,19.25,35.09,44.9,180.69,162.97,10.32,0.24,180.54,154.35,15.64,0.49,4.13,3.93,3.86,2.65,4.43,7.37,176.82,161.08,179.61,163.57,171.59,16154600,70125160.0,74536670.0,81468615.0,0.83,33.43,1182464112.4,145.13,0.12,35.35,14.34,30.68,44.0,0.0,44.0,166.38,168.84,170.29,164.93,162.47,172.06,-0.17,-0.1,2.78,167.4,167.49,167.36,-12706293.53
2022-04-21,AAPL,168.91,171.53,165.91,166.42,87227800,-0.35,0.55,-0.9,-0.35,0.55,-0.9,166.71,166.97,167.61,168.01,168.31,168.57,168.71,168.66,168.59,168.49,168.4,168.29,168.16,167.84,165.74,158.51,166.28,167.74,170.11,171.64,168.01,167.28,167.83,169.47,158.88,167.05,169.56,169.74,166.44,168.64,169.12,165.41,167.5,168.99,0.07,0.12,44.55,35.47,27.41,36.8,47.36,55.4,-43.49,-67.91,-6.74,4.28,-5.41,-8.19,-3.79,-80.9,-82.23,34.71,36.72,30.69,19.1,22.5,12.3,44.25,180.81,162.48,10.68,0.22,180.19,154.36,15.45,0.47,4.28,4.08,3.91,2.38,4.58,7.32,176.86,160.55,179.61,163.57,171.59,-71073200,73446940.0,74353570.0,80926870.0,1.08,42.19,1111067692.47,145.19,0.08,32.63,18.49,25.58,40.0,0.0,40.0,167.4,168.71,170.18,165.93,164.62,163.57,-0.81,-0.48,5.62,167.95,168.72,167.57,-71396419.93
2022-04-22,AAPL,166.46,167.87,161.5,161.79,84882400,-0.84,0.27,-1.11,-0.84,0.27,-1.11,164.25,165.24,166.32,166.88,167.3,167.72,168.05,168.15,168.15,168.12,168.07,168.0,167.91,167.65,165.66,158.54,165.58,166.71,169.26,171.03,168.12,166.99,167.87,169.48,158.97,165.97,168.62,169.34,164.67,167.39,168.23,163.3,165.83,167.7,0.05,0.11,17.56,31.36,26.18,32.3,41.37,48.01,-121.14,-126.23,-7.58,0.73,-10.35,-12.52,-12.28,-98.29,-98.4,2.89,25.0,-41.32,1.71,15.11,-25.11,37.89,181.11,160.95,11.79,0.04,179.73,154.24,15.26,0.3,4.6,4.32,3.98,2.51,5.04,7.19,176.69,159.41,179.61,161.5,170.56,-155955600,75357540.0,75082340.0,80664420.0,1.05,42.14,1033913988.23,145.23,-0.02,29.65,17.44,27.36,36.0,0.0,36.0,167.95,170.0,173.57,164.38,162.33,171.53,-4.63,-2.78,6.37,163.72,164.68,163.24,-77153704.24
2022-04-25,AAPL,161.12,163.17,158.46,162.88,96046400,-1.13,-0.01,-1.12,-1.13,-0.01,-1.12,163.57,164.46,165.56,166.15,166.62,167.12,167.56,167.76,167.81,167.83,167.82,167.78,167.71,167.49,165.61,158.58,165.14,165.99,168.5,170.44,168.39,166.8,167.93,169.46,159.06,165.27,167.84,169.0,163.75,166.51,167.57,162.47,164.76,166.77,0.02,0.09,36.97,42.45,32.59,25.93,37.83,47.71,-163.39,-143.36,-5.21,-0.67,-7.21,-15.56,-11.84,-77.72,-79.1,33.82,23.81,53.84,22.28,14.36,38.11,39.05,180.98,159.89,12.38,0.14,179.51,154.09,15.24,0.35,4.66,4.36,4.02,2.46,5.27,6.81,176.27,158.84,179.61,158.46,169.04,-59909200,80762040.0,77029430.0,81439430.0,1.18,34.27,1118133018.38,145.28,0.0,28.32,11.37,32.1,32.0,100.0,-68.0,163.72,165.94,170.09,159.57,157.35,171.53,1.09,0.67,4.71,161.5,160.82,161.85,84219030.15
2022-04-26,AAPL,162.25,162.34,156.72,156.8,95623200,-1.83,-0.38,-1.46,-1.83,-0.38,-1.46,160.18,161.9,163.61,164.45,165.11,165.83,166.53,166.95,167.1,167.22,167.28,167.3,167.29,167.14,165.43,158.56,163.02,165.09,167.05,169.5,168.6,166.56,167.7,169.38,159.12,163.6,166.54,168.25,161.1,164.66,166.21,159.27,162.32,164.85,-0.01,0.07,22.63,26.57,25.64,23.93,32.57,39.52,-201.22,-164.7,-8.91,-5.19,-8.95,-18.26,-18.8,-99.53,-99.65,0.54,12.42,-23.21,0.47,8.15,-14.89,37.51,181.37,157.62,14.01,-0.03,179.57,153.56,15.62,0.12,4.65,4.51,4.19,3.82,5.94,6.34,175.56,157.51,179.61,156.72,168.17,-155532400,86341920.0,79367080.0,81701995.0,1.17,33.85,1025232187.06,145.32,-0.11,27.6,10.99,33.73,28.0,100.0,-72.0,161.5,164.55,166.21,159.84,156.79,171.01,-6.08,-3.73,6.16,158.62,159.53,158.17,-92900831.32
2022-04-27,AAPL,155.91,159.79,155.38,156.57,88063200,-2.38,-0.78,-1.6,-2.38,-0.78,-1.6,158.38,160.13,162.05,163.02,163.8,164.67,165.58,166.18,166.42,166.63,166.76,166.84,166.87,166.79,165.26,158.54,160.89,163.98,165.82,168.38,168.65,166.32,167.4,169.31,159.18,162.05,165.31,167.48,159.1,163.03,164.95,157.14,160.3,163.14,-0.04,0.05,8.38,16.55,27.21,26.17,31.26,37.86,-174.5,-167.05,-7.95,-7.26,-11.09,-15.26,-22.39,-93.38,-95.09,7.37,13.91,-5.71,6.62,9.79,0.28,35.74,180.71,156.04,14.65,0.02,179.61,153.03,15.98,0.13,4.85,4.48,4.22,4.53,6.17,6.23,174.53,156.63,179.61,155.38,167.5,-243595600,90368600.0,80246880.0,81075685.0,1.09,34.12,984695158.49,145.35,-0.19,28.12,11.08,29.31,24.0,100.0,-76.0,158.62,160.52,164.24,154.9,153.0,170.15,-0.23,-0.15,4.41,157.25,157.58,157.08,-40537028.57
2022-04-28,AAPL,159.25,164.52,158.93,163.64,130216800,-2.22,-1.07,-1.15,-2.22,-1.07,-1.15,161.01,161.3,162.4,163.13,163.77,164.54,165.4,165.99,166.24,166.46,166.61,166.7,166.74,166.69,165.23,158.6,160.34,163.31,165.28,167.67,168.78,166.13,167.22,169.33,159.25,161.99,164.86,167.15,160.02,162.92,164.7,159.08,160.52,162.94,-0.07,0.02,40.98,46.35,46.74,39.04,35.94,41.22,-58.12,-86.36,-1.27,-3.86,-6.76,-8.5,-14.13,-49.63,-65.91,51.15,19.68,114.07,50.37,19.15,112.79,40.66,179.34,156.0,13.92,0.33,179.31,152.96,15.86,0.41,5.43,4.79,4.44,3.93,5.83,6.07,174.98,155.81,178.49,155.38,166.94,-113378800,98966400.0,86206670.0,82954865.0,1.57,43.78,1073913466.9,145.42,-0.12,27.6,17.39,26.95,20.0,96.0,-76.0,157.25,159.11,161.66,154.7,152.84,168.97,7.07,4.52,7.95,162.36,161.73,162.68,89218308.41
2022-04-29,AAPL,161.84,166.2,157.25,157.65,131747600,-2.54,-1.36,-1.18,-2.54,-1.36,-1.18,159.33,160.08,161.34,162.13,162.83,163.68,164.66,165.37,165.69,165.97,166.17,166.3,166.38,166.39,165.08,158.59,159.51,162.55,164.31,166.82,168.68,165.84,166.91,169.25,159.3,160.96,163.91,166.43,158.77,161.75,163.73,157.8,159.19,161.69,-0.1,-0.0,32.52,36.94,36.28,35.44,33.03,36.81,-83.31,-106.94,-5.97,-9.43,-7.64,-12.44,-16.96,-85.94,-90.18,14.06,24.19,-6.21,14.06,23.68,-5.19,34.96,178.82,154.82,14.39,0.12,179.1,152.58,15.99,0.19,6.31,5.22,4.73,4.24,6.0,6.23,175.1,154.22,178.49,155.38,166.94,-245126400,108339440.0,91848490.0,84389780.0,1.56,42.0,953942188.69,145.48,-0.14,27.83,15.96,26.14,16.0,92.0,-76.0,162.36,165.8,167.95,160.21,156.77,167.88,-5.99,-3.66,8.95,160.37,161.72,159.69,-119971278.21
2022-05-02,AAPL,156.71,158.23,153.27,157.96,123055300,-2.74,-1.64,-1.1,-2.74,-1.64,-1.1,158.64,159.37,160.59,161.38,162.08,162.97,164.02,164.82,165.19,165.53,165.77,165.94,166.05,166.12,164.94,158.58,158.52,161.83,163.5,166.0,168.48,165.62,166.67,169.12,159.35,160.13,163.06,165.74,158.0,160.81,162.89,157.2,158.22,160.66,-0.13,-0.03,40.78,32.11,31.73,39.93,35.25,36.25,-131.44,-145.56,-7.3,-9.59,-7.11,-7.79,-16.35,-74.32,-81.4,25.68,30.3,16.46,25.68,30.04,16.98,42.47,178.09,153.92,14.56,0.17,179.03,152.21,16.2,0.21,6.22,5.25,4.79,4.36,6.04,6.48,174.52,153.53,178.49,153.27,165.88,-122071100,113741220.0,97251630.0,86604980.0,1.42,40.54,1063600339.09,145.52,-0.1,29.33,15.88,26.39,12.0,100.0,-88.0,160.37,163.48,169.32,154.53,151.42,166.88,0.31,0.2,4.96,156.49,155.75,156.86,109658150.4
2022-05-03,AAPL,158.15,160.71,156.32,159.48,88966500,-2.75,-1.86,-0.89,-2.75,-1.86,-0.89,159.06,159.41,160.35,161.03,161.68,162.53,163.59,164.43,164.82,165.19,165.46,165.66,165.79,165.9,164.83,158.59,159.06,161.04,163.08,165.06,168.29,165.46,166.45,168.96,159.44,159.7,162.44,165.16,157.99,160.3,162.32,157.6,157.87,160.06,-0.15,-0.05,41.98,36.03,40.46,39.32,37.14,34.37,-75.86,-98.77,-3.52,-9.18,-7.92,-8.18,-18.96,-65.99,-75.38,34.01,24.58,52.86,34.01,24.58,52.86,48.09,175.95,154.17,13.2,0.24,178.98,151.95,16.34,0.28,5.93,5.27,4.86,3.93,5.45,6.66,174.12,153.06,178.3,153.27,165.79,-33104600,112409880.0,99375900.0,87229885.0,1.02,40.77,1102713173.94,145.55,-0.12,29.68,18.05,26.3,8.0,96.0,-88.0,156.49,159.7,161.45,154.74,151.53,166.2,1.52,0.96,4.39,158.84,158.51,159.0,39112834.85
2022-05-04,AAPL,159.67,166.48,159.26,166.02,108256500,-2.2,-1.93,-0.27,-2.2,-1.93,-0.27,162.54,161.61,161.61,161.94,162.35,162.97,163.82,164.55,164.9,165.24,165.49,165.68,165.8,165.9,164.85,158.66,160.95,160.92,162.97,164.6,168.19,165.5,166.36,168.88,159.54,160.61,162.53,165.02,160.19,161.05,162.64,160.93,159.33,160.73,-0.16,-0.07,71.28,49.4,51.29,44.8,39.66,41.32,25.67,-14.15,0.58,-7.23,-1.21,-4.38,-9.04,-30.18,-49.06,87.33,49.01,163.97,69.82,43.17,123.13,50.32,174.45,154.76,11.96,0.57,179.01,151.98,16.33,0.52,6.29,5.48,5.0,3.74,4.92,6.68,174.78,152.87,173.63,153.27,163.45,75151900,116448540.0,103408570.0,88972620.0,1.22,42.38,1197175216.88,145.61,-0.03,28.88,23.35,25.28,4.0,92.0,-88.0,158.84,161.35,163.23,156.96,154.45,153.27,6.54,4.1,7.22,163.92,162.87,164.44,94462042.94
2022-05-05,AAPL,163.85,164.08,154.95,156.77,130525300,-2.48,-2.04,-0.44,-2.48,-2.04,-0.44,159.66,160.0,160.53,161.0,161.49,162.19,163.15,163.97,164.37,164.77,165.07,165.29,165.45,165.6,164.69,158.64,159.58,159.96,162.06,163.85,167.75,165.43,166.06,168.65,159.6,159.85,161.79,164.28,158.8,160.04,161.77,159.04,158.17,159.67,-0.17,-0.09,50.33,43.41,37.83,40.79,36.13,37.9,-70.98,-93.2,-6.35,-11.81,-9.65,-8.52,-15.06,-80.83,-82.81,26.5,49.28,-19.07,19.17,41.0,-24.5,48.64,173.67,154.03,11.98,0.14,179.08,151.78,16.5,0.18,6.99,5.82,5.34,3.39,4.91,6.98,174.8,151.5,173.36,153.27,163.32,-55373400,116510240.0,107738320.0,91045945.0,1.43,40.82,1118688481.17,145.66,-0.07,27.75,21.97,26.95,0.0,88.0,-88.0,163.92,168.58,171.14,161.36,156.7,153.53,-9.25,-5.57,11.07,158.6,159.51,158.14,-78486735.71
2022-05-06,AAPL,156.01,159.44,154.18,157.28,116124600,-2.63,-2.16,-0.48,-2.63,-2.16,-0.48,158.47,159.09,159.81,160.32,160.84,161.58,162.59,163.47,163.92,164.35,164.69,164.94,165.13,165.33,164.54,158.63,159.5,159.5,161.53,163.11,167.19,165.32,165.74,168.47,159.65,159.36,161.16,163.6,157.97,159.27,161.05,158.04,157.39,158.84,-0.19,-0.11,36.82,42.53,38.7,41.63,38.49,38.49,-90.83,-108.58,-5.95,-9.92,-4.51,-7.79,-14.86,-78.04,-80.04,30.36,48.06,-5.05,21.96,36.98,-8.09,50.41,172.53,153.69,11.55,0.19,179.15,151.5,16.73,0.21,7.11,5.98,5.35,3.42,4.71,7.13,174.56,150.62,171.78,153.27,162.52,60751200,113385640.0,110862540.0,92972440.0,1.25,39.6,1139440786.11,145.7,-0.07,26.36,21.38,25.39,8.0,84.0,-76.0,158.6,162.25,167.73,153.12,149.47,153.79,0.51,0.33,5.26,156.97,156.81,157.05,20752304.94
2022-05-09,AAPL,154.93,155.83,151.49,152.06,131577900,-3.14,-2.35,-0.78,-3.14,-2.35,-0.78,155.26,156.75,158.09,158.82,159.49,160.39,161.59,162.63,163.15,163.67,164.07,164.38,164.62,164.9,164.3,158.56,158.32,158.42,160.66,162.21,166.43,165.06,165.4,168.24,159.67,158.01,160.11,162.63,155.67,157.67,159.75,155.07,155.44,157.19,-0.2,-0.13,38.03,43.53,35.18,34.48,35.26,32.42,-144.64,-152.86,-8.63,-12.76,-10.82,-15.34,-18.03,-97.16,-97.19,3.8,20.22,-29.03,2.84,14.66,-20.78,42.37,172.24,152.17,12.37,-0.01,179.39,150.74,17.36,0.05,6.81,6.12,5.46,3.91,5.02,7.49,173.82,149.35,171.53,151.49,161.51,-70826700,115090160.0,114415690.0,95722560.0,1.37,33.36,1042424822.98,145.73,-0.11,24.86,19.49,27.98,4.0,100.0,-96.0,156.97,159.75,162.23,154.49,151.71,166.48,-5.22,-3.32,5.79,153.13,153.66,152.86,-97015963.13
2022-05-10,AAPL,155.52,156.74,152.93,154.51,115366700,-3.3,-2.54,-0.76,-3.3,-2.54,-0.76,154.89,156.0,157.29,158.04,158.73,159.65,160.91,162.03,162.59,163.16,163.6,163.95,164.22,164.55,164.1,158.52,157.33,158.19,159.8,161.64,165.73,164.85,165.17,167.99,159.69,157.3,159.38,161.86,154.82,156.76,158.89,154.27,154.53,156.21,-0.22,-0.15,43.23,47.35,42.13,37.7,38.63,36.14,-102.45,-112.49,-4.5,-13.41,-2.29,-12.72,-11.24,-84.93,-84.93,20.15,18.1,24.24,15.07,13.29,18.63,47.73,172.09,151.19,12.93,0.16,179.49,150.22,17.75,0.15,6.2,6.25,5.55,4.08,5.22,7.59,173.42,148.41,171.53,151.49,161.51,44540000,120370200.0,116390040.0,97878560.0,1.18,35.13,1022742840.04,145.76,-0.09,23.57,18.89,27.37,0.0,96.0,-96.0,153.13,154.76,157.47,150.42,148.79,166.18,2.45,1.61,4.68,154.73,154.84,154.67,-19681982.94
2022-05-11,AAPL,153.5,155.45,145.81,146.5,142689800,-4.03,-2.84,-1.19,-4.03,-2.84,-1.19,150.69,152.83,154.89,155.94,156.84,158.01,159.54,160.88,161.55,162.23,162.77,163.19,163.52,163.96,163.76,158.4,153.42,157.19,158.42,160.59,164.65,164.52,164.8,167.74,159.69,155.17,157.93,160.62,151.59,154.54,157.12,150.22,151.75,153.93,-0.25,-0.17,29.71,28.47,34.6,33.09,36.67,33.95,-193.0,-172.07,-10.06,-16.31,-10.07,-19.92,-21.16,-96.87,-97.32,3.34,9.1,-8.18,3.13,7.01,-4.64,39.41,172.63,148.54,15.0,-0.08,180.04,149.0,18.87,-0.08,6.86,6.54,5.79,5.51,6.02,7.94,172.62,146.46,171.53,145.81,158.67,-98149800,127256860.0,121852700.0,101049790.0,1.41,28.34,900479588.17,145.78,-0.13,25.15,15.17,33.94,0.0,100.0,-100.0,154.73,156.52,158.54,152.71,150.92,165.89,-8.01,-5.18,9.64,149.25,150.63,148.56,-122263251.87
2022-05-12,AAPL,142.77,146.2,138.8,142.56,182602000,-4.87,-3.25,-1.63,-4.87,-3.25,-1.63,146.63,149.41,152.15,153.51,154.65,156.08,157.92,159.52,160.33,161.14,161.78,162.3,162.7,163.26,163.34,158.25,150.58,155.08,156.83,159.19,163.47,164.04,164.29,167.45,159.68,152.51,156.22,159.19,147.96,151.94,155.04,145.85,148.52,151.25,-0.28,-0.19,10.07,30.01,36.05,33.48,33.09,32.08,-240.22,-229.05,-9.08,-17.03,-21.08,-19.23,-27.84,-86.42,-88.51,13.58,12.36,16.04,13.58,10.59,19.56,39.5,172.8,145.59,17.09,-0.11,180.74,147.33,20.37,-0.14,7.34,6.63,5.96,6.68,6.8,8.52,171.19,144.65,171.53,138.8,155.17,-280751800,137672200.0,127091220.0,106648945.0,1.71,27.03,903440701.69,145.76,-0.14,26.54,14.95,36.26,0.0,100.0,-100.0,149.25,152.7,158.89,143.06,139.61,165.08,-3.94,-2.69,7.7,142.52,142.5,142.53,2961113.51
2022-05-13,AAPL,144.59,148.1,143.11,147.11,113990900,-5.11,-3.62,-1.49,-5.11,-3.62,-1.49,146.87,148.64,151.03,152.34,153.49,154.96,156.89,158.6,159.48,160.36,161.07,161.64,162.09,162.73,163.01,158.14,148.55,154.02,155.85,158.29,162.56,163.66,163.87,167.22,159.69,151.06,155.07,158.14,146.85,150.55,153.73,145.18,147.13,149.75,-0.32,-0.22,30.43,37.08,41.46,37.21,34.68,36.49,-136.94,-159.53,-6.04,-14.54,-10.54,-15.77,-18.18,-69.98,-74.61,30.02,15.65,58.77,30.02,15.58,58.91,37.6,172.59,143.98,18.07,0.11,181.02,146.29,21.22,0.02,7.1,6.69,6.02,7.05,7.15,8.76,170.28,143.51,171.53,138.8,155.17,-166760900,137245460.0,125315550.0,108582020.0,1.05,33.24,972200743.57,145.76,-0.08,25.42,16.85,32.69,0.0,96.0,-96.0,142.52,146.24,149.92,138.84,135.12,163.51,4.55,3.19,5.54,146.11,145.61,146.36,68760041.88
2022-05-16,AAPL,145.55,147.52,144.18,145.54,86643800,-5.37,-3.97,-1.4,-5.37,-3.97,-1.4,146.2,147.61,149.81,151.11,152.26,153.78,155.81,157.63,158.58,159.54,160.31,160.94,161.44,162.17,162.67,158.01,147.24,152.78,154.7,157.31,161.6,163.3,163.48,166.95,159.69,149.52,153.85,157.04,145.6,149.09,152.36,144.22,145.66,148.2,-0.35,-0.24,27.2,33.42,31.85,40.15,36.38,37.71,-113.59,-140.64,-11.06,-14.43,-12.42,-11.26,-19.53,-75.65,-79.41,24.35,22.65,27.75,24.35,22.65,27.75,41.44,172.31,142.31,19.07,0.11,181.41,145.2,22.17,0.01,5.99,6.49,5.88,7.37,7.5,9.0,168.8,142.83,171.53,138.8,155.17,-253404700,128258640.0,121674400.0,109463015.0,0.79,33.56,956117163.93,145.76,-0.08,23.88,17.37,31.79,0.0,92.0,-92.0,146.11,149.1,151.1,144.11,141.12,162.02,-1.57,-1.07,3.34,145.75,145.85,145.7,-16083579.64
2022-05-17,AAPL,148.86,149.77,146.68,149.24,78336300,-5.21,-4.22,-0.99,-5.21,-4.22,-0.99,147.72,148.15,149.68,150.77,151.8,153.21,155.19,157.01,157.97,158.97,159.77,160.43,160.96,161.74,162.4,157.92,146.19,151.76,154.19,156.4,160.62,163.1,163.18,166.69,159.7,148.88,153.08,156.24,145.98,148.54,151.59,145.45,145.5,147.55,-0.37,-0.27,44.18,28.6,41.16,43.96,39.58,39.04,-65.8,-95.05,-5.33,-9.96,-10.24,-7.33,-18.16,-62.28,-68.1,41.3,31.89,60.11,37.72,30.7,51.76,43.87,171.02,141.78,18.7,0.26,181.61,144.6,22.69,0.13,5.85,6.48,5.94,7.04,7.31,8.69,168.15,142.23,171.53,138.8,155.17,-175068400,120852560.0,120611380.0,109993640.0,0.71,38.35,1007580817.33,145.77,-0.09,22.15,19.89,30.38,28.0,88.0,-60.0,145.75,147.31,149.09,143.97,142.41,160.63,3.7,2.54,4.23,148.56,148.23,148.73,51463653.4
2022-05-18,AAPL,146.85,147.36,139.9,140.82,109742900,-5.7,-4.51,-1.19,-5.7,-4.51,-1.19,144.27,145.71,147.71,148.96,150.11,151.66,153.82,155.81,156.87,157.96,158.85,159.57,160.17,161.06,161.97,157.75,145.05,149.24,153.14,155.08,159.48,162.77,162.79,166.33,159.67,146.89,151.6,154.96,143.57,146.57,149.86,142.63,143.27,145.5,-0.4,-0.29,27.33,29.22,34.61,31.59,33.8,33.52,-112.98,-139.61,-10.85,-16.01,-25.2,-22.82,-26.41,-92.7,-93.83,9.79,25.14,-20.93,7.3,23.12,-24.35,39.95,170.34,139.82,19.68,0.03,182.26,143.28,23.95,-0.06,6.35,6.58,6.2,5.76,7.63,8.97,166.98,140.66,171.53,138.8,155.17,-284811300,114263180.0,120760020.0,112084295.0,0.98,30.83,924905871.22,145.76,-0.11,23.76,14.45,37.28,24.0,84.0,-60.0,148.56,150.45,151.65,147.36,145.47,159.32,-8.42,-5.64,9.34,142.69,143.63,142.22,-82674946.11
2022-05-19,AAPL,139.88,141.66,136.6,137.35,136095600,-6.3,-4.87,-1.43,-6.3,-4.87,-1.43,140.81,142.92,145.41,146.85,148.15,149.87,152.25,154.44,155.61,156.81,157.8,158.61,159.28,160.28,161.49,157.55,144.01,147.3,151.39,153.63,158.33,162.26,162.41,165.9,159.62,144.73,149.91,153.54,140.71,144.27,147.88,139.33,140.63,143.12,-0.43,-0.32,32.16,25.89,30.8,32.93,32.5,34.14,-131.9,-157.54,-13.88,-19.4,-19.42,-20.3,-29.07,-97.49,-97.85,3.72,18.27,-25.37,2.51,15.84,-24.15,38.14,169.85,137.41,21.12,-0.0,183.03,141.49,25.6,-0.1,6.41,6.3,6.3,6.19,8.11,9.52,164.85,139.65,167.87,136.6,152.24,-420906900,104961900.0,121317050.0,114527685.0,1.19,31.11,829154816.67,145.73,-0.12,25.32,15.09,40.76,20.0,100.0,-80.0,142.69,145.49,150.15,138.03,135.23,158.09,-3.47,-2.46,5.06,138.54,139.13,138.24,-95751054.55
2022-05-20,AAPL,139.09,140.7,132.61,137.59,137426100,-6.67,-5.23,-1.44,-6.67,-5.23,-1.44,139.2,141.14,143.67,145.16,146.52,148.34,150.85,153.2,154.45,155.74,156.81,157.69,158.43,159.54,161.01,157.35,142.11,145.33,150.05,152.42,157.18,161.84,161.99,165.48,159.58,142.96,148.38,152.2,138.76,142.37,146.13,137.42,138.62,141.12,-0.47,-0.35,38.68,30.1,22.31,32.85,33.0,34.4,-125.24,-147.6,-17.12,-16.76,-19.69,-20.37,-24.2,-85.3,-85.88,20.64,11.38,39.15,14.7,8.17,27.77,44.48,169.65,135.18,22.62,0.07,183.73,139.95,27.06,-0.05,6.19,6.52,6.42,5.78,8.62,9.88,163.9,137.8,166.48,132.61,149.55,-283480800,109648940.0,123447200.0,117154870.0,1.17,31.16,860920800.23,145.69,-0.07,26.83,14.57,39.38,16.0,100.0,-84.0,138.54,140.47,143.6,135.41,133.48,156.37,0.24,0.17,8.09,136.97,136.66,137.12,31765983.56
2022-05-23,AAPL,137.79,143.26,137.65,143.11,117726300,-6.45,-5.48,-0.98,-6.45,-5.48,-0.98,141.16,141.8,143.55,144.79,146.0,147.69,150.12,152.45,153.71,155.04,156.14,157.06,157.83,159.0,160.66,157.21,141.62,144.43,149.06,151.43,156.28,161.61,161.63,165.12,159.56,142.56,147.5,151.29,139.25,141.77,145.25,138.85,138.51,140.43,-0.49,-0.38,41.27,35.54,35.65,37.09,39.1,36.7,-73.29,-94.0,-8.71,-13.3,-8.95,-16.37,-19.77,-69.0,-69.0,45.97,23.44,91.03,31.0,16.07,60.86,49.03,168.4,134.45,22.42,0.25,184.05,139.17,27.77,0.09,5.9,6.62,6.39,5.3,8.49,9.89,163.35,136.88,166.48,132.61,149.55,-165754500,115865440.0,122062040.0,118238865.0,1.0,31.84,972351576.17,145.68,-0.06,28.77,14.46,38.83,12.0,96.0,-84.0,136.97,141.32,145.06,133.23,128.88,153.99,5.52,4.01,5.67,141.34,140.45,141.78,111430775.94
2022-05-24,AAPL,140.81,141.97,137.33,140.36,104132700,-6.42,-5.67,-0.76,-6.42,-5.67,-0.76,140.76,141.32,142.84,143.99,145.13,146.77,149.19,151.55,152.85,154.23,155.37,156.33,157.14,158.39,160.26,157.04,139.85,143.02,147.79,150.61,155.44,161.4,161.21,164.74,159.53,141.82,146.44,150.26,138.79,140.8,144.13,138.75,137.8,139.37,-0.52,-0.41,39.25,41.01,33.03,28.47,37.11,35.69,-79.51,-95.58,-10.76,-16.15,-14.15,-25.66,-16.44,-75.37,-77.12,45.16,37.26,60.97,24.63,23.44,26.99,45.68,168.07,133.14,23.19,0.21,184.43,138.37,28.54,0.04,5.93,6.51,6.44,4.05,8.73,10.14,162.21,136.16,166.48,132.61,149.55,-269887200,121024720.0,120938640.0,118664340.0,0.88,25.14,1004219773.15,145.66,-0.01,33.15,8.36,39.8,8.0,92.0,-84.0,141.34,145.03,146.95,139.42,135.73,151.86,-2.75,-1.92,5.78,139.89,139.65,140.0,31868196.98
2022-05-25,AAPL,138.43,141.79,138.34,140.52,92482700,-6.31,-5.8,-0.52,-6.31,-5.8,-0.52,140.64,141.05,142.32,143.36,144.42,145.99,148.36,150.74,152.06,153.47,154.65,155.65,156.49,157.8,159.87,156.88,139.79,142.42,146.09,149.8,154.53,161.11,160.84,164.37,159.51,141.36,145.48,149.3,138.59,140.02,143.15,138.91,137.36,138.53,-0.53,-0.43,28.79,46.64,37.11,33.91,40.0,36.11,-67.85,-83.89,-7.59,-15.97,-5.98,-16.25,-16.05,-70.52,-76.65,46.1,45.74,46.8,29.48,28.37,31.71,48.19,167.59,132.02,23.74,0.24,184.83,137.39,29.44,0.07,5.95,5.97,6.31,3.92,8.89,10.22,160.3,136.42,166.48,132.61,149.55,-177404500,117572680.0,115917930.0,118885315.0,0.78,31.3,1028613760.69,145.65,0.02,36.82,9.12,38.27,4.0,88.0,-84.0,139.89,142.44,144.53,137.8,135.25,149.93,0.16,0.11,3.45,140.22,140.06,140.29,24393987.54
2022-05-26,AAPL,137.39,144.34,137.14,143.78,90601500,-5.9,-5.82,-0.08,-5.9,-5.82,-0.08,142.21,141.96,142.65,143.43,144.32,145.71,147.93,150.22,151.52,152.93,154.12,155.13,155.99,157.34,159.55,156.75,141.07,142.54,145.22,148.81,153.64,160.79,160.46,163.99,159.5,141.61,144.91,148.61,139.6,139.99,142.69,140.62,137.94,138.44,-0.54,-0.45,59.61,44.28,38.23,37.33,42.43,40.2,-39.42,-64.8,-6.94,-13.6,1.22,-13.5,-19.86,-53.71,-67.02,65.09,52.12,91.05,46.29,33.47,71.94,51.2,165.53,132.09,22.47,0.35,185.01,136.58,30.12,0.15,6.37,6.11,6.44,3.94,8.36,9.94,160.14,135.71,166.48,132.61,149.55,-86803000,108473860.0,106717880.0,116904550.0,0.78,37.45,1105121694.02,145.64,0.01,39.84,11.89,36.5,0.0,84.0,-84.0,140.22,142.09,143.67,138.64,136.77,148.2,3.26,2.32,7.2,141.75,140.74,142.26,76507933.33
2022-05-27,AAPL,145.39,149.68,145.26,149.64,90978500,-5.04,-5.66,0.62,-5.04,-5.66,0.62,145.92,144.52,144.2,144.56,145.14,146.2,148.09,150.18,151.4,152.74,153.9,154.89,155.74,157.09,159.35,156.68,143.48,142.8,144.71,148.41,153.12,160.57,160.18,163.69,159.5,142.9,144.99,148.35,142.35,141.05,143.03,144.51,140.02,139.48,-0.54,-0.47,84.54,56.14,53.61,47.76,41.59,43.15,68.38,-0.29,2.14,-7.51,2.53,-2.42,-8.01,-29.42,-49.72,99.24,70.14,157.44,70.58,48.78,114.16,62.5,164.61,132.21,21.83,0.54,184.99,136.16,30.42,0.28,5.88,6.12,6.35,4.33,8.1,9.72,160.32,135.86,166.48,132.61,149.55,4175500,99184340.0,104416640.0,114866095.0,0.79,44.39,1194453524.34,145.65,0.1,40.67,18.11,33.31,0.0,80.0,-80.0,141.75,146.37,148.95,139.17,134.55,132.61,5.86,4.08,5.9,148.19,147.47,148.56,89331830.32
2022-05-31,AAPL,149.07,150.66,146.84,148.84,103718400,-4.37,-5.4,1.03,-4.37,-5.4,1.03,147.38,145.96,145.23,145.34,145.71,146.53,148.16,150.08,151.24,152.53,153.65,154.63,155.47,156.82,159.14,156.6,144.63,143.12,144.5,147.95,152.58,160.27,159.94,163.43,159.5,144.0,145.03,148.07,144.16,141.86,143.25,146.78,141.59,140.29,-0.52,-0.48,80.65,49.34,57.79,44.57,44.36,45.64,96.58,10.05,4.41,-8.62,3.3,-5.67,-9.12,-28.94,-52.08,89.92,84.75,100.25,71.06,62.64,87.89,65.58,163.52,132.39,21.05,0.53,184.89,135.65,30.73,0.27,5.7,6.05,6.1,4.67,7.78,9.48,160.27,136.05,166.48,132.61,149.55,-99542900,96382760.0,106124100.0,113899250.0,0.91,43.8,1199340778.79,145.65,0.06,41.46,18.38,33.65,28.0,76.0,-48.0,148.19,151.13,152.61,146.71,143.77,132.95,-0.8,-0.53,3.82,148.78,148.75,148.8,4887254.45
2022-06-01,AAPL,149.9,151.74,147.68,148.71,74286600,-3.81,-5.08,1.28,-3.81,-5.08,1.28,148.05,146.88,146.01,145.95,146.17,146.8,148.21,149.98,151.07,152.32,153.41,154.37,155.21,156.55,158.94,156.52,146.3,143.07,144.11,147.42,151.96,159.94,159.76,163.2,159.49,145.02,145.1,147.82,145.49,142.56,143.45,148.22,142.9,141.02,-0.5,-0.48,71.6,67.78,52.23,52.49,44.06,45.69,107.26,23.19,1.09,-5.16,-0.53,2.21,-10.77,-15.84,-52.47,84.16,91.11,70.27,84.16,75.27,101.95,65.46,162.02,132.81,19.82,0.54,184.73,135.15,31.0,0.27,5.13,5.66,6.06,4.6,7.3,9.08,159.52,136.9,166.48,132.61,149.55,-173829500,90413540.0,105719130.0,113165255.0,0.66,50.97,1162746394.55,145.66,0.03,39.62,21.04,27.03,24.0,72.0,-48.0,148.78,150.72,152.6,146.9,144.96,133.66,-0.13,-0.09,4.06,149.38,149.71,149.21,-36594384.24
2022-06-02,AAPL,147.83,151.27,146.86,151.21,72348100,-3.12,-4.69,1.57,-3.12,-4.69,1.57,149.63,148.32,147.16,146.91,146.95,147.36,148.5,150.07,151.08,152.25,153.3,154.23,155.05,156.38,158.78,156.47,148.44,144.11,144.43,146.68,151.42,159.59,159.66,162.99,159.49,146.5,145.46,147.78,147.31,143.64,143.95,150.25,144.67,142.15,-0.47,-0.48,92.68,82.66,57.7,60.07,44.76,42.83,95.47,40.99,3.9,-3.42,10.39,8.65,-14.81,-2.77,-45.08,97.23,90.44,110.82,97.23,84.15,123.39,66.43,158.56,134.79,16.2,0.69,184.36,134.81,31.05,0.33,4.95,5.42,6.06,5.17,5.94,8.61,159.34,137.66,164.08,132.61,148.35,-101481400,86386620.0,101979650.0,111369835.0,0.65,60.16,1233125838.77,145.67,0.02,36.97,21.95,20.04,20.0,68.0,-48.0,149.38,151.07,153.44,147.01,145.32,134.74,2.5,1.68,4.41,149.78,149.06,150.14,70379444.22
2022-06-03,AAPL,146.9,147.97,144.46,145.38,88570300,-3.02,-4.36,1.34,-3.02,-4.36,1.34,147.5,147.34,146.77,146.63,146.71,147.11,148.2,149.72,150.71,151.87,152.92,153.85,154.67,156.02,158.52,156.36,148.76,144.91,144.61,146.11,150.72,159.09,159.37,162.72,159.49,146.73,145.34,147.39,146.73,143.54,143.7,148.89,144.64,142.13,-0.44,-0.47,63.22,64.53,45.04,48.04,36.79,42.91,30.73,-1.3,-2.59,-11.16,8.03,-1.73,-11.39,-33.25,-59.42,56.44,79.28,10.76,66.75,82.71,34.83,59.91,157.0,135.21,14.91,0.47,183.99,134.19,31.31,0.22,5.08,5.51,6.04,4.6,5.45,8.19,159.22,137.19,159.44,132.61,146.02,-190051700,85980380.0,97227120.0,109272085.0,0.81,52.89,1190985553.58,145.67,0.03,35.31,19.14,22.84,16.0,64.0,-48.0,149.78,152.7,154.19,148.29,145.37,135.76,-5.83,-3.86,6.75,145.94,146.22,145.8,-42140285.19
2022-06-06,AAPL,147.03,148.57,144.9,146.14,71598400,-2.84,-4.05,1.21,-2.84,-4.05,1.21,146.82,146.94,146.63,146.54,146.62,146.99,148.0,149.46,150.42,151.55,152.59,153.51,154.34,155.69,158.27,156.26,148.06,145.77,144.55,145.55,150.2,158.53,159.16,162.43,159.48,146.95,145.34,147.09,146.55,143.61,143.58,148.25,144.85,142.27,-0.41,-0.46,57.43,56.87,58.5,50.69,42.37,43.2,39.39,17.2,3.78,-7.3,8.55,0.6,-11.14,-29.27,-49.57,61.64,71.77,41.39,70.73,78.24,55.71,58.27,155.09,136.0,13.12,0.53,183.31,133.75,31.27,0.25,5.12,5.53,5.68,3.81,4.77,7.96,159.07,136.94,156.74,132.61,144.68,-118453300,82104360.0,90644350.0,107045775.0,0.67,58.81,1167769723.61,145.67,0.01,33.71,19.84,22.74,12.0,60.0,-48.0,145.94,147.41,149.45,143.9,142.43,136.72,0.76,0.52,3.67,146.54,146.74,146.44,-23215829.97
2022-06-07,AAPL,144.35,149.0,144.1,148.71,67808200,-2.46,-3.73,1.27,-2.46,-3.73,1.27,147.77,147.53,147.09,146.94,146.94,147.2,148.07,149.4,150.31,151.4,152.4,153.31,154.12,155.46,158.08,156.18,148.03,146.33,144.76,145.38,149.73,158.01,159.06,162.16,159.49,147.48,145.64,146.99,147.27,144.16,143.81,148.91,145.71,142.9,-0.38,-0.44,46.31,69.09,68.7,49.37,44.02,43.88,54.47,36.38,8.27,-5.86,5.6,-0.53,-3.35,-15.84,-33.28,79.25,65.78,106.19,84.16,73.88,104.72,57.69,154.56,136.21,12.62,0.68,182.5,133.52,30.99,0.31,4.79,5.58,5.67,3.79,4.59,7.59,159.23,136.91,156.74,132.61,144.68,-50645100,74922320.0,85652540.0,103857290.0,0.65,58.46,1227551646.87,145.68,0.09,33.42,16.79,23.57,8.0,56.0,-48.0,146.54,148.17,150.21,144.5,142.87,137.62,2.57,1.76,4.9,147.27,146.55,147.63,59781923.27
2022-06-08,AAPL,148.58,149.87,147.46,147.96,53950200,-2.2,-3.43,1.23,-2.2,-3.43,1.23,147.86,147.67,147.28,147.12,147.1,147.3,148.06,149.29,150.16,151.2,152.18,153.07,153.87,155.22,157.88,156.1,147.88,147.09,144.67,145.05,149.43,157.46,159.02,161.92,159.48,147.78,145.89,146.88,147.55,144.51,143.94,148.97,146.25,143.35,-0.35,-0.43,46.49,66.56,66.79,60.32,46.95,39.02,64.8,66.88,7.54,-7.22,7.6,7.14,-6.55,-19.76,-36.39,74.11,71.67,79.0,80.24,78.38,83.97,52.53,153.27,136.83,11.33,0.68,181.57,133.35,30.62,0.3,4.29,5.08,5.51,3.17,4.11,7.48,158.23,137.89,155.45,132.61,144.03,-104595300,70855040.0,80634290.0,100786465.0,0.54,65.14,1195987421.98,145.68,0.09,30.92,19.64,16.34,4.0,52.0,-48.0,147.27,150.44,152.17,145.54,142.37,138.47,-0.75,-0.5,2.41,148.43,148.67,148.31,-31564224.9
2022-06-09,AAPL,147.08,147.95,142.53,142.64,69473000,-2.39,-3.22,0.83,-2.39,-3.22,0.83,145.25,146.0,146.25,146.31,146.41,146.72,147.54,148.8,149.67,150.73,151.72,152.62,153.43,154.81,157.58,155.97,146.17,147.3,144.8,144.86,148.97,156.73,158.81,161.61,159.44,146.97,145.66,146.44,145.99,143.86,143.4,146.54,145.32,142.8,-0.33,-0.41,32.88,47.68,49.23,57.26,41.53,40.98,-10.16,-5.5,-0.33,-14.08,2.12,5.29,-3.86,-47.57,-56.09,1.19,51.52,-99.45,52.43,72.28,12.74,47.48,153.12,136.6,11.4,0.37,180.38,133.08,30.18,0.2,4.52,5.11,5.54,2.72,4.13,7.45,157.76,137.32,151.74,132.61,142.18,-174068300,70280020.0,78333320.0,97125625.0,0.72,68.37,1129334359.25,145.68,0.12,27.82,19.54,18.54,0.0,48.0,-48.0,148.43,149.4,150.84,146.99,146.02,139.27,-5.32,-3.6,5.43,144.37,145.24,143.94,-66653062.73
2022-06-10,AAPL,140.28,140.76,137.06,137.13,91437900,-2.95,-3.17,0.21,-2.95,-3.17,0.21,141.19,143.04,144.22,144.64,144.98,145.52,146.55,147.94,148.86,149.97,151.0,151.95,152.79,154.23,157.18,155.78,144.52,146.64,144.78,144.59,148.09,155.92,158.43,161.29,159.39,145.12,144.92,145.68,143.01,142.32,142.24,142.4,143.15,141.35,-0.32,-0.39,16.06,24.12,45.17,49.45,43.07,37.9,-129.17,-113.78,-2.3,-12.53,-6.65,-0.46,-5.43,-99.52,-76.37,0.48,25.26,-49.09,0.48,44.38,-87.33,42.92,153.5,135.68,12.32,0.08,179.41,132.43,30.13,0.1,4.74,4.93,5.35,4.13,4.45,7.22,156.41,136.69,151.74,132.61,142.18,-265506200,70853540.0,78416960.0,92567420.0,0.99,70.82,1041356271.68,145.66,0.07,24.73,20.25,21.35,0.0,44.0,-44.0,144.37,146.22,149.79,140.8,138.95,151.74,-5.51,-3.86,5.58,138.32,138.91,138.02,-87978087.57
2022-06-13,AAPL,132.87,135.2,131.44,131.88,122207100,-3.78,-3.29,-0.49,-3.78,-3.29,-0.49,136.54,139.32,141.48,142.32,142.97,143.81,145.16,146.75,147.77,148.97,150.07,151.07,151.97,153.49,156.68,155.54,141.66,144.86,144.4,143.83,147.23,155.06,157.96,160.94,159.31,142.44,143.71,144.63,139.09,140.07,140.55,137.28,140.03,139.15,-0.33,-0.38,16.52,20.37,38.79,36.45,42.25,37.89,-185.79,-175.94,-6.15,-16.15,-17.76,-11.23,-15.23,-97.83,-97.83,2.17,1.28,3.94,2.17,18.36,-30.21,33.27,154.3,133.36,14.56,-0.07,178.89,131.24,30.73,0.01,4.92,4.93,5.25,6.06,5.23,7.57,155.02,135.29,151.74,131.44,141.59,-387713300,80975280.0,81539820.0,92978230.0,1.31,61.29,947750833.38,145.62,-0.01,23.47,16.54,29.49,0.0,100.0,-100.0,138.32,139.57,142.02,135.87,134.62,151.45,-5.25,-3.83,5.69,132.84,133.32,132.6,-93605438.3
2022-06-14,AAPL,133.13,133.89,131.48,132.76,84784300,-4.31,-3.49,-0.82,-4.31,-3.49,-0.82,134.65,137.13,139.54,140.58,141.4,142.43,143.98,145.71,146.8,148.07,149.23,150.28,151.22,152.81,156.2,155.31,138.47,143.25,143.71,143.19,146.39,154.23,157.44,160.63,159.23,140.24,142.66,143.7,136.52,138.3,139.14,134.35,137.74,137.42,-0.34,-0.37,17.01,22.85,34.76,40.4,39.0,36.7,-155.18,-150.97,-7.66,-12.69,-16.08,-7.6,-12.78,-93.5,-93.5,6.66,3.1,13.77,6.5,3.05,13.41,35.48,154.72,131.65,16.11,0.05,178.22,130.25,31.1,0.05,4.3,4.69,5.1,6.95,5.77,7.73,153.36,134.59,151.74,131.44,141.59,-302929000,84370500.0,79646410.0,92885255.0,0.91,62.5,953027864.5,145.59,-0.0,20.76,17.39,30.51,4.0,96.0,-92.0,132.84,134.24,136.6,130.48,129.08,150.65,0.88,0.67,2.41,132.71,132.68,132.72,5277031.12
2022-06-15,AAPL,134.29,137.34,132.16,135.43,91533000,-4.47,-3.69,-0.78,-4.47,-3.69,-0.78,135.04,136.57,138.63,139.64,140.48,141.56,143.16,144.95,146.07,147.37,148.55,149.63,150.6,152.24,155.79,155.12,135.97,141.92,143.38,142.5,145.58,153.37,156.94,160.36,159.14,138.82,141.92,142.99,135.55,137.29,138.21,133.76,136.61,136.43,-0.36,-0.37,17.42,23.29,28.45,43.95,42.38,42.76,-107.74,-106.14,-9.5,-12.35,-13.28,-5.09,-13.81,-80.34,-80.34,21.65,10.16,44.63,19.66,9.44,40.08,38.9,154.16,130.84,16.37,0.2,176.89,129.85,30.67,0.12,4.51,4.81,5.19,7.06,5.83,7.57,152.79,133.53,151.74,131.44,141.59,-211396000,91887060.0,81371050.0,93545090.0,0.98,62.36,977059694.62,145.56,-0.02,17.43,22.06,29.73,0.0,92.0,-92.0,132.71,133.94,135.12,131.53,130.3,149.88,2.67,2.01,5.18,134.98,134.75,135.09,24031830.12
2022-06-16,AAPL,132.08,132.39,129.04,130.06,108123900,-4.97,-3.95,-1.03,-4.97,-3.95,-1.03,132.55,134.4,136.72,137.9,138.88,140.12,141.91,143.85,145.03,146.4,147.65,148.78,149.8,151.52,155.28,154.87,133.45,139.81,142.68,141.96,144.39,152.47,156.29,160.04,159.03,136.66,140.74,141.99,133.13,135.47,136.72,131.1,134.34,134.62,-0.38,-0.37,14.2,23.66,24.99,34.48,35.9,41.97,-128.9,-144.94,-12.62,-11.22,-21.15,-13.72,-10.76,-95.51,-95.51,4.9,11.07,-7.44,4.49,10.22,-6.95,29.37,154.87,129.05,18.19,0.04,176.05,128.9,30.92,0.02,4.73,4.76,5.29,7.14,6.46,7.06,151.43,132.4,151.74,129.04,140.39,-319519900,99617240.0,84948630.0,93464140.0,1.16,54.29,934778408.35,145.51,0.01,15.98,18.5,34.77,0.0,100.0,-100.0,134.98,137.79,140.16,132.61,129.8,149.14,-5.37,-3.97,6.39,130.5,130.71,130.39,-42281286.27
2022-06-17,AAPL,130.07,133.08,129.81,131.56,134520300,-5.19,-4.19,-0.99,-5.19,-4.19,-0.99,132.05,133.45,135.58,136.75,137.75,139.05,140.93,142.94,144.16,145.58,146.87,148.03,149.08,150.86,154.81,154.63,132.34,138.43,141.87,141.67,143.55,151.67,155.65,159.76,158.93,135.16,139.75,141.16,131.9,134.21,135.57,130.18,132.93,133.35,-0.4,-0.38,23.84,25.55,27.96,27.31,42.42,39.6,-96.97,-119.91,-11.53,-7.72,-13.82,-18.08,-5.79,-88.9,-88.9,12.1,12.88,10.53,11.1,11.75,9.8,30.04,155.26,128.08,19.19,0.13,175.3,128.04,31.16,0.07,4.85,4.57,5.01,7.28,6.8,7.03,150.07,131.79,151.74,129.04,140.39,-184999600,108233720.0,89543630.0,93385375.0,1.44,55.4,944240080.83,145.46,0.06,17.46,11.99,36.2,52.0,96.0,-44.0,130.5,131.95,133.85,128.6,127.15,147.93,1.5,1.15,3.27,131.48,131.44,131.5,9461672.48
2022-06-21,AAPL,133.42,137.06,133.32,135.87,81000500,-4.95,-4.35,-0.61,-4.95,-4.35,-0.61,133.96,134.26,135.64,136.59,137.46,138.65,140.45,142.41,143.63,145.04,146.33,147.5,148.56,150.37,154.44,154.45,133.14,137.4,140.95,141.58,142.83,150.94,155.01,159.52,158.84,134.7,139.19,140.67,132.49,133.93,135.09,131.7,132.96,133.06,-0.41,-0.38,46.85,29.66,31.16,35.04,48.81,43.76,-50.36,-70.83,-10.14,-7.64,-10.27,-12.97,-1.72,-69.91,-69.91,32.79,16.59,65.18,30.09,15.23,59.81,37.96,155.3,127.86,19.38,0.29,174.23,127.66,30.86,0.18,4.86,4.69,5.03,6.78,6.86,6.67,149.82,131.07,151.74,129.04,140.39,-103999100,99992400.0,90483840.0,90564095.0,0.89,54.22,973694808.1,145.44,0.06,18.0,16.25,35.28,48.0,92.0,-44.0,131.48,133.16,134.75,129.89,128.21,146.8,4.31,3.28,5.5,135.42,135.19,135.53,29454727.27
2022-06-22,AAPL,134.79,137.76,133.91,135.35,73409200,-4.75,-4.43,-0.33,-4.75,-4.43,-0.33,134.66,134.62,135.58,136.36,137.14,138.24,139.96,141.89,143.09,144.5,145.8,146.97,148.04,149.88,154.06,154.26,133.65,136.06,140.05,141.2,142.28,150.25,154.35,159.28,158.74,134.32,138.6,140.18,132.83,133.63,134.61,132.64,132.91,132.76,-0.42,-0.39,61.38,29.88,35.84,34.73,48.2,40.66,-40.79,-61.36,-6.9,-7.0,-13.36,-13.36,-7.76,-71.61,-72.2,33.37,26.09,47.94,28.39,23.19,38.77,42.03,155.17,127.22,19.8,0.29,173.27,127.22,30.65,0.18,4.61,4.67,4.82,5.49,6.99,6.57,149.31,130.61,151.74,129.04,140.39,-177408300,97717380.0,91043940.0,88348240.0,0.83,53.91,955199503.16,145.42,-0.01,19.86,15.72,35.39,44.0,88.0,-44.0,135.42,137.51,139.16,133.77,131.68,145.74,-0.52,-0.38,3.85,135.67,135.83,135.59,-18495304.94
2022-06-23,AAPL,136.82,138.59,135.63,138.27,72433800,-4.31,-4.4,0.09,-4.31,-4.4,0.09,136.46,135.84,136.18,136.71,137.31,138.24,139.8,141.62,142.78,144.16,145.43,146.6,147.66,149.5,153.75,154.1,134.22,135.09,139.36,141.09,141.73,149.7,153.73,158.96,158.65,134.72,138.32,139.93,134.1,133.92,134.55,134.7,133.69,133.06,-0.43,-0.4,65.93,42.45,39.53,35.35,45.94,48.15,-14.54,-38.7,-5.39,-7.35,-9.69,-12.94,-2.09,-55.69,-59.34,78.75,48.3,139.65,44.31,34.26,64.41,48.45,155.12,127.06,19.89,0.4,172.53,126.87,30.5,0.25,4.26,4.59,4.71,3.74,7.02,6.18,148.98,130.62,151.74,129.04,140.39,-104974500,93897540.0,92892300.0,86763295.0,0.83,53.67,1011971941.0,145.41,0.0,21.93,17.3,34.76,40.0,84.0,-44.0,135.67,137.44,139.52,133.59,131.82,144.73,2.92,2.16,3.24,137.5,137.11,137.69,56772437.84
2022-06-24,AAPL,139.9,141.91,139.77,141.66,89116800,-3.64,-4.25,0.61,-3.64,-4.25,0.61,139.06,137.78,137.39,137.61,137.98,138.67,139.98,141.62,142.71,144.02,145.24,146.38,147.43,149.24,153.51,153.97,136.54,135.0,138.72,141.15,141.57,149.18,153.11,158.63,158.58,135.92,138.37,139.92,136.21,134.82,134.94,137.69,135.26,133.98,-0.42,-0.4,67.3,58.45,40.82,45.54,51.08,53.13,35.71,0.73,-4.74,0.6,-0.98,-3.72,1.14,-39.41,-44.41,98.06,70.06,154.05,60.59,44.43,92.9,52.79,155.18,127.12,19.88,0.52,171.51,126.84,29.95,0.33,4.44,4.37,4.61,3.52,7.02,6.11,148.71,131.24,151.74,129.04,140.39,-15857700,90096120.0,94856680.0,86595000.0,1.03,61.34,1080267058.76,145.4,0.03,22.44,23.61,32.6,36.0,80.0,-44.0,137.5,139.36,140.46,136.4,134.54,143.79,3.39,2.45,3.64,141.11,140.84,141.25,68295117.76
2022-06-27,AAPL,142.7,143.49,140.97,141.66,70207900,-3.08,-4.02,0.94,-3.08,-4.02,0.94,140.36,139.07,138.34,138.35,138.55,139.04,140.14,141.63,142.64,143.89,145.07,146.18,147.2,148.99,153.27,153.85,138.56,135.45,138.47,141.04,141.54,148.6,152.51,158.3,158.52,137.13,138.42,139.93,137.8,135.62,135.31,139.72,136.59,134.82,-0.4,-0.4,95.89,72.68,41.63,44.53,50.95,52.97,56.03,10.84,-4.26,3.14,4.53,-4.48,-2.12,-39.41,-44.41,87.34,88.05,85.91,60.59,55.16,71.44,50.66,155.02,127.06,19.82,0.52,170.18,127.03,29.04,0.34,4.06,4.29,4.56,4.07,6.99,6.11,148.71,131.56,151.74,129.04,140.39,-15857700,77233640.0,92733680.0,85575320.0,0.82,61.22,1048506342.09,145.39,-0.03,22.87,25.7,33.23,32.0,76.0,-44.0,141.11,142.46,143.25,140.32,138.97,129.04,0.0,0.0,2.52,142.04,142.23,141.94,-31760716.67
2022-06-28,AAPL,142.13,143.42,137.32,137.44,67083400,-2.94,-3.8,0.86,-2.94,-3.8,0.86,138.9,138.53,138.14,138.18,138.38,138.84,139.88,141.32,142.31,143.53,144.7,145.8,146.82,148.61,152.96,153.69,138.88,136.01,137.89,140.43,141.22,148.05,151.89,157.92,158.46,137.49,138.08,139.66,137.6,135.56,135.14,139.14,136.62,134.83,-0.38,-0.4,69.14,59.4,42.88,36.78,44.81,45.78,30.97,-14.27,-3.65,-0.11,5.56,-11.27,-12.2,-59.67,-63.0,58.13,81.17,12.04,40.33,53.83,13.31,46.36,153.89,126.98,19.16,0.39,169.3,126.8,28.71,0.25,4.02,4.37,4.51,3.91,6.73,6.06,148.62,131.14,151.74,129.04,140.39,-82941100,74450220.0,87221310.0,84380565.0,0.8,55.41,984062288.98,145.38,-0.12,23.04,25.19,37.23,28.0,72.0,-44.0,142.04,143.11,144.56,140.59,139.52,129.33,-4.22,-2.98,6.1,139.39,140.37,138.9,-64444053.11
2022-06-29,AAPL,137.46,140.67,136.67,139.23,66242400,-2.66,-3.57,0.92,-2.66,-3.57,0.92,139.07,138.76,138.38,138.37,138.51,138.89,139.82,141.16,142.11,143.29,144.43,145.51,146.52,148.31,152.69,153.54,139.65,136.65,137.26,139.95,141.01,147.53,151.3,157.58,158.41,138.08,137.97,139.53,138.05,135.85,135.22,139.53,137.13,135.18,-0.36,-0.39,63.08,57.91,53.2,40.0,40.87,49.15,40.01,-15.75,1.53,-2.71,6.47,-8.73,-9.61,-46.11,-55.11,70.52,72.0,67.57,53.89,51.6,58.46,48.34,152.82,127.09,18.38,0.47,168.34,126.72,28.22,0.3,4.12,4.49,4.42,3.85,6.43,6.02,148.79,130.85,151.74,129.04,140.39,-16698700,73016860.0,85367120.0,82506765.0,0.8,50.2,1002610160.98,145.37,-0.12,24.06,23.17,37.32,24.0,68.0,-44.0,139.39,141.47,145.49,135.37,133.29,129.61,1.79,1.3,4.0,138.86,138.67,138.95,18547872.0
2022-06-30,AAPL,137.25,138.37,133.77,136.72,98964500,-2.6,-3.38,0.78,-2.6,-3.38,0.78,137.89,138.08,138.01,138.07,138.23,138.62,139.52,140.83,141.76,142.92,144.05,145.13,146.14,147.93,152.37,153.38,139.34,136.78,136.51,139.35,140.59,146.92,150.61,157.22,158.36,138.09,137.66,139.26,137.57,135.67,134.99,138.62,136.93,135.07,-0.34,-0.38,54.62,65.74,58.05,42.75,39.68,47.23,1.53,-42.71,3.67,-2.59,1.29,-5.92,-11.99,-46.85,-66.17,50.51,59.72,32.09,53.15,49.12,61.2,47.18,151.6,127.1,17.58,0.39,167.14,126.69,27.53,0.25,4.12,4.49,4.5,3.82,6.12,5.86,148.5,130.55,151.27,129.04,140.16,-115663200,78323000.0,86110270.0,83740660.0,1.18,49.17,1030578389.24,145.34,-0.08,25.23,23.16,34.08,20.0,64.0,-44.0,138.86,141.04,142.86,137.04,134.86,129.89,-2.51,-1.8,5.46,136.29,136.07,136.39,27968228.26
2022-07-01,AAPL,136.04,139.04,135.66,138.93,71051600,-2.35,-3.17,0.82,-2.35,-3.17,0.82,138.41,138.36,138.22,138.23,138.34,138.66,139.47,140.69,141.58,142.7,143.8,144.86,145.85,147.63,152.1,153.23,138.8,137.67,136.26,138.74,140.53,146.35,150.01,156.9,158.31,138.48,137.62,139.15,137.94,135.93,135.07,138.98,137.35,135.4,-0.32,-0.37,52.34,66.85,59.82,52.4,41.95,46.41,39.89,-15.12,4.65,-1.13,8.87,1.8,-12.28,-31.56,-55.51,55.16,58.73,48.02,68.44,58.49,88.34,53.35,149.64,127.83,15.72,0.51,165.82,126.88,26.61,0.31,4.05,4.33,4.47,3.04,5.45,5.87,148.13,130.81,149.87,129.04,139.45,-44611600,74709960.0,82403040.0,83675835.0,0.85,55.88,1097005328.88,145.33,-0.08,25.21,25.1,26.29,16.0,60.0,-44.0,136.29,138.8,140.89,134.2,131.69,130.16,2.21,1.62,3.38,137.88,137.35,138.14,66426939.64
2022-07-05,AAPL,137.77,141.61,136.93,141.56,73353800,-1.92,-2.92,1.0,-1.92,-2.92,1.0,139.99,139.43,138.96,138.83,138.84,139.02,139.67,140.76,141.58,142.64,143.69,144.72,145.68,147.43,151.9,153.12,138.78,138.67,136.56,138.55,140.67,145.85,149.5,156.56,158.27,139.19,137.89,139.22,139.1,136.64,135.49,140.39,138.4,136.19,-0.3,-0.36,49.63,64.09,59.77,63.86,42.08,43.72,78.14,23.72,4.53,-1.54,10.0,9.68,-3.82,-13.36,-39.89,80.14,61.94,116.55,86.64,69.41,121.11,57.28,149.09,128.01,15.22,0.64,164.48,127.22,25.55,0.38,4.25,4.26,4.48,2.38,5.27,5.84,148.18,131.15,149.87,129.04,139.45,28742200,75339140.0,76286390.0,82915010.0,0.88,64.34,1168791739.99,145.32,-0.01,25.1,29.84,17.31,12.0,56.0,-44.0,137.88,140.09,141.26,136.71,134.5,130.43,2.63,1.89,4.68,140.03,139.27,140.42,71786411.11
2022-07-06,AAPL,141.35,144.12,141.08,142.92,74064300,-1.45,-2.63,1.18,-1.45,-2.63,1.18,141.45,140.59,139.84,139.58,139.46,139.51,139.98,140.92,141.66,142.65,143.66,144.64,145.58,147.28,151.72,153.02,139.87,139.37,137.29,138.39,140.85,145.48,149.01,156.23,158.25,139.96,138.3,139.36,140.4,137.52,136.05,141.92,139.63,137.14,-0.27,-0.34,54.28,68.0,73.5,64.35,47.82,45.44,122.34,74.35,9.89,-4.49,7.05,10.16,-3.22,-7.96,-33.37,88.41,74.57,116.08,92.04,82.38,111.37,55.07,148.53,128.24,14.66,0.72,163.55,127.4,24.84,0.43,4.17,4.3,4.3,2.5,5.07,5.82,148.58,131.37,149.87,129.04,139.45,102806500,76735320.0,75592770.0,83038305.0,0.89,71.21,1184384224.21,145.31,0.01,25.47,33.69,17.13,8.0,52.0,-44.0,140.03,143.14,144.71,138.46,135.35,130.69,1.36,0.96,3.04,142.71,142.6,142.76,15592484.21
2022-07-07,AAPL,143.29,146.55,143.28,146.35,66253700,-0.8,-2.26,1.47,-0.8,-2.26,1.47,143.9,142.51,141.29,140.81,140.52,140.36,140.58,141.32,141.97,142.86,143.79,144.71,145.61,147.25,151.61,152.95,141.3,140.47,138.2,138.27,140.96,145.14,148.62,155.97,158.27,141.23,139.06,139.72,142.49,138.91,137.0,144.43,141.52,138.62,-0.24,-0.32,81.98,68.76,75.25,65.1,50.18,48.27,150.63,125.51,11.24,-1.67,11.0,10.92,-2.36,-1.14,-16.9,98.44,88.99,117.32,98.86,92.51,111.54,59.72,147.95,128.59,14.01,0.92,162.51,127.78,23.92,0.53,4.33,4.19,4.3,2.92,4.84,5.89,148.97,132.2,149.87,129.04,139.45,169060200,76737580.0,74877220.0,82960580.0,0.8,70.71,1242533496.07,145.31,0.01,26.57,32.84,17.58,4.0,48.0,-44.0,142.71,144.33,145.75,141.29,139.67,131.23,3.43,2.4,3.63,145.39,144.92,145.63,58149271.87
2022-07-08,AAPL,145.26,147.55,145.0,147.04,64547800,-0.22,-1.85,1.64,-0.22,-1.85,1.64,145.47,144.02,142.57,141.94,141.53,141.2,141.2,141.74,142.29,143.09,143.95,144.81,145.66,147.25,151.52,152.89,143.36,141.35,138.97,138.22,141.18,144.95,148.31,155.76,158.29,142.42,139.9,140.11,144.24,140.24,137.95,146.34,143.25,140.06,-0.2,-0.29,80.44,64.28,71.76,76.97,48.54,46.86,152.8,151.1,8.22,-1.12,8.77,16.98,-0.92,-2.87,-13.59,96.3,94.38,100.14,97.13,96.01,99.36,69.98,147.72,128.73,13.74,0.96,161.99,127.91,23.52,0.56,3.82,3.92,4.19,3.45,4.75,6.0,149.04,133.36,147.95,129.04,138.5,233608000,69854240.0,74088620.0,83490460.0,0.77,79.05,1281262176.07,145.32,0.05,27.79,36.97,13.12,0.0,44.0,-44.0,145.39,147.51,148.66,144.24,142.12,132.15,0.69,0.47,2.55,146.53,146.28,146.66,38728680.0
2022-07-11,AAPL,145.67,146.64,143.78,144.87,63141600,0.07,-1.47,1.54,0.07,-1.47,1.54,145.17,144.3,143.08,142.47,142.04,141.66,141.55,141.97,142.46,143.19,143.99,144.82,145.63,147.17,151.39,152.81,144.55,141.67,139.96,138.33,141.32,144.72,147.93,155.52,158.28,143.06,140.53,140.35,144.79,141.0,138.55,146.53,144.09,140.93,-0.16,-0.27,82.63,57.64,67.42,70.7,47.37,49.59,106.02,123.23,7.03,-4.19,3.21,13.31,2.23,-18.83,-16.29,80.55,91.76,58.13,81.17,92.38,58.73,67.26,148.1,128.57,14.12,0.83,161.43,128.01,23.09,0.5,3.71,3.92,4.23,3.63,4.88,6.03,149.38,133.71,147.55,129.04,138.3,170466400,68272240.0,71491100.0,83173890.0,0.76,71.46,1266249487.96,145.32,0.08,27.05,35.72,15.35,0.0,40.0,-40.0,146.53,148.06,149.08,145.51,143.98,133.38,-2.17,-1.48,3.26,145.1,145.21,145.04,-15012688.11
2022-07-12,AAPL,145.76,148.45,145.05,145.86,77588800,0.37,-1.1,1.47,0.37,-1.1,1.47,145.52,144.82,143.7,143.09,142.63,142.18,141.96,142.26,142.68,143.34,144.08,144.86,145.64,147.13,151.28,152.74,145.41,142.09,140.92,138.77,141.39,144.36,147.52,155.25,158.28,143.82,141.25,140.64,145.49,141.83,139.23,146.98,145.02,141.88,-0.12,-0.24,80.75,73.68,64.95,67.33,52.96,49.78,114.98,126.43,5.49,0.33,4.2,9.99,8.73,-17.64,-13.34,82.36,86.4,74.27,82.36,86.88,73.31,64.67,149.07,128.47,14.85,0.84,160.16,128.56,21.89,0.55,3.45,3.78,4.14,3.86,5.15,6.07,149.52,134.4,148.45,129.04,138.74,248055200,69119240.0,72229190.0,82481435.0,0.94,71.54,1225629469.14,145.32,0.11,26.9,32.91,15.91,12.0,36.0,-24.0,145.1,146.41,147.96,143.55,142.24,134.51,0.99,0.68,3.58,146.45,146.75,146.3,-40620018.82
2022-07-13,AAPL,142.99,146.45,142.12,145.49,71185600,0.57,-0.77,1.34,0.57,-0.77,1.34,145.5,145.05,144.09,143.53,143.07,142.6,142.29,142.5,142.86,143.46,144.15,144.89,145.63,147.07,151.17,152.67,145.92,142.9,141.56,139.45,141.25,144.12,147.19,154.98,158.27,144.44,141.89,140.9,145.85,142.49,139.8,147.0,145.65,142.65,-0.09,-0.21,71.81,69.13,58.56,67.68,58.5,47.35,66.35,88.44,2.7,-0.44,8.05,10.14,13.61,-20.16,-15.25,79.84,80.91,77.68,79.84,81.12,77.27,64.49,149.64,129.27,14.61,0.8,159.45,128.79,21.28,0.54,3.58,3.81,4.08,3.61,5.09,5.93,149.92,134.66,148.45,129.04,138.74,176869600,68543500.0,72639410.0,79930360.0,0.89,64.51,1265250091.77,145.32,0.2,25.52,31.3,21.25,8.0,32.0,-24.0,146.45,147.86,149.85,144.46,143.05,135.91,-0.37,-0.25,4.33,144.69,144.28,144.89,39620622.63
2022-07-14,AAPL,144.08,148.95,143.25,148.47,78140700,0.96,-0.42,1.38,0.96,-0.42,1.38,146.99,146.19,145.07,144.42,143.9,143.33,142.88,142.94,143.22,143.74,144.36,145.04,145.75,147.12,151.11,152.63,146.35,143.82,142.43,140.24,141.24,143.93,146.91,154.77,158.29,145.45,142.74,141.37,147.06,143.59,140.7,148.26,146.92,143.87,-0.05,-0.18,76.11,84.91,63.43,67.75,67.68,50.4,99.79,111.58,4.81,-0.16,9.24,10.2,15.71,-3.16,-2.41,96.39,86.19,116.78,96.84,86.34,117.83,64.65,150.67,129.81,14.88,0.89,158.79,129.07,20.65,0.65,3.73,3.99,4.08,3.75,5.22,5.91,150.86,134.9,148.95,129.04,139.0,255010300,70920900.0,73829240.0,79598180.0,0.98,64.88,1330230252.82,145.32,0.24,24.81,32.92,20.32,4.0,28.0,-24.0,144.69,147.25,149.02,142.92,140.36,137.16,2.98,2.05,5.7,146.89,146.1,147.28,64980161.05
2022-07-15,AAPL,149.78,150.86,148.2,150.17,76259900,1.38,-0.06,1.45,1.38,-0.06,1.45,148.58,147.51,146.2,145.47,144.86,144.19,143.58,143.48,143.67,144.09,144.65,145.27,145.92,147.22,151.09,152.6,146.97,145.17,143.22,140.97,141.29,143.74,146.62,154.6,158.33,146.61,143.69,141.95,148.48,144.84,141.73,149.77,148.36,145.24,-0.01,-0.14,71.46,84.44,77.88,65.73,68.24,56.34,132.24,137.84,9.26,1.49,13.45,8.51,14.74,-4.04,-3.16,95.05,90.42,104.29,95.96,90.88,106.13,65.49,152.04,129.91,15.7,0.92,158.03,129.46,19.88,0.73,3.67,3.92,4.09,3.31,5.53,5.98,151.42,135.74,150.86,129.04,139.95,331270200,73263320.0,71558780.0,78834525.0,0.97,64.6,1366926746.05,145.33,0.25,25.09,30.93,20.68,100.0,24.0,76.0,146.89,150.53,152.59,144.83,141.19,138.58,1.7,1.15,2.66,149.74,149.53,149.85,36696493.23
2022-07-18,AAPL,150.74,151.57,146.7,147.07,81420900,1.46,0.24,1.22,1.46,0.24,1.22,147.82,147.37,146.39,145.76,145.2,144.55,143.91,143.74,143.89,144.26,144.76,145.35,145.96,147.21,151.01,152.55,147.41,145.98,143.59,141.82,141.15,143.36,146.29,154.43,158.35,146.96,144.27,142.32,148.46,145.36,142.28,149.26,148.7,145.87,0.02,-0.11,50.13,66.41,66.24,58.97,62.08,58.73,91.01,108.52,5.63,3.11,8.14,5.41,17.01,-25.28,-19.97,57.1,82.85,5.61,74.72,89.17,45.81,56.07,151.93,131.72,14.25,0.76,156.16,130.56,17.86,0.64,3.85,4.09,4.08,2.51,5.05,5.79,152.09,135.73,151.57,129.81,140.69,249849300,76919180.0,72595710.0,77499375.0,1.05,56.91,1297877810.32,145.34,0.23,24.82,26.9,22.45,100.0,20.0,80.0,149.74,151.29,152.4,148.63,147.08,140.3,-3.1,-2.06,4.87,148.45,149.14,148.1,-69048935.73
2022-07-19,AAPL,147.92,151.23,146.91,151.0,82982400,1.81,0.56,1.26,1.81,0.56,1.26,149.41,148.58,147.42,146.71,146.1,145.35,144.58,144.28,144.35,144.63,145.07,145.59,146.16,147.34,151.01,152.53,148.44,146.92,144.21,142.8,141.34,143.25,146.03,154.34,158.4,147.87,145.14,142.95,149.7,146.51,143.27,150.59,149.96,147.13,0.06,-0.08,73.45,70.87,77.93,72.71,72.41,67.18,102.18,118.17,10.44,10.11,9.44,13.56,19.44,-3.2,-2.62,93.97,82.04,117.83,96.8,89.16,112.07,60.75,152.48,133.12,13.56,0.92,155.65,130.84,17.32,0.81,4.1,3.96,3.98,2.43,4.84,6.01,152.51,136.66,151.57,133.32,142.44,332831700,77997900.0,73558570.0,74922480.0,1.11,64.0,1372024121.44,145.35,0.29,25.25,27.77,16.59,96.0,16.0,80.0,148.45,150.19,153.32,145.32,143.58,142.1,3.93,2.67,4.32,149.71,149.07,150.04,74146311.11
2022-07-20,AAPL,151.12,153.72,150.37,153.04,64823400,2.23,0.89,1.34,2.23,0.89,1.34,151.23,150.07,148.67,147.86,147.16,146.31,145.39,144.93,144.91,145.1,145.46,145.92,146.43,147.52,151.05,152.54,149.95,147.94,145.25,143.66,141.57,143.16,145.89,154.24,158.45,148.98,146.12,143.71,151.25,147.86,144.43,152.3,151.48,148.59,0.09,-0.04,75.42,68.61,77.79,72.93,72.73,67.85,138.77,143.68,10.16,16.04,10.12,13.81,17.17,-3.41,-3.33,94.14,81.74,118.94,96.59,89.37,111.04,64.27,153.78,133.53,14.1,0.96,155.23,131.09,16.86,0.91,4.12,3.91,3.98,2.68,5.06,6.33,153.22,137.56,153.72,133.77,143.74,397655100,76725460.0,72634480.0,74113625.0,0.87,70.24,1410531156.06,145.36,0.29,26.1,32.64,15.6,100.0,12.0,88.0,149.71,152.52,154.03,148.2,145.39,143.61,2.04,1.35,3.35,152.38,152.05,152.54,38507034.63
2022-07-21,AAPL,154.5,155.57,151.94,155.35,65086600,2.72,1.26,1.46,2.72,1.26,1.46,153.29,151.83,150.15,149.22,148.42,147.44,146.34,145.7,145.58,145.67,145.94,146.33,146.78,147.78,151.14,152.57,151.33,148.84,146.32,144.66,141.79,143.23,145.76,154.15,158.53,150.33,147.23,144.6,153.11,149.43,145.76,154.38,153.27,150.28,0.13,-0.01,80.7,71.21,77.5,81.14,71.52,67.65,159.95,156.61,9.74,17.02,9.0,18.63,20.0,-1.1,-1.01,98.36,95.49,104.11,98.9,97.43,101.83,70.45,155.27,134.04,14.67,1.0,155.53,130.93,17.17,0.99,4.12,3.78,3.89,3.48,5.31,6.69,153.91,138.77,155.57,133.77,144.67,462741700,74114640.0,72517770.0,73697495.0,0.88,78.67,1467728471.21,145.37,0.35,28.7,37.26,10.66,100.0,8.0,92.0,152.38,154.38,155.73,151.03,149.03,145.43,2.31,1.51,3.63,154.29,153.76,154.55,57197315.15
2022-07-22,AAPL,155.39,156.28,153.41,154.09,66675400,2.97,1.6,1.37,2.97,1.6,1.37,153.69,152.58,151.03,150.11,149.29,148.27,147.08,146.32,146.13,146.14,146.34,146.66,147.07,147.99,151.2,152.58,152.11,149.54,147.48,145.45,142.0,143.22,145.71,154.04,158.6,151.28,148.13,145.39,154.01,150.54,146.81,155.06,154.35,151.51,0.17,0.03,69.6,74.68,72.37,76.17,70.37,72.96,139.13,146.21,7.82,13.78,7.05,15.16,15.82,-11.32,-9.73,84.53,92.35,68.91,88.68,94.72,76.6,66.12,156.41,134.48,15.07,0.89,155.49,130.95,17.13,0.94,3.91,3.75,3.85,3.77,5.48,6.97,154.57,139.58,156.28,133.77,145.02,396066300,72197740.0,72730530.0,73409575.0,0.91,78.74,1432648382.71,145.39,0.29,32.5,37.7,10.77,100.0,4.0,96.0,154.29,156.63,157.92,153.0,150.66,147.46,-1.26,-0.81,2.87,154.59,154.84,154.47,-35080088.5
2022-07-25,AAPL,154.01,155.04,152.28,152.95,53623900,3.04,1.89,1.15,3.04,1.89,1.15,153.32,152.7,151.45,150.63,149.86,148.86,147.64,146.81,146.57,146.52,146.66,146.94,147.3,148.15,151.23,152.58,153.29,150.35,148.42,146.01,142.34,143.35,145.65,153.93,158.65,151.9,148.85,146.1,154.24,151.28,147.62,154.87,154.88,152.35,0.2,0.06,60.09,68.83,64.55,70.73,66.6,70.58,99.85,113.7,4.51,17.6,8.08,11.39,11.29,-21.91,-14.79,76.48,86.46,56.53,78.09,88.56,57.16,58.86,157.31,134.71,15.48,0.81,155.89,130.81,17.5,0.88,3.49,3.61,3.83,3.52,5.65,7.26,154.86,140.41,156.28,133.77,145.02,342442400,66638340.0,71778760.0,71634930.0,0.75,72.82,1405059274.74,145.4,0.23,33.71,34.05,13.41,96.0,0.0,96.0,154.59,155.78,157.46,152.91,151.72,149.22,-1.14,-0.74,2.76,153.42,153.66,153.3,-27589107.97
2022-07-26,AAPL,152.26,153.09,150.8,151.6,55138700,2.96,2.1,0.85,2.96,2.1,0.85,152.46,152.34,151.49,150.8,150.13,149.2,148.01,147.17,146.9,146.8,146.9,147.14,147.47,148.26,151.24,152.58,153.41,150.92,149.08,146.51,142.82,143.53,145.45,153.78,158.69,152.13,149.38,146.7,153.91,151.65,148.18,154.0,154.91,152.83,0.22,0.09,68.83,65.42,59.77,65.8,61.78,66.05,56.76,81.6,3.1,15.23,5.74,8.68,9.94,-33.05,-20.79,64.08,75.03,42.18,66.95,77.91,45.03,56.2,157.87,135.14,15.52,0.72,156.28,130.77,17.77,0.82,3.44,3.56,3.76,3.16,5.68,7.38,155.13,140.9,156.28,133.77,145.02,287303700,61069600.0,69533750.0,70881470.0,0.78,66.6,1388445430.64,145.41,0.24,33.39,29.52,16.59,92.0,0.0,92.0,153.42,154.57,156.18,151.81,150.66,150.64,-1.35,-0.88,2.29,151.83,151.94,151.77,-16613844.1
2022-07-27,AAPL,152.58,157.33,152.16,156.79,78620700,3.27,2.34,0.93,3.27,2.34,0.93,154.62,153.82,152.67,151.89,151.15,150.15,148.85,147.88,147.53,147.35,147.38,147.56,147.83,148.54,151.35,152.62,154.16,152.05,150.01,147.48,143.65,143.72,145.44,153.69,158.76,153.2,150.36,147.6,155.32,152.89,149.33,155.66,156.21,154.16,0.25,0.13,71.78,68.89,72.61,67.86,65.97,69.97,115.08,120.22,8.23,15.4,11.3,10.44,19.35,-3.55,-2.29,94.92,78.5,127.77,96.45,80.5,128.36,66.67,158.89,136.06,15.48,0.91,156.98,130.46,18.45,0.99,3.56,3.71,3.91,3.01,5.71,7.5,156.26,141.44,157.33,133.77,145.55,365924400,63829060.0,70277260.0,71458335.0,1.1,67.19,1450642464.1,145.43,0.33,33.6,31.81,15.92,100.0,0.0,100.0,151.83,152.86,154.12,150.57,149.54,150.8,5.19,3.42,5.73,155.43,154.74,155.77,62197033.46
2022-07-28,AAPL,156.98,157.64,154.41,157.35,81378700,3.52,2.57,0.95,3.52,2.57,0.95,155.99,155.0,153.71,152.88,152.1,151.05,149.66,148.58,148.17,147.91,147.87,147.98,148.21,148.83,151.47,152.66,154.56,152.94,150.74,148.38,144.47,143.96,145.43,153.63,158.83,154.16,151.3,148.48,156.5,154.05,150.44,156.94,157.37,155.41,0.27,0.15,68.25,67.19,72.16,67.72,72.78,68.59,114.13,120.87,7.88,16.25,8.88,10.31,18.12,-1.87,-1.21,97.35,85.45,121.15,98.13,87.18,120.04,66.51,159.91,136.85,15.54,0.89,157.76,130.16,19.17,0.99,3.41,3.76,3.78,3.15,5.77,7.62,157.17,142.15,157.64,133.77,145.7,447303100,67087480.0,70601060.0,72215150.0,1.13,67.9,1517408270.6,145.45,0.36,32.44,30.09,15.71,100.0,24.0,76.0,155.43,158.69,160.6,153.52,150.26,150.8,0.56,0.36,3.23,156.47,156.02,156.69,66765806.5
2022-07-29,AAPL,161.24,163.63,159.5,162.51,101786900,4.09,2.88,1.21,4.09,2.88,1.21,159.25,157.5,155.66,154.63,153.71,152.48,150.88,149.61,149.09,148.72,148.58,148.62,148.77,149.28,151.69,152.76,156.24,154.17,151.77,149.67,145.37,144.22,145.48,153.66,158.94,155.9,152.65,149.64,159.03,155.96,152.09,160.02,159.59,157.4,0.3,0.18,74.42,83.65,77.7,77.49,74.72,69.64,184.26,176.9,11.7,17.53,12.34,17.64,25.79,-5.21,-3.75,93.3,95.19,89.52,94.79,96.46,91.46,68.83,161.48,137.86,15.78,1.04,158.92,129.53,20.38,1.12,3.83,3.97,3.89,4.19,5.9,8.1,158.83,142.94,163.63,135.66,149.64,549090000,74109780.0,73153760.0,72356270.0,1.41,75.22,1563988716.36,145.5,0.37,33.25,39.23,12.66,100.0,20.0,80.0,156.47,158.52,159.7,155.29,153.24,152.16,5.16,3.28,6.28,161.88,161.56,162.04,46580445.76
2022-08-01,AAPL,161.01,163.59,160.89,161.51,67829400,4.41,3.18,1.23,4.41,3.18,1.23,160.38,158.84,156.96,155.88,154.91,153.61,151.9,150.5,149.89,149.43,149.21,149.18,149.27,149.68,151.88,152.85,157.95,155.62,152.88,150.8,146.42,144.64,145.4,153.7,159.04,157.23,153.77,150.69,160.5,157.41,153.44,161.49,161.08,158.94,0.33,0.21,75.76,76.26,72.69,74.38,77.2,68.35,154.69,158.79,8.78,14.01,14.44,15.65,22.58,-9.86,-7.58,84.01,91.55,68.93,90.14,94.36,81.72,63.98,162.6,139.0,15.65,0.95,160.09,129.19,21.37,1.05,3.69,3.91,3.75,3.95,5.9,8.08,159.71,144.08,163.63,136.93,150.28,481260600,76950880.0,71794610.0,72195160.0,0.94,75.16,1527310596.36,145.52,0.3,34.19,36.55,12.87,96.0,16.0,80.0,161.88,164.26,166.01,160.13,157.75,154.41,-1.0,-0.62,2.7,162.0,162.24,161.88,-36678120.0
2022-08-02,AAPL,160.1,162.41,159.63,160.01,59907000,4.49,3.44,1.05,4.49,3.44,1.05,160.19,159.23,157.64,156.63,155.69,154.41,152.67,151.2,150.55,150.02,149.74,149.65,149.69,150.02,152.04,152.92,159.63,156.52,153.83,151.72,147.37,145.09,145.46,153.67,159.12,158.03,154.65,151.56,161.03,158.35,154.48,161.65,161.83,159.97,0.36,0.24,73.92,67.9,67.24,71.85,73.5,71.97,115.68,126.78,6.55,12.95,9.01,14.52,18.45,-17.76,-13.56,71.78,83.03,49.29,82.24,89.06,68.6,62.35,163.36,140.08,15.35,0.86,160.99,129.19,21.92,0.97,3.68,3.8,3.73,3.8,5.82,7.95,160.26,145.07,163.63,141.08,152.36,421353600,77904540.0,69487070.0,71522820.0,0.84,75.48,1483781049.6,145.55,0.22,36.94,37.62,10.1,92.0,12.0,80.0,162.0,163.1,164.7,160.4,159.3,156.25,-1.5,-0.93,2.78,160.68,161.02,160.51,-43529546.76
2022-08-03,AAPL,160.84,166.59,160.75,166.13,82507500,4.99,3.75,1.24,4.99,3.75,1.24,163.16,161.53,159.53,158.36,157.3,155.88,153.95,152.31,151.55,150.91,150.54,150.36,150.33,150.55,152.32,153.05,161.5,157.83,155.2,152.88,148.38,145.66,145.61,153.75,159.23,159.78,156.02,152.77,163.37,160.26,156.17,164.38,163.96,161.95,0.39,0.27,87.2,73.15,80.2,74.28,75.41,74.15,148.36,157.82,12.96,20.87,13.09,17.66,23.21,-2.31,-1.8,97.09,84.29,122.67,97.69,90.02,113.02,68.68,165.42,140.34,16.41,1.03,162.49,128.84,23.1,1.11,4.23,3.86,3.82,4.63,6.27,8.35,161.67,146.23,166.59,142.12,154.36,503861100,78681900.0,71255480.0,71944980.0,1.15,75.81,1553290792.75,145.59,0.26,39.56,40.11,9.94,100.0,8.0,92.0,160.68,161.74,163.46,158.96,157.9,157.73,6.12,3.82,6.58,164.49,163.67,164.9,69509743.15
2022-08-04,AAPL,166.01,167.19,164.43,165.81,55474100,5.3,4.06,1.24,5.3,4.06,1.24,164.49,162.96,160.92,159.72,158.61,157.12,155.08,153.31,152.47,151.74,151.29,151.04,150.94,151.05,152.59,153.18,163.19,158.88,156.36,153.86,149.39,146.12,145.84,153.86,159.33,161.23,157.25,153.9,164.92,161.81,157.65,165.91,165.54,163.59,0.42,0.3,80.76,76.23,76.49,72.36,74.19,77.18,134.45,152.14,9.81,19.09,10.46,15.64,19.46,-6.73,-5.5,91.58,86.82,101.11,93.27,91.06,97.67,68.61,167.25,140.46,17.41,0.95,163.86,128.37,24.29,1.05,4.29,3.87,3.8,5.16,6.7,8.56,162.82,147.34,167.19,142.12,154.66,448387000,73500980.0,70294230.0,71406000.0,0.78,75.46,1553290792.75,145.62,0.22,42.3,37.62,9.92,100.0,4.0,96.0,164.49,168.23,170.33,162.39,158.65,159.5,-0.32,-0.19,2.76,165.81,165.81,165.81,0.0
2022-08-05,AAPL,163.21,165.85,163.0,165.35,56697000,5.45,4.34,1.11,5.45,4.34,1.11,164.92,163.75,161.91,160.74,159.64,158.15,156.06,154.2,153.3,152.5,151.97,151.66,151.5,151.52,152.84,153.3,163.76,160.0,157.37,154.77,150.3,146.62,146.02,154.01,159.41,162.41,158.35,154.93,165.84,163.03,158.93,166.56,166.63,164.9,0.45,0.33,77.47,78.62,73.34,78.26,71.43,75.52,98.27,122.37,8.04,20.94,11.26,18.28,18.31,-9.07,-7.34,88.77,92.48,81.36,90.93,93.96,84.86,69.01,168.7,140.84,18.0,0.88,165.09,128.14,25.2,1.01,3.88,3.72,3.77,5.23,6.96,8.77,163.5,148.61,167.19,142.12,154.66,391690000,64483000.0,69296390.0,71013460.0,0.8,76.82,1590094108.54,145.64,0.22,45.85,39.08,10.17,96.0,0.0,96.0,165.81,167.19,168.57,164.43,163.05,160.75,-0.46,-0.28,2.85,164.73,164.42,164.89,36803315.79
2022-08-08,AAPL,166.37,167.81,164.2,164.87,60276900,5.46,4.56,0.9,5.46,4.56,0.9,164.89,164.13,162.57,161.49,160.45,158.99,156.9,154.99,154.05,153.18,152.6,152.23,152.03,151.96,153.08,153.42,164.43,161.19,158.56,155.77,151.07,147.1,146.32,154.11,159.49,163.29,159.31,155.87,166.27,163.96,160.01,166.61,167.31,165.91,0.47,0.36,61.94,81.91,69.4,74.0,70.2,73.49,94.94,116.93,6.13,18.67,11.92,13.87,20.0,-16.86,-11.44,81.21,87.19,69.26,83.14,89.11,71.2,62.41,169.58,141.96,17.73,0.83,166.2,128.01,25.96,0.97,3.94,3.67,3.82,4.78,6.9,9.0,164.24,149.55,167.81,142.12,154.96,331413100,62972500.0,69961690.0,70870225.0,0.85,76.44,1552191459.51,145.67,0.2,48.45,43.43,10.31,100.0,0.0,100.0,164.73,166.47,167.58,163.62,161.88,162.04,-0.48,-0.29,3.61,165.63,166.0,165.44,-37902649.03
2022-08-09,AAPL,164.02,165.82,163.25,164.92,63135500,5.41,4.73,0.68,5.41,4.73,0.68,164.91,164.39,163.09,162.11,161.14,159.73,157.66,155.73,154.75,153.84,153.2,152.78,152.53,152.38,153.31,153.53,165.42,162.52,159.49,156.72,151.85,147.53,146.69,154.16,159.56,163.97,160.18,156.76,166.54,164.75,160.98,166.52,167.79,166.75,0.48,0.38,69.09,75.97,73.21,72.08,73.86,72.77,71.77,93.73,7.03,16.5,13.32,11.88,19.06,-16.99,-11.25,78.43,82.81,69.68,83.01,85.69,77.64,59.16,170.28,143.17,17.3,0.8,167.24,127.81,26.73,0.94,3.41,3.62,3.78,3.5,6.78,9.16,164.9,150.43,167.81,142.12,154.96,394548600,63618200.0,70761370.0,70147560.0,0.9,69.66,1571107543.17,145.7,0.25,49.65,39.18,12.34,96.0,0.0,96.0,165.63,167.05,169.24,163.44,162.02,163.0,0.05,0.03,2.57,164.66,164.54,164.73,18916083.66
2022-08-10,AAPL,167.68,169.34,166.9,169.24,70170500,5.66,4.92,0.74,5.66,4.92,0.74,167.07,166.01,164.46,163.41,162.38,160.92,158.76,156.73,155.69,154.69,153.98,153.5,153.19,152.93,153.63,153.69,166.04,163.77,160.57,157.91,152.91,147.92,147.06,154.25,159.67,165.19,161.37,157.88,168.09,166.17,162.39,168.28,169.22,168.23,0.5,0.41,89.28,80.63,80.72,74.02,75.78,73.27,113.63,120.93,10.65,18.42,12.45,13.89,23.75,-0.54,-0.37,98.98,86.21,124.53,99.46,88.54,121.31,65.81,171.48,144.34,17.19,0.92,168.57,127.27,27.92,1.02,3.65,3.67,3.82,3.44,6.79,9.28,166.11,151.42,169.34,143.25,156.3,464719100,61150800.0,69916350.0,70096805.0,1.0,70.01,1635526362.84,145.75,0.26,49.61,41.82,12.15,100.0,0.0,100.0,164.66,166.08,167.23,163.51,162.09,163.25,4.32,2.62,4.42,168.49,168.12,168.68,64418819.67
2022-08-11,AAPL,170.06,170.99,168.19,168.49,57149200,5.72,5.08,0.65,5.72,5.08,0.65,167.78,166.83,165.35,164.33,163.32,161.86,159.69,157.6,156.51,155.46,154.69,154.15,153.79,153.44,153.92,153.83,166.57,164.88,161.44,158.91,153.88,148.31,147.45,154.29,159.77,166.05,162.38,158.89,168.92,167.23,163.55,169.0,170.11,169.34,0.51,0.43,68.5,69.93,82.59,75.35,75.15,71.78,112.21,115.73,11.14,15.13,11.14,14.4,20.02,-12.38,-9.01,77.99,85.14,63.71,87.62,90.03,82.79,65.06,172.51,145.32,17.11,0.85,169.76,126.86,28.93,0.97,3.66,3.67,3.75,2.89,6.8,9.33,167.03,152.35,170.99,146.7,158.84,407569900,61485820.0,67493400.0,69047230.0,0.83,69.89,1590623419.98,145.78,0.19,49.67,43.71,12.17,100.0,16.0,84.0,168.49,170.09,170.93,167.65,166.05,163.25,-0.75,-0.44,2.8,169.22,169.59,169.04,-44902942.86
2022-08-12,AAPL,169.82,172.17,169.4,172.1,68039400,6.0,5.26,0.74,6.0,5.26,0.74,169.94,168.59,166.85,165.75,164.67,163.14,160.87,158.67,157.52,156.38,155.54,154.93,154.51,154.05,154.28,154.01,167.92,165.84,162.64,160.01,155.06,148.78,147.83,154.36,159.88,167.36,163.64,160.06,170.65,168.76,165.05,170.98,171.68,170.91,0.53,0.45,82.52,80.07,81.46,81.02,75.49,76.86,127.52,124.44,9.76,17.04,9.59,19.15,21.93,-0.33,-0.27,99.44,92.14,114.05,99.67,95.58,107.85,64.78,174.16,145.86,17.69,0.93,171.26,126.3,30.22,1.02,3.24,3.73,3.65,3.54,7.08,9.32,168.34,153.4,172.17,146.7,159.44,475609300,63754300.0,64118650.0,68636205.0,0.99,75.82,1655224005.54,145.82,0.21,51.17,45.2,9.79,100.0,12.0,88.0,169.22,170.26,172.02,167.46,166.42,164.8,3.61,2.14,3.68,171.22,170.78,171.44,64600585.56
2022-08-15,AAPL,171.52,173.39,171.35,173.19,54091700,6.24,5.46,0.78,6.24,5.46,0.78,171.57,170.12,168.26,167.1,165.98,164.4,162.05,159.75,158.53,157.32,156.4,155.73,155.24,154.68,154.66,154.21,169.59,167.01,163.99,161.32,156.2,149.22,148.37,154.4,160.0,168.7,164.89,161.23,172.22,170.25,166.52,172.67,173.17,172.43,0.54,0.47,88.06,88.31,81.86,85.27,75.16,76.9,144.53,129.57,10.07,19.55,11.68,21.59,26.12,-0.94,-0.75,98.42,91.95,111.35,99.06,95.45,106.28,67.91,175.26,147.37,17.29,0.93,172.73,125.7,31.51,1.01,3.14,3.72,3.62,3.86,6.97,9.37,169.48,154.61,173.39,146.91,160.15,529701000,62517260.0,62744880.0,67269745.0,0.8,81.3,1698709489.86,145.86,0.3,54.48,47.76,7.0,100.0,8.0,92.0,171.22,173.05,173.99,170.28,168.45,166.27,1.09,0.63,2.04,172.64,172.37,172.78,43485484.31
2022-08-16,AAPL,172.78,173.71,171.66,173.03,56377100,6.34,5.63,0.7,6.34,5.63,0.7,172.3,171.09,169.32,168.18,167.07,165.48,163.09,160.73,159.46,158.19,157.21,156.48,155.94,155.28,155.02,154.39,171.21,168.31,165.42,162.42,157.25,149.77,148.96,154.43,160.1,169.79,166.01,162.32,173.25,171.46,167.81,173.58,174.25,173.68,0.56,0.49,90.88,80.69,76.49,81.74,80.33,77.22,128.25,121.82,6.47,18.63,13.02,16.24,22.03,-3.52,-2.54,93.65,97.17,86.61,96.48,98.4,92.63,65.84,176.41,148.42,17.23,0.88,174.2,125.34,32.62,0.98,3.02,3.45,3.49,3.41,7.0,9.44,170.0,156.18,173.71,150.37,162.04,473323900,61165580.0,62391890.0,65939480.0,0.85,81.0,1717685196.69,145.9,0.26,57.13,43.29,7.53,100.0,4.0,96.0,172.64,173.94,174.68,171.9,170.6,167.7,-0.16,-0.09,2.05,172.8,172.68,172.86,18975706.83
2022-08-17,AAPL,172.77,176.15,172.57,174.55,79542000,6.46,5.8,0.66,6.46,5.8,0.66,173.42,172.24,170.48,169.34,168.22,166.61,164.18,161.75,160.44,159.1,158.06,157.26,156.67,155.92,155.41,154.59,172.27,169.16,166.6,163.49,158.31,150.34,149.58,154.44,160.23,170.93,167.16,163.43,174.43,172.74,169.16,174.72,175.44,175.0,0.57,0.5,92.05,85.13,81.99,82.4,79.15,76.55,129.8,127.41,8.07,19.97,8.42,17.2,21.51,-9.61,-6.21,87.83,93.3,76.9,90.39,95.31,80.55,68.63,177.75,149.23,17.45,0.89,175.72,124.95,33.77,0.98,3.02,3.48,3.46,3.82,7.13,9.55,171.14,157.23,176.15,150.8,163.48,552865900,63039880.0,62095340.0,66675410.0,1.19,81.14,1726128202.27,145.96,0.24,60.08,47.35,7.47,100.0,0.0,100.0,172.8,173.94,174.85,171.89,170.75,168.9,1.52,0.88,3.58,174.42,174.36,174.46,8443005.59
2022-08-18,AAPL,173.75,174.9,173.12,174.15,62290100,6.46,5.93,0.53,6.46,5.93,0.53,173.79,172.88,171.3,170.21,169.13,167.55,165.13,162.67,161.32,159.94,158.84,158.0,157.35,156.51,155.78,154.79,173.4,169.99,167.72,164.43,159.23,150.85,150.09,154.43,160.35,171.83,168.18,164.46,175.1,173.73,170.31,175.16,176.21,176.02,0.58,0.52,82.6,85.54,86.67,76.72,77.24,75.07,104.42,114.01,8.84,17.3,8.34,11.64,18.8,-12.11,-7.89,84.5,88.66,76.17,87.89,91.59,80.51,67.77,178.91,149.95,17.61,0.84,177.1,124.59,34.81,0.94,2.91,3.16,3.38,3.92,7.24,9.7,171.45,158.82,176.15,150.8,163.48,490575800,64068060.0,62776940.0,66535585.0,0.94,73.21,1735926644.97,146.0,0.2,61.06,38.62,8.24,96.0,0.0,96.0,174.42,176.28,178.0,172.7,170.84,170.35,-0.4,-0.23,1.78,174.06,174.01,174.08,9798442.7
2022-08-19,AAPL,173.03,173.74,171.31,171.52,70346300,6.17,5.98,0.19,6.17,5.98,0.19,172.65,172.43,171.35,170.45,169.5,168.05,165.74,163.33,161.98,160.58,159.46,158.59,157.91,157.01,156.09,154.95,173.29,170.61,168.32,165.3,160.05,151.32,150.61,154.39,160.46,172.11,168.85,165.25,174.64,174.07,171.0,174.13,176.08,176.38,0.58,0.53,66.1,72.88,67.07,71.38,70.69,75.82,63.52,85.19,3.24,14.22,6.17,10.01,17.43,-28.03,-18.26,64.11,78.81,34.7,71.97,83.42,49.08,58.31,179.25,151.36,16.87,0.72,178.2,124.44,35.53,0.88,2.68,3.17,3.34,3.58,6.97,9.66,172.07,159.41,176.15,150.8,163.48,420229500,64529440.0,64141870.0,66719130.0,1.05,65.39,1677738964.72,146.05,0.18,61.32,38.5,12.29,92.0,4.0,88.0,174.06,174.99,175.84,173.21,172.28,176.15,-2.63,-1.51,2.84,172.19,172.52,172.02,-58187680.25
2022-08-22,AAPL,169.69,169.86,167.14,167.57,69026800,5.56,5.9,-0.34,5.56,5.9,-0.34,170.11,170.81,170.51,169.93,169.2,167.99,165.91,163.64,162.34,160.97,159.86,158.98,158.29,157.35,156.32,155.08,172.16,170.88,168.73,166.03,160.81,151.82,151.06,154.27,160.54,171.56,169.07,165.73,172.93,173.61,171.12,171.53,174.85,175.92,0.57,0.54,26.77,57.19,54.53,64.62,66.14,67.49,-20.81,30.89,1.06,13.94,2.7,7.56,14.62,-55.71,-33.85,7.24,51.95,-82.17,44.29,68.05,-3.24,55.22,178.73,153.34,15.29,0.56,178.97,124.67,35.77,0.79,2.91,3.28,3.41,3.18,6.35,9.32,172.48,159.35,176.15,150.8,163.48,351202700,67516460.0,65016860.0,67489275.0,1.02,64.54,1630536814.72,146.08,0.17,59.65,37.16,18.2,88.0,0.0,88.0,172.19,173.07,174.62,170.64,169.76,176.05,-3.95,-2.3,4.38,168.19,168.5,168.04,-47202150.0
2022-08-23,AAPL,167.08,168.71,166.65,167.23,54147100,4.99,5.71,-0.72,4.99,5.71,-0.72,168.67,169.62,169.78,169.44,168.9,167.9,166.04,163.91,162.66,161.32,160.22,159.34,158.64,157.68,156.53,155.2,171.0,171.11,169.21,166.82,161.52,152.42,151.46,154.17,160.62,170.9,169.18,166.15,171.49,173.12,171.16,169.57,173.67,175.4,0.56,0.54,16.89,43.04,54.87,52.74,67.43,65.54,-41.7,13.52,1.14,10.75,2.31,1.1,15.63,-67.83,-35.19,6.11,25.82,-33.32,32.17,49.48,-2.45,46.2,177.54,156.09,12.86,0.52,179.58,125.26,35.63,0.77,2.68,2.96,3.38,2.75,5.36,8.94,171.96,160.12,176.15,152.16,164.16,297055600,67070460.0,64118020.0,67439695.0,0.8,57.37,1606880314.72,146.11,0.16,56.67,31.12,21.37,84.0,0.0,84.0,168.19,169.24,170.91,166.52,165.47,175.7,-0.34,-0.2,2.06,167.53,167.68,167.46,-23656500.0
2022-08-24,AAPL,167.32,168.11,166.25,167.53,53841500,4.51,5.47,-0.96,4.51,5.47,-0.96,168.1,168.92,169.28,169.09,168.69,167.85,166.18,164.18,162.97,161.66,160.57,159.69,158.99,158.0,156.75,155.32,169.6,170.94,169.3,167.35,162.25,153.13,151.75,154.1,160.7,170.25,169.25,166.54,170.49,172.71,171.22,168.38,172.72,174.95,0.53,0.54,19.91,46.57,56.96,54.29,69.96,63.95,-50.81,1.31,1.61,9.47,-1.71,1.72,10.74,-65.55,-35.93,12.93,8.76,21.27,34.45,36.97,29.41,44.92,176.99,157.72,11.51,0.51,179.96,126.31,35.03,0.77,2.65,2.89,3.36,2.93,4.82,8.48,171.97,160.39,176.15,154.41,165.28,350897100,61930360.0,62485120.0,66200735.0,0.81,51.25,1627143244.83,146.14,0.13,53.51,30.33,22.83,80.0,0.0,80.0,167.53,168.41,169.59,166.35,165.47,175.15,0.3,0.18,1.86,167.3,167.18,167.36,20262930.11
2022-08-25,AAPL,168.78,170.14,168.35,170.03,51218200,4.28,5.24,-0.95,4.28,5.24,-0.95,169.07,169.29,169.45,169.26,168.89,168.12,166.55,164.61,163.43,162.13,161.03,160.14,159.42,158.39,157.01,155.47,168.78,171.09,169.58,167.99,162.97,153.88,152.11,154.06,160.8,170.08,169.51,167.04,170.54,172.79,171.57,168.73,172.54,174.96,0.51,0.54,27.67,41.97,61.85,60.59,67.79,67.75,-8.72,32.01,3.1,9.45,1.54,4.68,12.68,-47.44,-28.15,38.18,19.07,76.4,52.56,39.72,78.23,48.41,176.44,159.53,10.07,0.62,180.46,127.29,34.55,0.8,2.73,2.88,3.21,2.82,4.23,8.17,172.3,160.79,176.15,159.5,167.82,402115300,59715980.0,61892020.0,64692710.0,0.79,57.35,1672066470.53,146.17,0.12,51.42,35.55,19.41,76.0,12.0,64.0,167.3,168.34,169.16,166.48,165.44,174.44,2.5,1.49,2.61,169.51,169.24,169.64,44923225.7
2022-08-26,AAPL,170.57,171.05,163.56,163.62,78961000,3.55,4.9,-1.35,3.55,4.9,-1.35,166.34,167.4,168.15,168.23,168.08,167.56,166.27,164.54,163.44,162.21,161.16,160.29,159.58,158.56,157.15,155.55,167.2,170.24,169.47,168.04,163.42,154.44,152.36,153.91,160.87,168.72,169.09,167.08,168.45,171.66,171.07,166.08,170.67,173.76,0.48,0.52,17.36,23.72,38.12,47.77,57.28,60.63,-98.28,-41.9,-3.32,6.18,-8.48,-1.25,1.11,-97.13,-75.26,0.48,17.2,-32.96,2.87,29.96,-51.31,36.92,176.36,159.72,9.9,0.23,180.62,128.26,33.9,0.68,3.29,3.15,3.42,3.64,4.16,7.81,172.58,159.96,176.15,159.63,167.89,323154300,61438920.0,62984180.0,63551415.0,1.24,49.55,1594370533.28,146.21,0.02,47.09,27.99,28.56,72.0,8.0,64.0,169.51,170.66,171.3,168.87,167.72,173.79,-6.41,-3.77,7.49,166.08,167.3,165.46,-77695937.25
2022-08-29,AAPL,161.15,162.9,159.82,161.38,73314000,2.75,4.47,-1.72,2.75,4.47,-1.72,163.86,165.39,166.65,166.99,167.05,166.79,165.8,164.3,163.31,162.16,161.17,160.34,159.66,158.66,157.23,155.61,165.96,169.06,169.24,168.04,163.9,155.07,152.52,153.77,160.93,167.11,168.46,166.95,166.14,170.26,170.32,163.34,168.52,172.26,0.44,0.51,17.79,21.29,35.86,44.14,48.59,59.58,-198.39,-138.24,-4.22,5.51,-11.81,-3.54,-0.13,-90.45,-89.41,9.55,16.07,-3.48,9.55,21.66,-14.66,36.27,176.38,159.69,9.93,0.1,180.35,129.79,32.61,0.62,3.58,3.24,3.3,4.41,4.17,7.19,172.29,159.32,176.15,159.63,167.89,249840300,62296360.0,64906410.0,63825645.0,1.15,49.08,1595322663.15,146.24,0.05,44.15,27.23,33.93,68.0,4.0,64.0,166.08,168.59,173.57,161.1,158.59,172.76,-2.24,-1.37,3.8,161.37,161.36,161.37,952129.87
2022-08-30,AAPL,162.13,162.56,157.72,158.91,77906200,1.9,3.95,-2.06,1.9,3.95,-2.06,161.39,163.23,164.93,165.52,165.8,165.8,165.15,163.9,163.02,161.98,161.06,160.28,159.63,158.67,157.26,155.64,164.29,167.65,168.84,167.98,164.16,155.62,152.75,153.64,160.99,165.27,167.59,166.63,163.63,168.59,169.32,160.48,166.09,170.46,0.39,0.48,19.64,13.18,22.53,31.79,46.88,52.19,-181.21,-168.61,-7.66,4.82,-14.12,-10.33,-1.1,-93.54,-93.54,6.93,5.65,9.48,6.46,6.29,6.79,34.73,176.56,159.41,10.21,-0.03,179.99,131.24,31.33,0.57,3.86,3.27,3.4,5.19,4.29,6.84,171.69,158.6,176.15,157.72,166.94,171934100,67048180.0,67059320.0,64725605.0,1.2,41.15,1555725710.26,146.26,0.06,42.57,19.3,38.2,64.0,0.0,64.0,161.37,162.91,164.45,159.83,158.29,171.21,-2.47,-1.53,4.84,159.73,160.14,159.52,-39596952.89
2022-08-31,AAPL,160.31,160.58,157.14,157.22,87991100,1.07,3.38,-2.31,1.07,3.38,-2.31,159.3,161.23,163.21,164.01,164.48,164.73,164.39,163.41,162.65,161.72,160.87,160.14,159.53,158.62,157.26,155.66,162.23,165.92,168.03,167.54,164.3,156.04,152.94,153.49,161.02,163.37,166.56,166.18,161.23,166.82,168.19,157.92,163.64,168.55,0.34,0.46,17.94,12.43,17.55,30.77,46.66,49.87,-158.79,-174.69,-9.22,0.27,-17.33,-11.27,-8.91,-99.58,-99.58,0.48,5.65,-9.86,0.42,5.48,-9.69,34.12,177.35,157.72,11.72,-0.03,179.74,132.34,30.38,0.52,3.73,3.32,3.43,5.52,4.91,6.64,171.03,157.76,176.15,157.14,166.64,83943000,73878100.0,67904230.0,64999785.0,1.35,33.89,1471827219.56,146.29,-0.06,41.62,15.48,38.92,60.0,0.0,60.0,159.73,161.74,164.57,156.9,154.89,169.32,-1.69,-1.06,3.44,158.31,158.86,158.04,-83898490.7
2022-09-01,AAPL,156.64,158.42,154.67,157.96,74229900,0.47,2.8,-2.32,0.47,2.8,-2.32,158.63,160.14,162.05,162.91,163.48,163.88,163.78,163.0,162.35,161.51,160.73,160.05,159.47,158.6,157.28,155.68,159.82,164.3,167.33,167.14,164.39,156.49,153.09,153.37,161.06,161.92,165.65,165.77,159.73,165.42,167.25,156.71,161.84,166.98,0.29,0.42,20.19,17.15,20.09,23.26,38.79,44.95,-141.7,-168.47,-8.71,0.39,-16.19,-14.14,-7.85,-84.68,-84.68,20.09,9.16,41.93,15.32,7.4,31.15,38.82,177.84,156.45,12.8,0.07,179.43,133.55,29.32,0.53,3.97,3.32,3.3,5.2,5.35,6.54,170.43,157.13,176.15,154.67,165.41,158172900,78480440.0,69098210.0,65937575.0,1.13,26.48,1527846050.76,146.31,-0.02,40.93,12.92,44.17,56.0,0.0,56.0,158.31,159.49,161.75,156.05,154.87,167.37,0.74,0.47,3.75,157.02,156.54,157.25,56018831.2
2022-09-02,AAPL,159.75,160.36,154.97,155.81,76957800,-0.17,2.2,-2.38,-0.17,2.2,-2.38,157.22,158.7,160.66,161.62,162.3,162.87,163.02,162.47,161.92,161.19,160.49,159.87,159.33,158.5,157.25,155.68,158.26,162.73,166.25,166.67,164.44,156.84,153.22,153.27,161.09,160.38,164.57,165.22,157.96,163.82,166.11,155.1,159.81,165.2,0.23,0.38,4.71,18.79,13.71,18.4,36.93,43.83,-113.97,-145.13,-10.74,-4.12,-15.71,-17.38,-9.54,-94.69,-94.69,6.96,9.18,2.53,5.31,7.01,1.89,34.19,178.49,154.84,14.19,0.04,179.18,134.51,28.47,0.48,4.47,3.56,3.42,5.14,5.91,6.45,170.14,155.9,176.15,154.67,165.41,81215100,78079800.0,69759360.0,66950615.0,1.15,27.74,1474875097.51,146.33,-0.09,39.23,13.5,41.21,52.0,96.0,-44.0,157.02,159.36,160.77,155.61,153.27,165.09,-2.15,-1.36,5.39,157.05,157.67,156.74,-52970953.25
2022-09-06,AAPL,156.47,157.09,153.69,154.53,73714800,-0.78,1.61,-2.39,-0.78,1.61,-2.39,155.88,157.31,159.3,160.33,161.1,161.83,162.21,161.88,161.45,160.82,160.2,159.63,159.14,158.37,157.19,155.67,156.89,161.42,165.0,166.15,164.5,157.1,153.42,153.14,161.09,158.89,163.41,164.58,156.28,162.2,164.92,153.62,157.85,163.4,0.18,0.34,7.0,17.9,13.26,17.68,36.16,44.04,-112.26,-145.69,-11.27,-4.32,-13.04,-18.5,-10.34,-96.26,-96.26,4.84,10.63,-6.74,3.74,8.12,-5.02,29.81,179.15,153.15,15.65,0.05,179.01,135.19,27.89,0.44,4.59,3.66,3.45,5.43,6.5,6.36,169.53,154.89,176.15,153.69,164.92,7500300,78159960.0,70228160.0,67622510.0,1.09,21.42,1437584081.04,146.35,-0.08,38.1,12.51,42.62,48.0,100.0,-52.0,157.05,159.12,162.44,153.73,151.66,163.21,-1.28,-0.82,3.4,155.1,155.39,154.96,-37291016.47
2022-09-07,AAPL,154.82,156.67,153.61,155.96,87449600,-1.13,1.06,-2.19,-1.13,1.06,-2.19,155.92,156.86,158.56,159.54,160.31,161.1,161.62,161.44,161.09,160.55,159.99,159.47,159.01,158.3,157.17,155.67,156.3,160.3,163.86,165.7,164.64,157.39,153.73,153.0,161.08,157.9,162.44,164.03,155.57,161.07,164.01,153.46,156.64,162.07,0.12,0.3,22.23,22.33,19.49,17.42,38.87,37.68,-93.21,-122.05,-9.07,-2.53,-11.27,-18.59,-8.96,-88.96,-89.57,13.47,8.42,23.58,11.04,6.7,19.72,37.01,179.47,151.93,16.62,0.15,178.84,135.93,27.26,0.47,3.95,3.62,3.42,5.25,6.89,6.1,168.86,154.37,176.15,153.61,164.88,94949900,80068640.0,73558410.0,68838215.0,1.27,21.29,1484452494.11,146.37,-0.06,37.86,7.83,43.21,44.0,100.0,-56.0,155.1,156.52,158.5,153.12,151.7,161.31,1.43,0.93,3.06,155.41,155.14,155.55,46868413.07
2022-09-08,AAPL,154.64,156.36,152.68,154.46,84923800,-1.52,0.54,-2.06,-1.52,0.54,-2.06,155.19,156.06,157.65,158.61,159.41,160.27,160.93,160.93,160.66,160.21,159.72,159.26,158.84,158.17,157.11,155.66,155.74,158.99,162.53,164.96,164.56,157.73,154.11,152.89,161.05,156.84,161.37,163.37,154.62,159.83,162.99,152.86,155.31,160.63,0.07,0.25,24.69,10.9,21.56,16.77,37.39,36.64,-92.64,-113.1,-7.82,-7.02,-13.07,-19.69,-14.78,-91.55,-92.42,9.69,9.33,10.4,8.45,7.74,9.87,37.32,179.5,150.42,17.63,0.14,178.42,137.04,26.23,0.42,3.94,3.76,3.47,4.86,7.27,6.21,168.45,153.42,176.15,152.68,164.42,10026100,79455180.0,76666640.0,69575880.0,1.22,20.99,1481683239.76,146.38,-0.11,38.25,7.55,43.42,40.0,100.0,-60.0,155.41,157.22,158.47,154.16,152.35,159.77,-1.5,-0.96,3.68,154.5,154.52,154.49,-2769254.35
2022-09-09,AAPL,155.47,157.82,154.75,157.37,68028800,-1.57,0.12,-1.69,-1.57,0.12,-1.69,156.28,156.5,157.58,158.39,159.1,159.91,160.6,160.66,160.45,160.06,159.61,159.17,158.78,158.14,157.12,155.68,155.63,157.72,161.41,164.41,164.57,158.09,154.52,152.81,161.04,156.54,160.65,162.9,154.93,159.28,162.43,153.94,155.01,159.89,0.03,0.21,50.75,30.96,30.76,26.35,35.19,41.12,-59.35,-80.06,-5.9,-5.09,-12.66,-14.15,-11.12,-74.47,-80.02,45.89,23.02,91.63,25.53,15.01,46.58,43.96,179.22,149.59,18.03,0.26,178.08,138.1,25.29,0.48,3.73,3.79,3.42,2.94,7.41,6.21,168.18,153.01,176.15,152.68,164.42,78054900,78214960.0,78347700.0,70119860.0,0.97,27.75,1529768743.35,146.4,-0.04,38.78,10.22,39.59,36.0,96.0,-60.0,154.5,156.32,158.18,152.64,150.82,158.35,2.91,1.88,3.36,156.65,156.28,156.83,48085503.58
2022-09-12,AAPL,159.59,164.26,159.3,163.43,104956000,-1.11,-0.12,-0.98,-1.11,-0.12,-0.98,159.85,158.81,158.88,159.3,159.76,160.35,160.87,160.87,160.64,160.24,159.8,159.36,158.96,158.32,157.24,155.76,157.15,157.7,160.87,163.97,164.6,158.63,154.99,152.77,161.05,157.58,160.56,162.83,157.23,159.92,162.68,157.54,156.39,160.35,0.0,0.17,67.84,55.07,43.47,43.54,44.42,48.57,26.84,-18.64,-2.45,-1.16,-0.19,-4.14,-8.67,-41.48,-54.2,92.83,49.47,179.56,58.52,30.83,113.89,55.37,178.34,149.6,17.53,0.48,177.69,139.56,24.04,0.63,4.22,3.97,3.62,2.89,7.19,6.21,168.81,152.92,176.15,152.68,164.42,183010900,83814600.0,80947200.0,71965690.0,1.46,37.01,1599598340.12,146.44,-0.04,37.57,21.34,30.31,32.0,92.0,-60.0,156.65,158.54,159.72,155.47,153.58,152.68,6.06,3.85,6.89,162.33,161.78,162.61,69829596.77
2022-09-13,AAPL,159.9,160.54,153.37,153.84,122656600,-1.5,-0.4,-1.1,-1.5,-0.4,-1.1,156.85,157.15,157.76,158.31,158.85,159.53,160.2,160.35,160.21,159.89,159.51,159.12,158.76,158.17,157.18,155.74,157.01,156.95,159.95,163.01,164.34,158.92,155.38,152.64,161.01,156.88,159.59,162.14,155.8,158.74,161.7,155.7,155.08,159.01,-0.03,0.13,45.67,40.73,28.96,33.78,32.22,40.77,-63.81,-78.32,-9.52,-6.69,-7.54,-13.39,-19.35,-93.69,-95.06,10.02,49.58,-69.11,6.31,30.12,-41.3,42.02,177.37,148.64,17.62,0.18,177.18,140.67,22.97,0.36,5.12,4.55,3.92,2.81,7.18,6.49,169.29,151.11,176.15,152.68,164.42,60354300,93602960.0,85881460.0,75393935.0,1.63,34.92,1493022242.77,146.47,-0.14,38.43,18.65,35.05,28.0,88.0,-60.0,162.33,165.36,167.29,160.4,157.37,152.91,-9.59,-5.87,10.06,155.92,156.95,155.4,-106576097.35
2022-09-14,AAPL,154.79,157.1,153.61,155.31,87965400,-1.67,-0.65,-1.02,-1.67,-0.65,-1.02,156.08,156.54,157.22,157.76,158.31,159.0,159.73,159.97,159.89,159.63,159.3,158.95,158.62,158.08,157.14,155.73,156.88,156.59,159.16,162.12,164.18,159.2,155.78,152.53,161.0,156.58,158.86,161.55,155.26,157.99,160.99,155.19,154.42,158.11,-0.05,0.09,51.7,46.48,37.61,35.6,32.72,37.82,-67.1,-78.35,-5.08,-5.83,-3.6,-12.22,-17.72,-85.68,-88.79,22.71,41.85,-15.57,14.32,26.38,-9.82,44.73,176.06,148.18,17.2,0.26,176.79,141.61,22.1,0.39,4.85,4.66,3.99,2.76,6.97,6.65,169.05,150.41,176.15,152.68,164.42,148319700,93706120.0,86887380.0,76973350.0,1.14,34.03,1490753794.06,146.49,-0.15,39.54,18.19,33.56,24.0,84.0,-60.0,155.92,158.46,163.09,151.29,148.75,153.14,1.47,0.96,3.49,155.34,155.36,155.33,-2268448.71
2022-09-15,AAPL,154.65,155.24,151.38,152.37,90481100,-2.02,-0.93,-1.09,-2.02,-0.93,-1.09,154.22,155.15,156.14,156.78,157.39,158.18,159.03,159.41,159.4,159.23,158.96,158.67,158.38,157.89,157.05,155.7,156.46,156.1,158.15,161.01,163.73,159.39,156.05,152.43,160.96,155.81,157.93,160.79,153.94,156.82,159.98,153.59,153.17,156.79,-0.08,0.06,42.66,40.47,36.84,29.41,31.05,36.43,-113.61,-98.16,-5.58,-9.97,-4.85,-17.66,-22.18,-94.97,-96.0,7.69,13.47,-3.88,5.03,8.55,-2.01,43.44,174.3,147.72,16.51,0.17,176.46,142.32,21.42,0.29,4.92,4.76,4.08,3.05,6.64,6.98,168.54,149.52,174.9,151.38,163.14,57838600,94817580.0,87136380.0,77520305.0,1.17,28.46,1446685279.04,146.5,-0.18,40.45,14.78,36.24,20.0,100.0,-80.0,155.34,157.07,158.83,153.58,151.85,164.26,-2.94,-1.89,3.93,153.0,153.31,152.84,-44068515.03
2022-09-16,AAPL,151.21,151.35,148.37,150.7,162278800,-2.4,-1.22,-1.18,-2.4,-1.22,-1.18,152.46,153.67,154.93,155.68,156.36,157.24,158.24,158.77,158.84,158.76,158.56,158.32,158.08,157.65,156.92,155.65,155.13,155.38,156.86,159.84,163.22,159.48,156.31,152.31,160.89,154.83,156.95,159.95,152.44,155.52,158.85,151.84,151.76,155.35,-0.11,0.02,42.37,41.14,37.72,33.06,28.19,31.37,-181.4,-124.69,-5.17,-10.56,-7.26,-12.92,-23.45,-85.34,-91.22,14.66,15.02,13.95,14.66,11.34,21.31,44.49,172.36,147.31,15.67,0.14,176.32,142.63,21.12,0.24,5.06,4.51,4.1,3.4,6.26,7.36,167.25,149.22,173.74,148.37,161.06,-104440200,113667580.0,95941270.0,82519740.0,1.97,26.85,1538171313.93,146.52,-0.12,43.15,15.6,35.43,16.0,100.0,-84.0,153.0,154.61,156.86,150.75,149.14,164.0,-1.67,-1.1,4.0,150.14,149.86,150.28,91486034.9
2022-09-19,AAPL,149.31,154.56,149.1,154.48,81474200,-2.37,-1.45,-0.92,-2.37,-1.45,-0.92,153.47,153.94,154.83,155.46,156.07,156.9,157.88,158.45,158.56,158.52,158.36,158.15,157.94,157.55,156.87,155.64,153.34,155.24,156.25,158.99,162.86,159.62,156.58,152.29,160.83,154.67,156.44,159.39,152.63,155.1,158.31,152.48,151.64,154.78,-0.14,-0.01,44.34,49.92,46.14,41.31,33.06,34.44,-97.73,-88.13,-1.74,-10.24,-1.33,-6.9,-17.04,-61.55,-75.92,38.45,20.27,74.82,38.45,19.38,76.59,50.47,170.43,147.54,14.4,0.3,176.15,143.1,20.7,0.34,5.31,4.62,4.28,3.41,5.72,7.52,167.13,148.63,171.05,148.37,159.71,-22966000,108971220.0,96392910.0,83076135.0,0.98,33.01,1617257991.59,146.53,-0.04,43.62,20.15,28.74,12.0,96.0,-84.0,150.14,151.91,153.12,148.93,147.16,163.38,3.78,2.51,5.46,152.71,151.83,153.15,79086677.66
2022-09-20,AAPL,153.4,158.08,153.08,156.9,107689800,-2.13,-1.59,-0.54,-2.13,-1.59,-0.54,155.19,154.92,155.29,155.72,156.2,156.9,157.79,158.33,158.45,158.43,158.29,158.1,157.9,157.53,156.87,155.65,153.95,155.48,155.95,158.45,162.59,159.86,156.83,152.29,160.8,154.97,156.24,159.0,153.62,155.19,158.12,154.09,152.22,154.74,-0.15,-0.04,35.07,51.45,48.58,47.46,37.36,37.07,11.77,-38.35,-0.67,-9.41,2.37,-2.01,-10.67,-46.32,-62.39,53.68,35.6,89.85,53.68,35.6,89.85,51.54,169.19,147.71,13.55,0.43,175.85,143.88,20.0,0.41,5.55,4.64,4.38,3.44,5.37,7.58,167.06,148.51,171.05,148.37,159.71,84723800,105977860.0,99790410.0,85009285.0,1.27,40.55,1674118205.99,146.55,0.03,41.29,25.53,25.44,8.0,92.0,-84.0,152.71,156.33,158.17,150.87,147.25,162.78,2.42,1.57,5.0,156.02,155.58,156.24,56860214.4
2022-09-21,AAPL,157.34,158.74,153.6,153.72,101696800,-2.17,-1.7,-0.47,-2.17,-1.7,-0.47,154.45,154.52,154.94,155.36,155.82,156.5,157.4,157.99,158.15,158.17,158.07,157.91,157.73,157.4,156.81,155.63,153.63,155.26,155.6,157.78,162.22,160.02,157.03,152.19,160.76,154.65,155.79,158.43,153.34,154.7,157.55,153.8,151.92,154.14,-0.17,-0.06,49.61,48.91,47.27,45.74,37.87,33.74,-4.35,-44.2,-1.34,-11.16,-2.24,-3.5,-13.51,-66.33,-76.41,33.67,41.93,17.14,33.67,41.93,17.14,43.32,167.87,147.68,12.79,0.3,175.6,144.45,19.47,0.3,5.3,4.76,4.41,3.47,5.05,7.74,166.91,147.88,171.05,148.37,159.71,-16973000,108724140.0,101215130.0,87386770.0,1.16,40.18,1577169894.71,146.57,-0.02,38.49,25.87,23.92,4.0,88.0,-84.0,156.02,158.96,161.02,153.96,151.02,162.2,-3.18,-2.03,5.14,155.35,156.17,154.94,-96948311.28
2022-09-22,AAPL,152.38,154.47,150.91,152.74,86652500,-2.26,-1.82,-0.44,-2.26,-1.82,-0.44,153.6,153.93,154.45,154.88,155.35,156.03,156.95,157.6,157.8,157.87,157.81,157.68,157.54,157.25,156.73,155.6,153.71,155.09,155.31,157.04,161.67,160.17,157.29,152.14,160.7,154.19,155.31,157.82,152.84,154.11,156.91,153.2,151.46,153.46,-0.18,-0.09,41.42,42.79,47.64,43.69,37.45,33.44,-89.45,-88.2,-1.16,-12.49,-1.72,-5.22,-14.79,-72.5,-80.73,27.5,38.28,5.94,27.5,38.28,5.94,49.91,166.25,147.82,11.73,0.27,175.32,145.01,18.92,0.25,4.37,4.74,4.49,3.56,4.61,7.81,166.44,147.47,171.05,148.37,159.71,-103625500,107958420.0,101388000.0,89027320.0,0.97,39.87,1579603953.7,146.59,-0.03,34.81,25.94,24.31,0.0,84.0,-84.0,155.35,157.11,160.49,151.97,150.21,161.65,-0.98,-0.64,3.56,152.71,152.69,152.72,2434058.99
2022-09-23,AAPL,151.19,151.47,148.56,150.43,96029900,-2.48,-1.95,-0.53,-2.48,-1.95,-0.53,152.01,152.76,153.56,154.07,154.59,155.33,156.33,157.07,157.32,157.45,157.45,157.37,157.26,157.03,156.6,155.55,153.65,154.39,154.8,156.06,161.07,160.21,157.48,152.07,160.59,153.34,154.68,157.09,151.74,153.2,156.05,151.79,150.54,152.45,-0.19,-0.11,43.24,27.06,42.88,43.52,35.68,33.6,-142.41,-142.11,-3.55,-13.62,-6.94,-5.38,-19.6,-87.04,-90.92,16.93,26.03,-1.28,12.96,24.71,-10.53,50.14,163.44,148.68,9.46,0.12,175.24,145.17,18.77,0.17,4.47,4.66,4.6,3.74,3.69,7.96,165.65,147.02,171.05,148.37,159.71,-199655400,94708640.0,104188110.0,91267905.0,1.05,33.66,1606993925.17,146.6,-0.04,31.87,23.45,28.37,0.0,80.0,-80.0,152.71,154.5,156.27,150.94,149.15,161.12,-2.31,-1.51,4.18,150.15,150.01,150.22,27389971.48
2022-09-26,AAPL,149.66,153.77,149.64,150.77,93339400,-2.6,-2.08,-0.52,-2.6,-2.08,-0.52,151.39,152.1,152.94,153.47,154.0,154.76,155.8,156.61,156.9,157.08,157.12,157.08,157.0,156.82,156.49,155.5,152.91,153.13,154.47,155.41,160.36,160.22,157.71,151.98,160.47,152.69,154.18,156.43,151.07,152.48,155.31,151.06,149.92,151.66,-0.21,-0.13,50.27,41.96,45.1,45.37,33.27,36.16,-86.09,-110.68,-2.39,-12.1,-12.66,-3.76,-12.85,-84.9,-89.42,23.14,22.52,24.38,15.1,18.52,8.27,50.04,162.24,148.59,8.78,0.16,175.23,145.21,18.73,0.19,4.5,4.71,4.67,2.14,3.41,7.89,165.22,146.38,164.26,148.37,156.32,-106316000,97081680.0,103026450.0,91986825.0,1.01,39.89,1564731291.27,146.61,-0.02,28.05,26.68,26.11,0.0,76.0,-76.0,150.15,151.75,153.06,148.84,147.24,160.61,0.34,0.23,4.13,151.39,151.7,151.24,-42262633.9
2022-09-27,AAPL,152.74,154.72,149.95,151.76,84442700,-2.59,-2.18,-0.41,-2.59,-2.18,-0.41,151.58,151.99,152.68,153.16,153.66,154.38,155.42,156.25,156.57,156.79,156.86,156.85,156.8,156.66,156.4,155.47,151.88,152.92,154.28,154.93,159.64,160.31,157.92,151.84,160.36,152.44,153.83,155.88,150.94,152.07,154.77,151.08,149.72,151.16,-0.22,-0.15,36.69,40.46,42.15,44.77,38.63,37.39,-55.81,-81.92,-3.56,-9.43,-2.08,-4.2,-9.62,-78.67,-78.67,32.69,24.25,49.56,21.33,16.47,31.07,47.73,161.33,148.54,8.26,0.25,175.04,145.58,18.37,0.21,4.61,4.83,4.54,2.16,3.2,7.66,165.08,145.75,164.26,148.37,156.32,-21873300,92432260.0,99205060.0,92543260.0,0.91,39.68,1544372988.34,146.62,-0.03,23.37,27.41,25.34,16.0,72.0,-56.0,151.39,153.15,155.52,149.02,147.26,160.12,0.99,0.66,4.77,152.14,152.33,152.05,-20358302.94
2022-09-28,AAPL,147.64,150.64,144.84,149.84,146691400,-2.7,-2.29,-0.42,-2.7,-2.29,-0.42,150.71,151.27,152.05,152.56,153.07,153.82,154.89,155.77,156.14,156.4,156.52,156.55,156.52,156.43,156.27,155.41,151.11,152.37,153.87,154.48,158.87,160.29,158.06,151.77,160.21,151.88,153.34,155.24,150.25,151.37,154.05,150.29,149.1,150.4,-0.23,-0.16,13.68,42.81,28.49,44.3,38.87,35.95,-128.74,-159.98,-8.32,-10.4,-5.47,-4.62,-9.07,-74.25,-74.25,35.97,30.6,46.71,25.75,20.73,35.78,46.76,160.98,147.98,8.41,0.14,175.08,145.5,18.46,0.15,4.81,5.06,4.69,2.18,3.25,7.43,165.01,144.76,164.26,144.84,154.55,-168564700,101431180.0,105077660.0,95982520.0,1.53,38.12,1650597795.24,146.62,0.05,18.85,26.15,30.07,12.0,100.0,-88.0,152.14,154.34,156.91,149.57,147.37,159.65,-1.92,-1.27,6.92,148.44,147.74,148.79,106224806.9
2022-09-29,AAPL,146.1,146.72,140.68,142.48,128138200,-3.35,-2.5,-0.85,-3.35,-2.5,-0.85,146.59,148.34,149.92,150.72,151.44,152.4,153.71,154.79,155.25,155.63,155.83,155.93,155.97,155.97,155.99,155.28,149.06,151.38,153.08,153.74,157.8,160.08,158.05,151.62,160.04,150.08,152.2,154.19,147.34,149.46,152.48,146.48,146.74,148.42,-0.25,-0.18,9.57,32.35,30.65,33.46,35.51,29.69,-208.19,-234.98,-7.38,-14.95,-9.89,-14.89,-14.74,-92.37,-92.37,9.97,26.21,-22.52,7.63,18.24,-13.58,39.19,162.03,145.46,10.78,-0.18,175.58,144.58,19.36,-0.07,5.41,5.48,4.89,3.81,4.14,7.4,164.66,142.75,164.26,140.68,152.47,-296702900,109728320.0,108843370.0,97989875.0,1.31,32.15,1598833356.83,146.61,0.06,16.04,22.27,33.22,8.0,100.0,-92.0,148.44,152.04,154.24,146.24,142.64,158.76,-7.36,-4.91,9.16,143.29,143.7,143.09,-51764438.41
2022-09-30,AAPL,141.28,143.1,138.0,138.2,124925300,-4.15,-2.83,-1.33,-4.15,-2.83,-1.33,142.4,144.96,147.32,148.45,149.4,150.62,152.23,153.56,154.15,154.66,154.97,155.16,155.28,155.39,155.64,155.11,146.61,150.13,151.8,152.76,156.6,159.73,157.92,151.48,159.86,147.68,150.72,152.92,143.81,147.05,150.53,142.09,143.74,145.93,-0.28,-0.2,7.73,15.77,23.41,20.82,33.96,30.65,-221.22,-248.98,-11.02,-18.72,-12.5,-25.23,-19.76,-99.11,-99.24,0.96,15.63,-28.38,0.89,11.42,-20.18,37.35,163.32,142.19,13.83,-0.19,176.38,143.09,20.84,-0.15,5.4,5.35,4.97,5.66,5.28,7.57,162.93,141.53,164.26,138.0,151.13,-421628200,115507400.0,105108020.0,100524645.0,1.24,24.63,1483706119.57,146.59,-0.02,18.03,14.21,37.6,4.0,100.0,-96.0,143.29,145.91,149.33,139.87,137.25,157.31,-4.28,-3.0,5.1,139.77,140.55,139.38,-115127237.25
2022-10-03,AAPL,138.21,143.07,137.69,142.45,114311700,-4.4,-3.14,-1.26,-4.4,-3.14,-1.26,142.42,144.12,146.23,147.36,148.33,149.6,151.3,152.74,153.4,153.98,154.36,154.61,154.77,154.97,155.38,154.99,144.95,148.93,150.4,152.09,155.63,159.5,157.84,151.36,159.68,146.29,149.74,152.01,142.67,145.77,149.3,141.23,142.46,144.56,-0.3,-0.22,29.15,21.79,35.19,34.97,37.65,36.02,-151.37,-182.24,-6.51,-12.94,-12.03,-11.39,-13.36,-77.39,-82.09,22.61,11.18,45.48,22.61,10.38,47.08,43.39,163.5,140.68,15.0,0.08,176.78,142.22,21.67,0.01,5.66,5.02,5.05,5.91,5.7,7.45,161.33,141.27,164.26,137.69,150.98,-307316500,119701860.0,108391770.0,102392340.0,1.12,32.12,1571670885.0,146.58,0.05,18.41,15.15,32.1,0.0,100.0,-100.0,139.77,141.53,144.87,136.43,134.67,155.38,4.25,3.08,5.38,141.07,140.38,141.42,87964765.43
2022-10-04,AAPL,145.03,146.22,144.26,146.1,87830100,-4.25,-3.37,-0.89,-4.25,-3.37,-0.89,144.26,144.78,146.2,147.13,147.99,149.16,150.8,152.24,152.93,153.54,153.96,154.24,154.43,154.68,155.2,154.9,143.81,147.85,149.88,151.67,154.92,159.36,157.86,151.36,159.55,145.77,149.17,151.39,143.11,145.35,148.65,142.47,142.43,144.05,-0.32,-0.24,39.6,35.39,43.51,38.51,42.45,40.7,-62.58,-94.14,-3.05,-9.47,-10.8,-9.21,-8.43,-60.05,-68.35,49.38,24.32,99.51,39.95,21.15,77.56,47.13,163.31,140.02,15.36,0.26,176.96,141.77,22.08,0.12,5.6,5.04,4.97,5.24,5.82,7.3,160.87,140.73,164.26,137.69,150.98,-219486400,120379340.0,106405800.0,103098105.0,0.85,37.94,1648746278.88,146.58,0.1,18.01,19.56,31.97,36.0,96.0,-60.0,141.07,144.45,146.45,139.07,135.69,153.26,3.65,2.56,3.77,145.53,145.24,145.67,77075393.88
2022-10-05,AAPL,144.07,147.38,143.01,146.4,79471000,-4.07,-3.51,-0.56,-4.07,-3.51,-0.56,145.33,145.32,146.25,147.0,147.75,148.82,150.38,151.81,152.51,153.15,153.59,153.9,154.12,154.41,155.02,154.81,143.13,147.12,149.29,151.19,154.22,159.26,157.87,151.39,159.42,145.51,148.67,150.84,143.6,145.07,148.11,143.58,142.56,143.7,-0.34,-0.26,37.68,37.52,37.37,42.03,43.58,41.99,-51.79,-81.87,-5.23,-7.87,-7.32,-5.97,-9.56,-58.62,-67.22,51.15,41.05,71.34,41.38,34.65,54.84,51.13,162.88,139.5,15.47,0.3,177.1,141.42,22.41,0.14,5.64,5.07,5.02,4.82,5.85,7.07,160.52,140.25,164.26,137.69,150.98,-140015400,106935260.0,104183220.0,102699175.0,0.77,43.54,1692573535.17,146.57,0.1,16.57,19.44,30.39,32.0,92.0,-60.0,145.53,146.79,147.49,144.83,143.57,151.39,0.3,0.21,4.37,145.6,145.2,145.8,43827256.29
2022-10-06,AAPL,145.81,147.54,145.22,145.43,68402200,-3.95,-3.59,-0.35,-3.95,-3.59,-0.35,145.38,145.36,146.07,146.71,147.39,148.4,149.91,151.34,152.05,152.72,153.19,153.53,153.78,154.11,154.83,154.72,143.72,146.39,148.83,150.74,153.49,159.03,157.87,151.38,159.3,145.2,148.12,150.28,143.7,144.68,147.51,144.0,142.48,143.25,-0.35,-0.28,39.4,39.61,31.22,42.83,41.63,40.75,-38.81,-66.81,-7.31,-7.5,-7.31,-5.27,-9.03,-63.23,-70.87,45.45,48.66,39.03,36.77,39.37,31.58,50.39,162.59,138.88,15.73,0.28,177.29,140.78,22.96,0.13,5.29,4.95,4.98,4.41,5.93,6.78,159.81,140.02,164.26,137.69,150.98,-208417600,94988060.0,102358190.0,101873095.0,0.67,51.36,1636554492.06,146.57,0.08,14.81,20.14,26.78,28.0,88.0,-60.0,145.6,148.18,149.97,143.81,141.23,149.75,-0.97,-0.66,2.32,146.06,146.38,145.9,-56019043.1
2022-10-07,AAPL,142.54,143.1,139.45,140.09,85925600,-4.24,-3.72,-0.52,-4.24,-3.72,-0.52,142.74,143.6,144.74,145.51,146.27,147.36,148.98,150.51,151.28,152.02,152.55,152.95,153.24,153.65,154.54,154.57,144.09,145.35,148.12,149.87,152.49,158.69,157.73,151.32,159.14,144.06,147.11,149.41,142.06,143.4,146.31,141.95,141.09,141.92,-0.36,-0.29,43.64,31.62,29.15,31.21,39.23,38.92,-100.07,-123.88,-8.87,-11.31,-10.34,-14.39,-17.28,-88.6,-90.97,14.09,36.9,-31.51,11.4,29.85,-25.49,42.0,162.2,137.54,16.45,0.1,177.71,139.67,23.97,0.01,5.15,4.98,5.09,4.57,6.16,6.46,158.94,139.01,164.26,137.69,150.98,-294343200,87188120.0,101347760.0,102767935.0,0.84,45.44,1580761705.22,146.56,0.02,16.32,15.39,34.85,24.0,84.0,-60.0,146.06,146.91,148.38,144.59,143.74,148.3,-5.34,-3.67,5.98,140.88,141.27,140.68,-55792786.85
2022-10-10,AAPL,140.42,141.89,138.57,140.42,74899000,-4.39,-3.86,-0.53,-4.39,-3.86,-0.53,141.58,142.54,143.78,144.58,145.37,146.49,148.16,149.76,150.58,151.37,151.96,152.4,152.74,153.22,154.26,154.43,143.69,144.32,147.18,148.72,151.72,158.25,157.57,151.24,158.96,143.16,146.21,148.63,141.0,142.38,145.28,140.81,140.1,140.86,-0.38,-0.31,57.48,30.04,30.77,27.24,36.78,39.92,-96.9,-117.57,-8.07,-9.88,-10.35,-16.48,-23.01,-87.03,-89.73,21.08,26.87,9.49,12.97,20.38,-1.85,46.2,159.97,137.47,15.13,0.13,177.92,138.57,24.87,0.05,4.32,4.86,5.09,4.37,5.62,6.47,157.89,138.43,160.54,137.69,149.12,-219444200,79305580.0,99503720.0,101265085.0,0.74,38.51,1589334482.32,146.55,-0.01,20.27,10.6,37.0,20.0,80.0,-60.0,140.88,142.31,144.53,138.66,137.23,147.54,0.33,0.24,3.32,140.29,140.23,140.32,8572777.11
2022-10-11,AAPL,139.9,141.35,138.22,138.98,77033700,-4.58,-4.0,-0.57,-4.58,-4.0,-0.57,140.28,141.35,142.71,143.56,144.38,145.55,147.29,148.96,149.83,150.68,151.33,151.82,152.2,152.75,153.96,154.28,142.26,143.04,145.99,147.98,150.97,157.8,157.43,151.22,158.77,142.19,145.28,147.81,139.8,141.26,144.17,139.49,138.98,139.7,-0.39,-0.33,35.58,30.55,31.63,28.61,29.46,37.87,-99.14,-113.34,-7.61,-10.06,-12.78,-14.74,-14.86,-92.43,-94.35,13.1,16.09,7.11,7.57,10.65,1.43,49.99,159.76,136.2,15.92,0.12,178.18,137.41,25.84,0.04,4.04,4.72,4.91,3.78,5.89,6.61,156.73,137.85,158.74,137.69,148.22,-296477900,77146300.0,98762820.0,98983940.0,0.78,39.5,1549710119.07,146.54,0.03,24.21,9.93,38.66,16.0,76.0,-60.0,140.29,142.02,143.61,138.7,136.97,146.36,-1.44,-1.03,3.13,139.52,139.78,139.38,-39624363.26
2022-10-12,AAPL,139.13,140.36,138.16,138.34,70433700,-4.72,-4.14,-0.57,-4.72,-4.14,-0.57,139.31,140.35,141.74,142.61,143.45,144.65,146.43,148.17,149.09,150.0,150.69,151.23,151.66,152.28,153.65,154.12,140.65,141.89,144.96,147.13,150.28,157.36,157.22,151.23,158.56,141.33,144.36,147.0,138.76,140.21,143.1,138.43,137.97,138.61,-0.41,-0.34,6.98,40.24,30.25,28.9,34.67,38.34,-93.31,-108.11,-8.24,-11.3,-11.5,-14.4,-16.97,-96.18,-96.91,6.6,13.59,-7.39,3.82,8.12,-4.79,42.74,159.13,135.13,16.31,0.13,178.47,136.26,26.82,0.05,3.58,4.62,4.54,3.19,6.0,6.82,155.68,137.19,158.74,137.69,148.22,-366911600,75338840.0,91137050.0,98107355.0,0.72,40.21,1490801933.61,146.53,0.0,27.95,10.13,35.41,12.0,72.0,-60.0,139.52,140.81,142.65,137.68,136.39,145.32,-0.64,-0.46,2.2,138.95,139.26,138.8,-58908185.45
2022-10-13,AAPL,134.99,143.59,134.37,142.99,113224000,-4.41,-4.2,-0.21,-4.41,-4.2,-0.21,141.15,141.23,142.02,142.68,143.38,144.44,146.11,147.79,148.7,149.61,150.32,150.87,151.32,151.97,153.44,154.01,140.16,141.94,144.31,146.66,149.81,156.9,157.05,151.28,158.38,141.54,143.97,146.53,139.58,140.18,142.73,139.93,138.42,138.54,-0.41,-0.36,37.25,61.1,37.52,39.8,38.54,39.85,-61.78,-82.0,-5.78,-7.43,0.51,-7.44,-9.38,-57.64,-64.63,65.45,28.38,139.59,42.36,17.92,91.24,50.24,158.53,134.8,16.18,0.35,178.23,135.57,27.19,0.17,4.36,4.98,4.81,3.2,5.93,6.82,156.07,136.14,158.74,134.37,146.56,-253687600,84303200.0,89645630.0,99244500.0,1.14,48.09,1589289621.25,146.51,0.07,31.38,9.4,34.91,8.0,100.0,-92.0,138.95,139.75,141.15,137.55,136.75,144.4,4.65,3.36,9.22,140.32,138.98,140.99,98487687.64
2022-10-14,AAPL,144.31,144.52,138.19,138.38,88598000,-4.48,-4.25,-0.23,-4.48,-4.25,-0.23,139.76,140.28,141.21,141.9,142.61,143.68,145.37,147.09,148.03,148.98,149.74,150.33,150.81,151.53,153.14,153.85,139.82,141.96,143.51,146.05,149.16,156.35,156.77,151.23,158.18,140.89,143.18,145.79,138.73,139.34,141.82,138.95,137.66,137.69,-0.42,-0.37,29.28,40.72,34.85,34.79,37.38,31.96,-53.9,-74.44,-7.65,-12.07,0.18,-12.39,-12.32,-80.29,-83.55,30.45,34.17,23.01,19.71,21.96,15.2,41.83,158.3,133.79,16.78,0.19,178.16,134.55,27.89,0.09,4.64,5.14,4.93,3.18,6.13,6.94,155.65,135.09,158.74,134.37,146.56,-342285600,84837680.0,86012900.0,95560460.0,0.93,47.63,1506010300.55,146.5,-0.02,35.94,7.21,33.85,4.0,96.0,-92.0,140.32,146.26,149.54,137.04,131.1,134.37,-4.61,-3.22,6.33,140.36,141.36,139.87,-83279320.7
2022-10-17,AAPL,141.07,142.9,140.27,142.41,85250900,-4.16,-4.24,0.07,-4.16,-4.24,0.07,141.09,140.99,141.48,141.99,142.58,143.53,145.09,146.75,147.67,148.62,149.38,149.99,150.48,151.23,152.93,153.74,140.22,141.95,142.95,145.44,148.71,155.89,156.58,151.25,158.0,140.97,142.83,145.35,139.47,139.38,141.52,140.19,138.15,137.71,-0.42,-0.38,57.39,41.73,49.9,39.32,42.82,41.05,-11.23,-49.79,-0.05,-12.86,-0.04,-9.35,-12.07,-50.58,-67.01,61.05,52.32,78.51,49.42,37.16,73.93,47.76,157.12,133.76,16.06,0.37,177.89,133.9,28.22,0.19,4.96,5.12,4.95,3.18,5.84,6.93,155.33,134.84,158.74,134.37,146.56,-257034700,86908060.0,83106820.0,95749295.0,0.89,47.43,1559494705.49,146.49,-0.03,40.68,5.91,33.97,0.0,92.0,-92.0,140.36,142.54,146.69,136.21,134.03,134.37,4.03,2.91,4.52,141.86,141.58,142.0,53484404.94
2022-10-18,AAPL,145.49,146.7,140.61,143.75,99136600,-3.76,-4.14,0.38,-3.76,-4.14,0.38,142.42,141.91,141.98,142.31,142.76,143.55,144.96,146.52,147.41,148.35,149.1,149.72,150.22,150.98,152.74,153.64,141.17,141.72,142.42,144.78,148.35,155.47,156.42,151.29,157.83,141.3,142.67,145.03,140.51,139.68,141.43,141.69,138.95,138.01,-0.42,-0.39,59.96,44.33,58.8,42.95,40.3,40.93,56.32,-18.09,4.02,-6.56,-2.35,-6.09,-13.15,-28.78,-61.51,71.22,54.24,105.19,71.22,46.78,120.1,51.22,155.16,134.41,14.33,0.45,177.57,133.37,28.43,0.23,4.97,5.06,4.98,2.91,5.19,6.9,155.09,134.83,158.74,134.37,146.56,-157898100,91328640.0,84237470.0,95321635.0,1.04,57.11,1562587637.19,146.48,-0.06,43.12,11.34,27.15,0.0,88.0,-88.0,141.86,143.45,144.49,140.82,139.23,134.57,1.34,0.94,6.09,143.69,143.66,143.7,3092931.69
2022-10-19,AAPL,141.69,144.95,141.5,143.86,61758300,-3.4,-3.99,0.6,-3.4,-3.99,0.6,143.14,142.56,142.4,142.59,142.93,143.59,144.86,146.33,147.19,148.1,148.85,149.46,149.97,150.75,152.57,153.54,142.28,141.46,142.02,144.29,147.95,155.05,156.29,151.29,157.64,141.69,142.58,144.74,141.35,139.98,141.37,142.77,139.69,138.34,-0.4,-0.39,65.86,46.51,52.57,51.92,37.7,43.01,47.62,-14.73,0.99,-7.37,-2.54,1.38,-9.86,-27.94,-61.06,76.97,69.75,91.41,72.06,64.23,87.71,53.3,153.78,134.81,13.15,0.48,177.22,132.88,28.6,0.25,4.99,4.66,4.91,2.55,4.74,6.79,154.17,135.54,154.72,134.37,144.55,-96139800,89593560.0,82466200.0,93324710.0,0.66,60.21,1585321851.97,146.48,0.0,43.89,12.34,23.15,20.0,84.0,-64.0,143.69,146.76,149.78,140.67,137.6,135.06,0.11,0.08,3.45,143.44,143.22,143.54,22734214.78
2022-10-20,AAPL,143.02,145.89,142.65,143.39,64522000,-3.11,-3.81,0.71,-3.11,-3.81,0.71,143.26,142.84,142.62,142.74,143.0,143.57,144.72,146.11,146.94,147.84,148.58,149.2,149.71,150.51,152.39,153.44,142.36,141.26,142.08,143.82,147.58,154.53,156.07,151.22,157.46,142.04,142.5,144.45,141.84,140.18,141.27,143.28,140.23,138.57,-0.39,-0.39,66.6,59.36,44.41,58.08,39.73,43.88,54.47,2.87,-1.85,-5.89,-2.04,5.19,-9.35,-31.51,-55.68,73.15,73.78,71.9,68.49,70.59,64.29,53.48,152.44,135.21,11.98,0.47,176.56,132.51,28.51,0.25,5.01,4.52,4.82,2.26,4.31,6.73,153.76,135.67,154.72,134.37,144.55,-160661800,79853160.0,82078180.0,92218185.0,0.7,68.75,1550272864.31,146.47,-0.02,41.81,14.18,19.6,16.0,80.0,-64.0,143.44,145.37,146.89,141.92,139.99,135.52,-0.47,-0.33,3.24,143.98,144.27,143.83,-35048987.65
2022-10-21,AAPL,142.87,147.85,142.65,147.27,86548600,-2.54,-3.56,1.02,-2.54,-3.56,1.02,145.27,144.31,143.65,143.56,143.66,144.03,144.96,146.19,146.96,147.81,148.52,149.11,149.61,150.4,152.29,153.38,144.14,141.98,142.68,143.67,147.24,154.11,155.9,151.21,157.32,143.13,142.82,144.43,143.5,141.08,141.68,145.37,141.71,139.51,-0.37,-0.39,64.82,66.18,51.56,57.59,44.86,43.97,96.86,50.86,0.59,-2.28,7.18,4.82,-3.16,-4.3,-36.61,95.7,81.94,123.21,95.7,78.75,129.6,58.34,151.87,135.46,11.43,0.72,175.85,132.36,28.22,0.34,5.44,4.51,4.89,2.9,4.1,6.47,153.98,135.94,154.72,134.37,144.55,-74113200,79443280.0,82140480.0,91744120.0,0.94,68.08,1617514468.93,146.47,0.01,39.6,17.33,19.16,12.0,76.0,-64.0,143.98,145.3,147.22,142.06,140.74,135.97,3.88,2.71,5.2,145.92,145.25,146.26,67241604.62
2022-10-24,AAPL,147.19,150.23,146.0,149.45,75981900,-1.89,-3.22,1.34,-1.89,-3.22,1.34,147.36,146.03,144.94,144.63,144.55,144.71,145.39,146.44,147.12,147.9,148.56,149.13,149.61,150.37,152.23,153.34,145.54,142.88,143.15,143.6,146.78,153.65,155.69,151.22,157.21,144.49,143.38,144.57,145.46,142.26,142.33,147.71,143.52,140.76,-0.34,-0.38,96.09,73.89,56.93,55.53,49.08,43.74,152.91,118.48,2.76,-3.26,9.03,3.35,-1.32,-4.92,-25.9,95.08,87.98,109.29,95.08,86.42,112.4,54.72,151.59,135.61,11.12,0.87,174.8,132.51,27.53,0.4,4.72,4.54,4.9,3.66,3.99,5.72,154.47,136.3,154.72,134.37,144.55,1868700,77589480.0,82248770.0,90876245.0,0.84,67.79,1665474675.31,146.48,0.06,38.5,15.99,19.03,8.0,72.0,-64.0,145.92,149.2,151.12,144.0,140.72,136.68,2.18,1.48,4.23,148.56,148.12,148.78,47960206.38
2022-10-25,AAPL,150.09,152.49,149.36,152.34,74732300,-1.13,-2.8,1.68,-1.13,-2.8,1.68,149.85,148.13,146.59,146.03,145.75,145.66,146.05,146.87,147.46,148.14,148.75,149.27,149.71,150.44,152.23,153.33,147.26,144.22,143.57,143.63,146.72,153.24,155.53,151.23,157.11,146.21,144.21,144.93,147.86,143.82,143.29,150.51,145.77,142.41,-0.3,-0.36,95.68,78.97,73.05,59.03,51.41,48.84,186.53,188.25,8.74,-2.91,13.36,5.94,0.58,-0.83,-11.7,99.17,96.65,104.22,99.17,96.65,104.22,63.87,151.74,135.51,11.3,1.04,173.62,132.85,26.61,0.48,4.27,4.45,4.85,4.44,4.06,5.66,154.96,137.14,152.49,134.37,143.43,76601000,72708620.0,82018630.0,90390725.0,0.83,67.73,1733044135.06,146.49,0.1,37.42,19.93,17.4,4.0,68.0,-64.0,148.56,151.12,152.79,146.89,144.33,137.77,2.89,1.93,3.13,151.4,150.93,151.63,67569459.74
2022-10-26,AAPL,150.96,151.99,148.04,149.35,88194300,-0.75,-2.39,1.64,-0.75,-2.39,1.64,149.6,148.54,147.2,146.64,146.3,146.12,146.36,147.06,147.58,148.21,148.78,149.27,149.7,150.4,152.17,153.29,148.36,145.32,143.76,143.6,146.53,152.76,155.35,151.27,156.99,147.14,144.75,145.1,148.62,144.63,143.8,150.93,146.84,143.33,-0.26,-0.34,72.36,64.13,65.28,55.62,47.91,47.23,131.44,144.86,6.36,-2.84,11.01,3.92,-0.49,-17.33,-17.33,78.04,90.77,52.6,82.67,92.31,63.4,58.81,151.64,135.57,11.2,0.86,172.36,133.17,25.65,0.41,4.23,4.6,4.83,4.17,4.02,5.45,155.56,137.17,152.49,134.37,143.43,-11593300,77995820.0,83794690.0,87465870.0,1.01,60.33,1703348332.78,146.49,0.03,36.44,19.07,18.92,0.0,64.0,-64.0,151.4,153.43,154.53,150.3,148.27,139.24,-2.99,-1.96,4.3,149.79,150.01,149.68,-29695802.28
2022-10-27,AAPL,148.07,149.05,144.13,144.8,109180200,-0.82,-2.08,1.26,-0.82,-2.08,1.26,147.2,147.29,146.67,146.3,146.07,145.96,146.22,146.89,147.4,148.02,148.58,149.08,149.51,150.22,152.03,153.21,148.64,145.5,143.72,143.72,146.27,152.17,155.0,151.25,156.84,147.05,144.87,144.99,147.65,144.51,143.69,149.02,146.54,143.33,-0.23,-0.32,52.77,64.3,59.0,56.9,45.82,45.57,44.26,52.05,4.19,-5.2,1.81,4.71,2.32,-42.44,-42.44,37.07,71.43,-31.65,57.56,79.8,13.08,54.7,151.76,135.68,11.18,0.57,170.85,133.49,24.55,0.3,4.11,4.54,4.75,4.1,4.02,5.35,155.3,137.13,152.49,134.37,143.43,-120773500,86927460.0,83390310.0,86517970.0,1.26,58.96,1623904203.51,146.49,0.01,34.29,19.3,16.22,12.0,60.0,-48.0,149.79,151.55,153.74,147.6,145.84,140.56,-4.55,-3.05,5.22,145.99,146.59,145.7,-79444129.27
2022-10-28,AAPL,148.2,157.5,147.82,155.74,164762400,0.01,-1.66,1.67,0.01,-1.66,1.67,151.47,150.11,148.68,148.02,147.56,147.18,147.12,147.55,147.94,148.45,148.93,149.37,149.75,150.4,152.1,153.23,150.34,147.24,144.76,144.6,146.44,151.8,154.83,151.32,156.74,148.91,146.01,145.6,150.53,146.4,144.97,152.59,149.13,145.33,-0.19,-0.29,72.51,72.71,70.4,67.13,60.39,53.35,156.52,186.26,12.58,3.53,17.36,15.32,17.54,-7.61,-7.61,89.58,68.23,132.28,92.39,77.54,122.09,61.68,153.84,135.36,12.78,1.1,169.4,134.2,23.19,0.61,5.43,5.21,4.91,4.41,4.62,5.57,157.55,136.7,157.5,134.37,145.94,43988900,102570220.0,91006750.0,88509825.0,1.86,68.02,1728753003.51,146.52,0.14,33.0,28.4,12.92,100.0,56.0,44.0,145.99,147.86,150.91,142.94,141.07,141.76,10.94,7.56,12.7,153.69,152.66,154.2,104848800.0
2022-10-31,AAPL,153.16,154.24,151.92,153.34,97943200,0.47,-1.23,1.71,0.47,-1.23,1.71,152.4,151.19,149.72,148.99,148.45,147.95,147.71,147.97,148.29,148.72,149.15,149.54,149.89,150.49,152.13,153.23,151.11,148.33,145.63,145.14,146.4,151.44,154.63,151.38,156.65,150.02,146.84,146.05,151.83,147.6,145.84,153.8,150.61,146.65,-0.15,-0.27,61.7,65.77,62.81,65.72,62.22,51.05,123.04,151.28,7.24,1.7,10.93,14.36,10.89,-17.99,-17.99,74.0,66.88,88.23,82.01,77.32,91.4,62.43,155.1,135.18,13.73,0.91,168.1,134.77,22.01,0.56,5.51,5.26,4.85,4.44,4.98,5.51,158.24,137.19,157.5,134.37,145.94,-53954300,106962480.0,92275980.0,87691400.0,1.12,66.47,1750705789.72,146.53,0.1,31.57,28.13,12.33,96.0,52.0,44.0,153.69,159.55,163.37,149.87,144.01,143.65,-2.4,-1.54,3.82,153.17,153.08,153.21,21952786.21
2022-11-01,AAPL,155.08,155.45,149.13,150.65,80379300,0.61,-0.86,1.48,0.61,-0.86,1.48,151.53,151.01,149.92,149.29,148.79,148.29,147.99,148.17,148.44,148.83,149.22,149.59,149.92,150.5,152.1,153.21,150.78,149.02,146.4,145.37,146.2,151.1,154.39,151.46,156.54,150.44,147.37,146.32,151.86,148.14,146.29,153.25,151.11,147.33,-0.11,-0.23,52.27,60.29,65.95,62.9,56.79,50.53,83.63,109.92,8.87,-0.73,6.9,12.31,4.55,-29.62,-29.62,53.87,72.48,16.65,70.38,81.6,47.96,56.31,155.63,135.11,14.11,0.76,167.1,135.09,21.18,0.49,5.67,5.55,4.9,4.18,5.13,5.21,159.1,136.88,157.5,134.37,145.94,-134333600,108091880.0,90400250.0,87318860.0,0.92,65.63,1708989950.48,146.54,0.03,29.56,26.64,15.19,92.0,48.0,44.0,153.17,154.41,155.49,152.09,150.85,145.31,-2.69,-1.75,6.32,151.74,152.29,151.47,-41715839.24
2022-11-02,AAPL,148.95,152.17,145.0,145.03,93604600,0.27,-0.64,0.91,0.27,-0.64,0.91,148.28,149.01,148.84,148.51,148.21,147.88,147.71,147.94,148.22,148.62,149.02,149.39,149.73,150.32,151.96,153.13,149.91,149.14,146.85,145.3,145.91,150.65,154.06,151.54,156.41,149.71,147.34,146.24,149.99,147.59,146.01,150.22,150.03,146.92,-0.08,-0.2,37.48,52.15,53.27,52.09,49.14,51.71,3.45,33.97,1.84,-3.21,1.17,2.04,-1.37,-64.58,-53.91,16.03,47.97,-47.85,35.42,62.61,-18.95,46.4,155.55,135.05,14.1,0.49,166.05,135.26,20.44,0.32,6.09,5.41,5.06,4.03,5.12,5.02,158.53,136.89,157.5,134.37,145.94,-227938200,109173940.0,93584880.0,88025540.0,1.06,57.89,1616168652.57,146.54,-0.04,27.31,27.36,16.05,88.0,44.0,44.0,151.74,154.36,158.06,148.04,145.42,157.5,-5.62,-3.73,7.17,147.4,148.58,146.81,-92821297.91
2022-11-03,AAPL,142.06,142.8,138.75,138.88,97918500,-0.5,-0.61,0.11,-0.5,-0.61,0.11,143.58,145.64,146.62,146.76,146.77,146.76,146.87,147.27,147.62,148.08,148.52,148.93,149.3,149.95,151.7,152.98,148.73,148.68,146.58,144.97,145.44,150.08,153.56,151.61,156.28,147.85,146.72,145.79,146.53,146.0,144.98,145.33,147.53,145.44,-0.07,-0.18,33.82,39.62,44.57,50.5,44.49,50.44,-129.79,-77.64,-3.39,-2.53,-4.51,0.5,-6.55,-99.31,-80.5,0.69,23.53,-44.98,0.69,35.5,-68.92,40.89,155.61,134.33,14.68,0.21,165.04,135.12,19.94,0.13,6.54,5.4,5.15,4.9,5.32,5.0,157.68,136.06,157.5,134.37,145.94,-325856700,106921600.0,96924530.0,89501355.0,1.09,50.91,1524536278.49,146.53,-0.06,22.94,26.15,24.32,84.0,40.0,44.0,147.4,149.8,154.57,142.63,140.23,157.25,-6.15,-4.24,6.28,140.14,140.78,139.83,-91632374.07
2022-11-04,AAPL,142.09,142.67,134.38,138.38,140814800,-1.13,-0.71,-0.42,-1.13,-0.71,-0.42,140.98,143.22,144.79,145.24,145.48,145.71,146.06,146.61,147.02,147.54,148.03,148.47,148.88,149.57,151.43,152.84,145.26,147.8,146.58,144.89,145.04,149.45,153.06,151.66,156.15,145.98,146.1,145.34,143.8,144.54,144.0,141.84,145.34,144.07,-0.07,-0.16,38.66,35.71,43.95,45.69,44.8,47.2,-146.26,-99.53,-3.81,0.13,-8.89,-4.03,-1.71,-82.7,-82.66,17.3,11.34,29.22,17.3,17.81,16.29,41.75,155.72,134.06,14.95,0.2,163.62,135.27,18.97,0.11,7.11,5.67,5.44,5.89,5.42,5.07,157.41,134.71,157.5,134.37,145.94,-466671500,102132080.0,102351150.0,92245815.0,1.53,42.83,1519610308.41,146.5,-0.03,18.41,24.91,28.66,80.0,36.0,44.0,140.14,141.54,144.19,137.49,136.09,156.51,-0.5,-0.36,8.29,138.48,138.52,138.45,-4925970.08
2022-11-07,AAPL,137.11,139.15,135.67,138.92,83374600,-1.57,-0.88,-0.68,-1.57,-0.88,-0.68,139.95,141.79,143.49,144.09,144.47,144.86,145.38,146.04,146.5,147.06,147.58,148.06,148.49,149.22,151.19,152.7,142.37,146.74,146.34,144.81,144.65,148.95,152.5,151.7,156.03,144.36,145.53,144.94,141.98,143.39,143.18,139.81,143.68,142.97,-0.08,-0.14,3.02,31.56,45.07,44.74,49.07,44.84,-134.51,-103.81,-3.12,-2.48,-10.53,-4.83,-1.5,-80.36,-80.33,19.64,12.54,33.82,19.64,12.54,33.82,46.08,155.79,133.83,15.17,0.23,162.83,135.08,18.63,0.14,6.87,5.49,5.32,6.48,5.49,5.07,156.36,134.41,157.5,134.37,145.94,-383296900,99218360.0,103090420.0,92669595.0,0.9,36.08,1591964127.95,146.49,0.0,16.73,20.81,29.64,76.0,32.0,44.0,138.48,142.57,146.77,134.28,130.19,155.18,0.54,0.39,3.48,137.91,137.41,138.16,72353819.54
2022-11-08,AAPL,140.41,141.43,137.49,139.5,89908500,-1.85,-1.08,-0.77,-1.85,-1.08,-0.77,139.72,141.02,142.6,143.26,143.71,144.19,144.82,145.56,146.05,146.64,147.19,147.69,148.13,148.9,150.96,152.57,140.14,145.46,146.06,144.84,144.24,148.52,151.94,151.79,155.92,143.04,145.02,144.61,140.84,142.51,142.52,138.83,142.49,142.13,-0.1,-0.13,6.97,35.5,40.76,45.3,49.27,45.06,-99.22,-80.28,-5.28,-4.52,-12.84,-4.36,0.52,-77.85,-77.82,22.15,19.69,27.05,22.15,19.69,27.05,38.79,155.76,133.91,15.09,0.26,162.17,134.86,18.39,0.17,5.61,5.52,5.35,6.52,5.46,4.97,155.87,133.78,157.5,134.37,145.94,-293388400,101124200.0,104608040.0,93313335.0,0.96,41.77,1593789681.25,146.47,0.02,15.33,23.63,29.45,72.0,28.0,44.0,137.91,140.16,141.39,136.68,134.43,153.93,0.58,0.42,3.94,139.47,139.46,139.48,1825553.3
2022-11-09,AAPL,138.5,138.55,134.59,134.87,74917800,-2.42,-1.34,-1.07,-2.42,-1.34,-1.07,137.3,138.97,140.88,141.73,142.35,143.02,143.87,144.76,145.33,145.99,146.59,147.13,147.61,148.44,150.64,152.39,138.11,144.01,145.46,144.67,143.74,148.04,151.3,151.83,155.79,141.12,144.07,144.0,138.51,140.93,141.35,136.2,140.33,140.57,-0.12,-0.13,6.22,35.42,33.61,41.57,46.9,42.82,-124.05,-126.44,-9.76,-7.88,-14.48,-8.52,-3.47,-97.88,-97.84,2.12,14.63,-22.91,2.12,14.63,-22.91,36.26,156.12,133.21,15.84,0.07,161.89,134.18,18.72,0.02,5.77,5.64,5.43,7.14,5.73,5.14,155.16,132.59,157.5,134.37,145.94,-368306200,97386840.0,103280390.0,93537540.0,0.8,36.89,1529466317.61,146.46,0.02,15.57,21.94,32.5,68.0,24.0,44.0,139.47,141.46,143.41,137.52,135.53,152.76,-4.63,-3.32,4.91,136.0,136.57,135.72,-64323363.64
2022-11-10,AAPL,141.24,146.87,139.5,146.87,118854000,-1.88,-1.45,-0.43,-1.88,-1.45,-0.43,142.08,141.6,142.21,142.67,143.04,143.51,144.16,144.92,145.43,146.03,146.6,147.12,147.58,148.39,150.56,152.34,139.71,144.22,145.69,144.86,143.89,147.83,150.84,151.94,155.73,141.64,144.28,144.21,140.79,141.75,141.8,140.01,141.7,141.39,-0.13,-0.13,53.77,37.37,44.9,49.66,55.49,54.23,-14.72,-6.95,-3.59,0.99,2.07,-0.4,3.88,-45.98,-45.96,59.28,27.85,122.14,54.02,26.1,109.88,49.08,156.33,133.39,15.83,0.59,161.43,134.23,18.4,0.46,6.58,6.13,5.9,7.19,5.73,5.17,156.41,131.9,157.5,134.38,145.94,-249452200,101573940.0,104247770.0,93819040.0,1.27,38.3,1648320317.61,146.45,0.03,15.5,27.61,29.92,64.0,20.0,44.0,136.0,137.42,139.96,133.46,132.04,151.66,12.0,8.9,12.0,144.41,143.18,145.03,118854000.0
2022-11-11,AAPL,145.82,150.01,144.37,149.7,93979700,-1.21,-1.4,0.2,-1.21,-1.4,0.2,145.89,144.3,143.88,143.94,144.07,144.28,144.69,145.27,145.7,146.24,146.75,147.23,147.67,148.43,150.55,152.31,141.97,143.61,145.85,145.43,144.27,147.66,150.44,152.08,155.68,142.64,144.74,144.58,143.46,142.99,142.57,143.95,143.58,142.65,-0.12,-0.13,75.66,44.88,50.33,50.21,54.42,55.61,31.43,42.84,0.23,6.86,-6.04,0.25,11.32,-33.74,-33.74,72.71,44.7,128.72,66.26,40.8,117.19,57.25,156.66,134.19,15.46,0.69,160.96,134.37,18.01,0.58,6.36,6.23,5.73,6.32,5.62,5.16,157.14,132.23,157.5,134.38,145.94,-155472500,92206920.0,97169500.0,94088125.0,1.0,39.09,1731968915.84,146.45,0.12,15.06,28.04,29.44,60.0,16.0,44.0,144.41,149.33,151.78,141.96,137.04,150.62,2.83,1.93,5.64,148.03,147.19,148.44,83648598.23
2022-11-14,AAPL,148.97,150.28,147.43,148.28,73374100,-0.78,-1.28,0.5,-0.78,-1.28,0.5,147.09,145.63,144.86,144.73,144.72,144.78,145.03,145.5,145.87,146.35,146.83,147.28,147.69,148.43,150.5,152.27,143.84,143.11,145.78,145.72,144.46,147.51,150.05,152.18,155.57,143.48,145.02,144.84,144.98,143.8,143.09,145.98,144.76,143.5,-0.11,-0.13,72.5,46.54,53.46,46.49,56.81,55.63,43.34,47.79,2.4,5.6,-5.06,-4.06,5.87,-39.88,-39.88,78.13,70.04,94.32,60.12,60.14,60.09,60.33,156.93,134.51,15.39,0.61,160.6,134.43,17.74,0.53,5.87,6.21,5.56,5.61,5.61,5.19,157.45,132.61,157.5,134.38,145.94,-228846600,90206820.0,94712590.0,93494285.0,0.78,38.97,1702361822.86,146.46,0.08,15.05,25.84,29.53,56.0,12.0,44.0,148.03,151.68,153.67,146.04,142.39,134.38,-1.42,-0.95,2.85,148.66,148.86,148.57,-29607092.98
2022-11-15,AAPL,152.22,153.59,148.56,150.04,89868300,-0.3,-1.08,0.78,-0.3,-1.08,0.78,148.56,147.1,146.01,145.7,145.53,145.44,145.51,145.83,146.14,146.56,146.98,147.4,147.78,148.48,150.49,152.25,145.95,143.05,145.62,146.03,144.59,147.42,149.76,152.26,155.45,144.74,145.43,145.2,146.69,144.83,143.79,148.12,146.19,144.58,-0.1,-0.12,73.94,58.24,43.07,50.61,55.41,56.98,68.73,72.89,-3.66,7.96,-0.61,0.69,6.29,-32.27,-32.27,81.52,77.45,89.65,67.73,64.71,73.79,59.96,157.37,134.7,15.52,0.68,160.37,134.47,17.57,0.6,5.45,6.28,5.6,5.52,5.67,5.29,158.07,132.94,157.5,134.38,145.94,-138978300,90198780.0,95661490.0,93030870.0,0.97,45.5,1665378248.11,146.47,0.06,15.22,29.31,27.69,52.0,8.0,44.0,148.66,149.9,151.51,147.05,145.81,134.7,1.76,1.19,5.31,150.73,151.07,150.56,-36983574.75
2022-11-16,AAPL,149.13,149.87,147.29,148.79,64218300,-0.02,-0.87,0.85,-0.02,-0.87,0.85,148.68,147.66,146.63,146.26,146.04,145.86,145.82,146.05,146.31,146.68,147.07,147.46,147.82,148.49,150.46,152.22,148.74,143.42,145.59,146.28,144.67,147.28,149.45,152.33,155.32,145.79,145.69,145.47,147.53,145.49,144.28,148.93,147.04,145.3,-0.08,-0.11,69.44,69.42,44.31,53.74,53.58,53.61,38.17,37.41,-2.97,7.55,3.76,3.99,4.93,-37.67,-37.67,75.01,78.22,68.59,62.33,63.39,60.19,58.97,157.63,134.93,15.52,0.61,160.0,134.56,17.28,0.56,5.34,6.1,5.44,5.8,5.67,5.33,158.03,133.61,157.5,134.38,145.94,-203196600,88058880.0,92722860.0,93153870.0,0.69,46.97,1675832389.97,146.47,0.05,15.21,30.15,25.4,48.0,4.0,44.0,150.73,152.9,155.76,147.87,145.7,135.45,-1.25,-0.83,2.75,148.65,148.58,148.68,10454141.86
2022-11-17,AAPL,146.43,151.48,146.15,150.72,80389400,0.36,-0.62,0.98,0.36,-0.62,0.98,149.7,148.68,147.54,147.07,146.76,146.46,146.29,146.4,146.59,146.91,147.25,147.6,147.94,148.56,150.46,152.2,149.51,144.61,145.98,146.65,144.85,147.21,149.17,152.47,155.19,147.12,146.11,145.86,148.78,146.41,144.96,150.27,148.22,146.29,-0.06,-0.1,87.4,72.9,50.09,44.33,54.75,57.94,54.66,45.51,0.05,5.41,11.84,-5.02,7.33,-22.45,-29.33,84.89,80.48,93.73,77.55,69.2,94.25,60.69,158.07,135.22,15.59,0.68,159.8,134.61,17.11,0.64,5.54,5.58,5.53,5.97,5.71,5.44,157.44,135.13,157.5,134.38,145.94,-122807200,80365960.0,90969950.0,93947240.0,0.86,43.16,1733296482.65,146.47,0.1,13.03,24.24,27.8,44.0,0.0,44.0,148.65,150.01,151.23,147.43,146.07,136.18,1.93,1.3,5.33,149.45,148.82,149.77,57464092.68
2022-11-18,AAPL,152.31,152.7,149.97,151.29,74829600,0.69,-0.36,1.05,0.69,-0.36,1.05,150.49,149.55,148.37,147.84,147.45,147.07,146.76,146.76,146.9,147.15,147.45,147.76,148.07,148.65,150.48,152.19,149.82,145.9,145.68,146.85,145.22,147.08,148.86,152.59,155.08,148.33,146.56,146.28,149.86,147.3,145.65,151.34,149.32,147.26,-0.03,-0.09,72.64,72.93,59.16,47.59,55.46,55.98,82.9,67.95,4.32,9.33,12.91,-2.05,4.02,-19.74,-26.86,87.89,82.6,98.48,80.26,73.38,94.01,64.85,158.46,135.23,15.82,0.69,159.39,134.78,16.74,0.67,5.23,5.5,5.5,5.87,5.81,5.49,157.76,135.76,157.5,134.38,145.94,-47977600,76535940.0,84371430.0,93361290.0,0.8,50.26,1730829572.76,146.48,0.06,10.5,26.17,28.19,40.0,60.0,-20.0,149.45,152.75,154.78,147.42,144.12,136.88,0.57,0.38,2.73,151.32,151.33,151.31,-2466909.89
2022-11-21,AAPL,150.16,150.37,147.72,148.01,58724100,0.69,-0.15,0.84,0.69,-0.15,0.84,149.25,149.04,148.29,147.87,147.54,147.19,146.88,146.85,146.97,147.2,147.47,147.77,148.07,148.63,150.43,152.15,149.77,146.81,145.33,146.78,145.48,146.77,148.6,152.7,154.96,148.71,146.67,146.46,149.55,147.48,145.87,150.48,149.36,147.51,-0.01,-0.07,41.72,64.34,64.59,46.93,50.52,52.8,52.48,28.86,6.57,3.93,9.09,-2.64,-1.44,-29.05,-41.05,70.63,81.14,49.61,70.95,76.25,60.35,53.86,158.34,135.21,15.76,0.55,158.15,135.4,15.5,0.55,4.03,5.3,5.43,5.35,5.78,5.44,157.49,136.27,157.5,134.38,145.94,-106701700,73605940.0,81906380.0,92498400.0,0.63,51.24,1684958294.65,146.49,0.01,8.72,27.14,28.51,36.0,56.0,-20.0,151.32,152.67,154.05,149.94,148.59,137.54,-3.28,-2.17,3.57,148.7,149.05,148.53,-45871278.11
2022-11-22,AAPL,148.13,150.42,146.93,150.18,51804100,0.85,0.05,0.8,0.85,0.05,0.8,149.72,149.42,148.71,148.29,147.95,147.56,147.2,147.1,147.18,147.36,147.61,147.87,148.15,148.68,150.43,152.13,149.8,147.88,145.3,146.67,145.85,146.7,148.41,152.81,154.85,149.33,146.99,146.76,150.01,148.02,146.34,150.8,149.93,148.13,0.01,-0.06,58.67,78.13,67.9,56.5,50.51,54.04,56.1,38.25,8.53,4.47,10.68,5.15,-2.16,-17.75,-31.66,75.8,78.11,71.18,82.25,77.82,91.11,53.75,158.05,135.28,15.52,0.65,157.94,135.47,15.31,0.65,3.72,5.04,5.39,4.76,5.69,5.36,157.28,137.11,157.5,134.38,145.94,-54897600,65993100.0,78095940.0,91351990.0,0.57,57.53,1729637475.45,146.49,-0.0,7.3,28.55,25.27,32.0,52.0,-20.0,148.7,149.68,151.35,147.03,146.05,138.19,2.17,1.47,3.49,149.18,148.68,149.43,44679180.8
2022-11-23,AAPL,149.45,151.83,149.34,151.07,58301400,1.03,0.25,0.79,1.03,0.25,0.79,150.39,149.97,149.23,148.79,148.43,148.0,147.56,147.39,147.43,147.57,147.78,148.01,148.26,148.76,150.44,152.12,150.25,149.5,145.7,146.75,146.28,146.62,148.28,152.91,154.74,149.91,147.41,147.1,150.61,148.64,146.88,151.35,150.6,148.82,0.03,-0.04,55.1,63.04,68.24,67.74,49.09,54.88,69.59,60.8,8.75,5.01,16.2,12.19,1.72,-13.12,-27.81,72.67,73.03,71.94,86.88,80.03,100.59,58.1,158.25,135.26,15.67,0.69,157.65,135.59,15.05,0.7,3.67,4.77,5.36,1.46,5.75,5.25,157.1,138.02,157.5,134.38,145.94,3403800,64809720.0,76434300.0,89857345.0,0.65,64.47,1752349265.81,146.49,0.03,9.19,32.29,17.34,28.0,48.0,-20.0,149.18,151.42,152.67,147.93,145.69,138.8,0.89,0.59,2.49,150.75,150.58,150.83,22711790.36
2022-11-25,AAPL,148.31,148.88,147.12,148.11,35195900,0.93,0.38,0.55,0.93,0.38,0.55,149.25,149.35,148.98,148.67,148.38,148.01,147.62,147.45,147.47,147.6,147.79,148.02,148.26,148.74,150.39,152.08,149.73,149.62,146.32,146.92,146.45,146.53,148.13,152.96,154.6,149.66,147.54,147.21,150.06,148.64,147.0,150.3,150.36,148.89,0.04,-0.02,47.12,45.1,62.06,63.22,49.11,50.54,25.0,18.65,6.17,3.29,1.24,9.73,3.31,-28.84,-40.61,26.34,58.27,-37.51,71.16,80.1,53.28,57.69,158.39,135.45,15.62,0.55,157.45,135.62,14.9,0.57,3.47,4.46,5.34,1.25,5.74,5.22,156.54,138.7,157.5,134.38,145.94,-31792100,55771020.0,68068490.0,86158130.0,0.41,70.49,1756748753.31,146.5,0.08,11.48,34.53,15.1,24.0,44.0,-20.0,150.75,152.15,153.24,149.66,148.26,139.39,-2.96,-1.96,3.95,148.04,148.0,148.06,4399487.5
2022-11-28,AAPL,145.14,146.64,143.38,144.22,69246000,0.53,0.41,0.12,0.53,0.41,0.12,146.74,147.64,147.93,147.86,147.74,147.54,147.29,147.21,147.26,147.41,147.62,147.85,148.1,148.59,150.27,152.0,148.32,149.07,146.7,146.34,146.64,146.4,147.9,152.94,154.46,148.68,147.28,147.07,148.33,147.93,146.63,147.79,149.13,148.24,0.05,-0.01,26.38,39.14,63.38,56.6,49.58,46.71,-45.13,-24.69,6.93,-2.07,-5.48,5.3,-11.52,-49.32,-57.44,8.23,35.75,-46.81,50.68,69.57,12.9,52.24,157.08,135.6,14.68,0.4,157.27,135.54,14.84,0.4,3.76,4.55,5.32,2.11,5.37,5.01,156.39,138.19,155.45,134.38,144.92,-101038100,54654300.0,65595120.0,81382310.0,0.85,71.18,1723187808.52,146.49,-0.0,11.96,33.85,20.68,20.0,40.0,-20.0,148.04,148.95,149.8,147.19,146.28,139.96,-3.89,-2.63,4.73,144.75,145.01,144.62,-33560944.79
2022-11-29,AAPL,144.29,144.81,140.35,141.17,83763800,-0.03,0.32,-0.36,-0.03,0.32,-0.36,143.95,145.48,146.42,146.64,146.73,146.74,146.71,146.76,146.87,147.06,147.3,147.56,147.83,148.35,150.09,151.89,146.95,148.36,146.85,145.73,146.6,146.14,147.65,152.88,154.32,147.24,146.79,146.72,146.04,146.76,145.91,144.7,147.31,147.11,0.04,0.0,18.84,27.81,39.04,51.96,38.08,42.98,-110.34,-57.03,-3.88,-5.54,-7.11,1.67,-12.17,-65.37,-67.77,6.64,13.74,-7.55,34.63,52.16,-0.42,43.91,156.18,135.29,14.34,0.28,156.85,135.43,14.66,0.27,3.63,4.59,4.93,3.28,5.22,5.05,155.88,137.54,155.45,134.38,144.92,-184801900,59662240.0,66634090.0,80673340.0,1.04,63.17,1670225047.09,146.48,-0.05,11.8,30.03,25.23,16.0,36.0,-20.0,144.75,146.11,148.01,142.85,141.49,153.59,-3.05,-2.11,4.46,142.11,142.58,141.88,-52962761.43
2022-11-30,AAPL,141.4,148.72,140.55,148.03,111380900,0.07,0.27,-0.2,0.07,0.27,-0.2,145.99,146.33,146.78,146.9,146.93,146.9,146.84,146.85,146.94,147.12,147.34,147.58,147.83,148.34,150.05,151.86,146.52,148.16,147.42,145.6,146.74,145.96,147.55,152.91,154.21,147.18,147.01,146.81,146.6,146.99,146.11,145.77,147.59,147.36,0.04,0.01,50.05,48.52,47.22,64.67,45.95,49.21,-68.3,4.41,-1.12,-2.83,-2.01,13.16,-2.62,-39.46,-35.22,62.19,25.68,135.19,60.54,48.62,84.38,54.35,155.85,135.35,14.08,0.62,156.22,135.69,14.07,0.6,4.41,4.82,5.14,3.23,5.13,5.03,156.47,137.2,153.59,134.38,143.99,-73421000,71577600.0,68785350.0,82223420.0,1.35,71.08,1762792527.02,146.48,0.03,12.35,34.37,19.71,12.0,32.0,-20.0,142.11,143.87,146.57,139.41,137.65,153.33,6.86,4.86,8.17,145.77,144.64,146.33,92567479.93
2022-12-01,AAPL,148.21,149.13,146.61,148.31,71250400,0.18,0.25,-0.08,0.18,0.25,-0.08,147.15,146.99,147.12,147.15,147.14,147.08,146.98,146.96,147.03,147.18,147.39,147.61,147.85,148.34,150.01,151.82,145.97,148.11,148.32,145.77,146.89,145.85,147.42,152.94,154.09,147.21,147.27,146.91,147.13,147.24,146.34,146.66,147.89,147.63,0.04,0.01,44.79,44.97,50.05,52.17,48.15,52.22,-5.2,40.52,0.02,-0.7,-0.48,1.44,3.28,-39.88,-27.49,64.45,44.43,104.51,60.12,51.76,76.83,55.79,156.08,135.45,14.16,0.62,155.89,135.81,13.77,0.62,4.26,4.14,4.96,3.22,5.16,5.01,155.26,138.69,153.59,134.38,143.99,-2170600,74167400.0,69488560.0,81105710.0,0.88,69.81,1787673619.08,146.49,0.11,12.55,26.35,22.93,8.0,28.0,-20.0,145.77,150.98,153.94,142.81,137.6,153.07,0.28,0.19,2.52,148.02,147.87,148.09,24881092.06
2022-12-02,AAPL,145.96,148.0,145.65,147.81,65447400,0.22,0.25,-0.03,0.22,0.25,-0.03,147.48,147.26,147.27,147.27,147.24,147.17,147.06,147.03,147.08,147.22,147.41,147.62,147.85,148.32,149.97,151.78,145.91,147.82,148.38,146.21,147.04,145.75,147.31,152.96,153.97,147.15,147.46,146.97,147.35,147.37,146.48,147.05,148.0,147.78,0.04,0.02,40.71,42.71,45.96,46.93,52.39,44.23,-34.4,22.29,-1.49,2.08,-2.91,-1.89,8.93,-43.66,-30.09,64.98,63.87,67.2,56.34,59.0,51.03,53.74,156.04,136.39,13.44,0.58,155.61,135.89,13.53,0.6,4.14,3.93,4.74,3.09,4.91,4.97,154.91,139.2,153.59,134.38,143.99,-67618000,80217700.0,67994360.0,79482155.0,0.82,62.33,1842538035.25,146.49,0.2,12.95,22.07,25.92,4.0,24.0,-20.0,148.02,149.42,150.54,146.9,145.5,152.81,-0.5,-0.34,2.66,147.15,146.82,147.32,54864416.17
2022-12-05,AAPL,147.77,150.92,145.77,146.63,68826400,0.15,0.23,-0.07,0.15,0.23,-0.07,147.06,147.05,147.13,147.16,147.15,147.1,147.01,147.0,147.05,147.19,147.37,147.58,147.8,148.26,149.9,151.73,146.39,147.35,148.18,146.63,147.02,145.68,147.13,152.94,153.86,146.93,147.5,146.94,147.12,147.26,146.46,146.79,147.77,147.68,0.04,0.02,45.3,46.83,46.08,47.3,57.3,45.03,-9.4,28.05,-1.45,-5.85,-4.66,-1.65,8.25,-52.57,-36.23,54.7,61.38,41.35,47.43,54.63,33.03,48.64,155.73,137.52,12.42,0.5,155.45,135.9,13.42,0.55,4.52,4.09,4.69,2.85,4.55,4.97,155.2,138.83,153.59,134.59,144.09,-136444400,80133780.0,67394040.0,75882735.0,0.91,62.14,1796698316.41,146.49,0.18,12.61,25.81,24.88,0.0,20.0,-20.0,147.15,148.66,149.5,146.31,144.8,152.56,-1.18,-0.8,5.15,147.77,148.34,147.49,-45839718.83
2022-12-06,AAPL,147.07,147.3,141.92,142.91,64727200,-0.2,0.14,-0.34,-0.2,0.14,-0.34,144.98,145.67,146.19,146.38,146.5,146.58,146.62,146.69,146.78,146.95,147.15,147.38,147.61,148.09,149.77,151.64,146.74,146.84,147.82,146.83,146.8,145.52,146.79,152.87,153.73,146.13,147.15,146.68,145.72,146.49,145.98,144.94,146.61,146.93,0.03,0.02,45.8,34.42,36.7,39.04,54.02,44.36,-117.48,-57.94,-5.18,-6.8,-5.1,-7.13,3.99,-79.27,-56.21,22.3,47.33,-27.76,20.73,41.5,-20.82,47.0,155.38,138.27,11.65,0.27,155.21,135.83,13.32,0.37,4.72,4.1,4.55,3.16,4.28,5.0,154.82,138.43,153.59,134.59,144.09,-201171600,76326460.0,67994350.0,74950365.0,0.86,54.4,1755792650.99,146.48,0.11,14.01,20.01,31.56,4.0,16.0,-12.0,147.77,149.78,152.92,144.63,142.62,152.32,-3.72,-2.54,5.38,144.04,144.61,143.76,-40905665.43
2022-12-07,AAPL,142.19,143.37,140.0,140.94,69721100,-0.63,-0.01,-0.61,-0.63,-0.01,-0.61,142.96,144.09,145.03,145.39,145.64,145.87,146.08,146.27,146.41,146.61,146.85,147.1,147.35,147.85,149.59,151.53,145.32,145.92,147.21,146.9,146.42,145.3,146.57,152.81,153.62,145.05,146.59,146.3,144.04,145.48,145.31,142.84,145.15,145.91,0.02,0.02,49.21,29.25,33.17,38.2,51.75,46.85,-153.05,-123.31,-6.84,-6.45,-9.24,-7.85,1.44,-92.6,-66.58,8.61,28.54,-31.25,7.4,25.19,-28.17,47.97,155.21,138.58,11.32,0.14,154.91,135.7,13.22,0.27,4.53,4.14,4.54,3.41,4.16,5.0,154.37,137.8,153.59,134.59,144.09,-270892700,67994500.0,69786050.0,73940995.0,0.94,54.28,1724966407.96,146.48,0.09,15.11,19.79,32.34,0.0,12.0,-12.0,144.04,146.17,149.42,140.79,138.66,152.08,-1.97,-1.38,3.37,141.44,141.68,141.31,-30826243.03
2022-12-08,AAPL,142.36,143.52,141.1,142.65,62128300,-0.82,-0.17,-0.65,-0.82,-0.17,-0.65,142.81,143.61,144.5,144.9,145.18,145.47,145.76,146.0,146.17,146.39,146.64,146.9,147.17,147.68,149.45,151.45,144.19,145.08,146.8,147.29,146.19,145.16,146.36,152.72,153.53,144.46,146.18,146.06,143.38,144.91,144.91,142.26,144.4,145.33,0.0,0.02,21.26,38.21,40.82,37.78,52.68,53.12,-102.72,-126.19,-3.62,-1.64,-8.42,-8.07,7.78,-79.13,-57.58,24.27,18.39,36.02,20.87,16.33,29.93,50.14,153.75,140.82,8.78,0.14,154.7,135.61,13.15,0.37,4.26,3.95,4.48,3.02,3.23,5.01,153.65,137.86,153.59,139.5,146.55,-208764400,66170080.0,70168740.0,73301520.0,0.85,53.24,1742423946.8,146.47,0.15,16.8,18.14,33.95,36.0,8.0,28.0,141.44,142.87,144.81,139.5,138.07,151.6,1.71,1.21,2.58,142.42,142.31,142.48,17457538.84
2022-12-09,AAPL,142.34,145.57,140.9,142.16,76097000,-1.0,-0.34,-0.66,-1.0,-0.34,-0.66,142.48,143.13,143.98,144.4,144.72,145.06,145.41,145.71,145.91,146.16,146.42,146.7,146.97,147.5,149.31,151.35,143.06,144.48,146.23,147.05,146.11,145.15,146.19,152.61,153.43,143.93,145.69,145.8,142.75,144.34,144.49,141.73,143.67,144.73,-0.02,0.01,17.87,44.79,35.42,36.15,56.66,53.13,-78.7,-107.42,-5.34,2.36,-5.95,-9.13,-4.71,-81.74,-81.12,19.78,17.55,24.24,18.26,15.51,23.76,40.15,153.91,140.19,9.33,0.14,154.7,135.6,13.16,0.34,3.76,4.08,4.47,2.94,3.43,5.06,153.58,137.24,153.59,140.0,146.8,-284861400,68300000.0,74258850.0,71163670.0,1.07,53.08,1707389996.05,146.47,0.04,18.44,18.97,32.8,32.0,4.0,28.0,142.42,143.75,144.84,141.33,140.0,151.13,-0.49,-0.34,4.67,142.88,143.24,142.7,-35033950.75
2022-12-12,AAPL,142.7,144.5,141.06,144.49,70462700,-0.94,-0.46,-0.48,-0.94,-0.46,-0.48,143.49,143.58,144.09,144.41,144.68,144.99,145.33,145.62,145.82,146.07,146.33,146.6,146.87,147.4,149.21,151.29,142.63,144.51,145.78,146.79,145.73,145.28,146.09,152.51,153.33,143.93,145.45,145.69,143.08,144.27,144.4,142.5,143.69,144.63,-0.03,0.0,35.44,58.72,38.63,44.5,47.36,54.47,-57.46,-83.19,-4.36,4.42,0.27,-3.52,-5.21,-62.05,-66.96,41.12,28.39,66.58,37.95,25.69,62.48,45.03,153.62,139.96,9.31,0.33,154.62,135.94,12.86,0.46,3.89,4.08,4.06,2.94,3.42,4.73,153.48,137.17,153.59,140.0,146.8,-214398700,68627260.0,74380520.0,69987820.0,1.01,59.82,1777443029.19,146.46,0.03,19.74,19.02,28.93,28.0,0.0,28.0,142.88,144.85,147.55,140.18,138.21,150.69,2.33,1.64,3.44,143.35,142.78,143.64,70053033.14
2022-12-13,AAPL,149.5,149.97,144.24,145.47,93886200,-0.81,-0.53,-0.28,-0.81,-0.53,-0.28,144.48,144.21,144.4,144.61,144.8,145.05,145.34,145.61,145.79,146.03,146.29,146.55,146.82,147.34,149.14,151.23,143.14,144.94,145.61,146.65,145.47,145.34,145.94,152.42,153.23,144.1,145.32,145.68,143.67,144.4,144.45,143.52,143.97,144.73,-0.04,-0.0,44.82,40.27,45.1,42.36,45.1,54.76,33.87,-2.34,-1.78,4.71,4.3,-4.71,-2.81,-53.76,-59.75,50.09,37.0,76.28,46.24,34.15,70.41,39.57,153.47,139.83,9.3,0.41,154.64,136.03,12.81,0.51,4.33,4.24,4.06,2.7,3.41,4.5,153.81,136.87,153.59,140.0,146.8,-120512500,74459060.0,75392760.0,71013425.0,1.32,61.49,1723863993.59,146.46,0.02,19.44,27.52,26.51,24.0,8.0,16.0,143.35,145.64,146.79,142.2,139.91,150.26,0.98,0.68,5.73,146.56,147.11,146.29,-53579035.6
2022-12-14,AAPL,145.35,146.66,141.16,143.21,82291200,-0.88,-0.6,-0.28,-0.88,-0.6,-0.28,143.84,143.88,144.13,144.35,144.56,144.82,145.14,145.43,145.63,145.88,146.14,146.41,146.68,147.2,149.02,151.15,143.6,144.46,145.15,146.31,145.22,145.28,145.71,152.32,153.13,143.79,145.0,145.53,143.38,144.1,144.21,143.23,143.63,144.41,-0.05,-0.01,51.54,33.16,48.01,37.79,44.24,56.92,-38.79,-66.58,-0.7,2.66,-4.82,-7.86,-6.83,-70.6,-76.38,29.4,40.2,7.78,29.4,37.86,12.46,41.36,153.1,139.52,9.28,0.27,154.6,135.96,12.83,0.39,4.38,4.45,4.19,2.51,3.39,4.41,154.04,136.23,152.7,140.0,146.35,-202803700,76973080.0,72483790.0,70634570.0,1.17,54.3,1702917142.68,146.46,0.03,18.11,23.93,30.17,20.0,4.0,16.0,146.56,148.88,152.29,143.15,140.83,149.97,-2.26,-1.55,5.5,143.68,143.91,143.56,-20946850.91
2022-12-15,AAPL,141.11,141.8,136.03,136.5,98931900,-1.45,-0.77,-0.69,-1.45,-0.77,-0.69,140.17,141.42,142.44,142.92,143.32,143.78,144.31,144.77,145.04,145.36,145.67,145.98,146.28,146.85,148.77,151.0,142.37,143.28,144.17,145.69,144.94,145.08,145.42,152.17,152.98,142.34,144.06,144.97,140.96,142.63,143.17,140.03,141.62,142.92,-0.06,-0.02,34.67,23.51,41.95,33.84,36.18,40.57,-186.04,-174.99,-3.31,1.21,-11.81,-11.61,-12.29,-96.84,-97.18,3.16,27.55,-45.63,3.16,26.26,-43.06,38.09,153.66,137.73,10.93,-0.08,154.72,135.44,13.29,0.05,4.64,4.68,4.28,3.18,3.98,4.69,153.68,134.95,152.7,136.03,144.36,-301735600,84333800.0,75251940.0,72370250.0,1.37,51.37,1620102397.97,146.44,-0.04,16.64,22.75,33.12,16.0,0.0,16.0,143.68,146.19,149.18,140.69,138.18,149.97,-6.71,-4.69,7.18,138.11,138.92,137.71,-82814744.71
2022-12-16,AAPL,136.69,137.65,133.73,134.51,160156900,-2.05,-1.03,-1.02,-2.05,-1.03,-1.02,137.34,139.12,140.68,141.39,141.96,142.62,143.38,144.01,144.36,144.75,145.12,145.48,145.82,146.45,148.49,150.84,140.84,141.95,143.27,144.88,144.79,144.86,145.12,151.95,152.82,140.75,143.0,144.3,138.54,141.02,141.97,137.04,139.48,141.26,-0.09,-0.04,22.43,22.65,21.97,35.73,35.64,35.97,-204.07,-199.84,-9.13,-8.42,-13.3,-9.71,-16.21,-95.46,-95.89,4.8,12.45,-10.49,4.54,12.36,-11.11,37.3,153.92,135.84,12.48,-0.07,154.96,134.77,13.93,-0.01,4.72,4.62,4.33,3.8,4.52,4.95,152.63,134.13,152.7,133.73,143.21,-461892500,101145780.0,84722890.0,76358625.0,2.1,47.82,1523681407.15,146.4,-0.14,16.0,23.03,31.31,12.0,100.0,-88.0,138.11,140.19,143.88,134.42,132.34,149.13,-1.99,-1.46,3.92,135.3,135.69,135.1,-96420990.82
2022-12-19,AAPL,135.11,135.2,131.32,132.37,79592600,-2.66,-1.35,-1.31,-2.66,-1.35,-1.31,134.86,136.87,138.83,139.75,140.49,141.34,142.33,143.15,143.59,144.07,144.5,144.91,145.29,145.99,148.17,150.65,138.41,140.52,142.48,143.94,144.59,144.71,144.82,151.7,152.66,139.01,141.8,143.49,136.07,139.24,140.63,134.17,137.2,139.43,-0.12,-0.05,20.17,24.39,19.32,36.71,31.62,35.5,-192.75,-211.86,-10.75,-11.58,-14.26,-8.8,-18.92,-94.64,-95.09,5.63,4.53,7.83,5.36,4.35,7.37,35.59,154.05,133.83,14.05,-0.07,155.32,134.1,14.67,-0.08,4.9,4.58,4.27,4.46,5.06,5.32,151.5,133.17,151.83,131.32,141.57,-541485100,102971760.0,85799510.0,76596775.0,1.04,48.2,1487167276.22,146.38,-0.16,16.36,23.24,30.63,8.0,100.0,-92.0,135.3,136.86,139.22,132.94,131.38,147.9,-2.14,-1.59,3.88,132.96,133.26,132.82,-36514130.93
2022-12-20,AAPL,131.39,133.25,129.89,132.3,77432800,-3.12,-1.71,-1.41,-3.12,-1.71,-1.41,133.58,135.34,137.38,138.4,139.23,140.21,141.38,142.35,142.86,143.41,143.91,144.36,144.78,145.54,147.86,150.47,135.78,139.46,141.89,143.15,144.37,144.55,144.51,151.4,152.53,137.51,140.7,142.7,134.28,137.72,139.41,132.36,135.35,137.83,-0.15,-0.07,6.93,26.87,19.65,20.13,30.79,33.32,-158.39,-194.42,-10.49,-10.78,-10.61,-15.73,-15.71,-88.54,-89.02,12.0,7.48,21.05,11.46,7.12,20.14,37.08,154.32,131.99,15.6,0.01,155.66,133.43,15.38,-0.05,4.72,4.24,4.3,5.05,5.58,5.69,149.85,132.9,151.83,129.89,140.86,-618917900,99681080.0,87070070.0,77532210.0,1.0,39.92,1520813671.46,146.35,-0.11,16.67,18.54,35.52,4.0,100.0,-96.0,132.96,134.61,136.84,130.73,129.08,146.24,-0.07,-0.05,3.36,131.81,131.57,131.94,33646395.24
2022-12-21,AAPL,132.98,136.81,132.75,135.45,85928000,-3.19,-2.0,-1.19,-3.19,-2.0,-1.19,134.51,135.38,136.95,137.86,138.65,139.61,140.81,141.84,142.38,142.97,143.49,143.97,144.41,145.21,147.61,150.32,134.23,138.91,141.05,142.42,144.24,144.48,144.24,151.14,152.42,136.78,139.96,142.13,134.05,136.99,138.71,132.74,134.71,137.02,-0.18,-0.09,19.3,32.11,29.69,27.98,37.26,37.89,-87.87,-121.65,-7.62,-9.72,-5.49,-12.86,-14.73,-73.56,-74.66,27.69,15.11,52.85,26.44,14.42,50.48,35.73,153.57,131.26,15.67,0.19,155.78,133.17,15.65,0.1,4.87,4.38,4.34,5.17,5.58,5.86,149.57,132.05,151.83,129.89,140.86,-532989900,100408440.0,88690760.0,79238405.0,1.08,40.31,1549174144.37,146.33,-0.11,17.58,23.07,34.37,0.0,96.0,-96.0,131.81,133.74,135.17,130.38,128.45,144.28,3.15,2.38,4.51,135.0,134.78,135.12,28360472.91
2022-12-22,AAPL,134.35,134.56,130.3,132.23,77852100,-3.46,-2.3,-1.17,-3.46,-2.3,-1.17,133.37,134.33,135.9,136.84,137.66,138.69,139.99,141.12,141.72,142.37,142.94,143.46,143.94,144.78,147.31,150.14,133.37,137.87,139.98,141.47,144.15,144.35,143.94,150.86,152.27,135.57,138.99,141.35,132.88,135.8,137.68,131.69,133.39,135.75,-0.21,-0.12,18.23,28.27,30.24,25.6,32.17,33.6,-104.21,-138.75,-7.47,-11.13,-10.42,-15.58,-18.84,-88.87,-89.33,11.65,17.11,0.73,11.13,16.34,0.7,36.36,152.74,130.21,15.92,0.09,156.06,132.65,16.21,-0.02,4.79,4.56,4.42,5.38,5.63,6.02,149.11,130.88,150.92,129.89,140.4,-610842000,96192480.0,90263140.0,80215940.0,0.97,40.15,1541864088.03,146.31,-0.13,18.64,22.17,35.37,8.0,92.0,-84.0,135.0,137.26,139.06,133.2,130.94,142.55,-3.22,-2.38,5.15,132.36,132.43,132.33,-7310056.34
2022-12-23,AAPL,130.92,132.42,129.64,131.86,63814900,-3.67,-2.57,-1.1,-3.67,-2.57,-1.1,132.62,133.51,135.0,135.93,136.77,137.84,139.22,140.44,141.09,141.79,142.4,142.96,143.46,144.36,147.0,149.96,132.84,136.84,138.91,140.66,143.65,144.13,143.77,150.52,152.13,134.48,138.08,140.56,131.96,134.72,136.71,130.96,132.27,134.59,-0.24,-0.14,28.79,19.77,32.14,26.26,30.72,32.7,-101.64,-129.65,-6.44,-12.51,-10.3,-14.77,-16.25,-89.08,-89.57,10.92,16.75,-0.75,10.92,16.16,0.44,39.64,152.25,129.08,16.47,0.12,156.35,131.91,16.96,-0.0,4.4,4.39,4.43,5.45,5.79,6.4,148.0,130.44,150.92,129.64,140.28,-674656900,76924080.0,89034930.0,81646890.0,0.78,34.28,1579969388.03,146.29,-0.11,21.0,18.28,37.8,4.0,100.0,-96.0,132.36,134.43,136.62,130.17,128.1,141.03,-0.37,-0.28,2.78,131.31,131.03,131.44,38105300.0
2022-12-27,AAPL,131.38,131.41,128.72,130.03,69007800,-3.94,-2.84,-1.09,-3.94,-2.84,-1.09,131.32,132.35,133.9,134.86,135.73,136.86,138.34,139.67,140.37,141.14,141.8,142.39,142.94,143.89,146.67,149.76,132.37,135.39,137.81,139.95,142.99,143.96,143.63,150.16,152.01,133.24,137.06,139.68,130.73,133.48,135.61,129.79,130.94,133.27,-0.27,-0.17,29.22,14.49,25.29,27.96,31.44,33.57,-101.95,-124.26,-8.85,-14.05,-14.46,-12.88,-14.19,-93.84,-94.1,7.3,9.96,1.99,6.16,9.4,-0.31,45.44,152.33,127.57,17.69,0.1,156.72,131.21,17.72,-0.05,3.82,4.23,4.39,5.11,6.19,6.75,146.8,129.89,150.92,128.72,139.82,-743664700,74807120.0,88889440.0,81634980.0,0.85,34.35,1578173646.02,146.27,-0.09,21.46,18.97,34.28,0.0,100.0,-100.0,131.31,132.97,134.09,130.19,128.53,139.44,-1.83,-1.39,3.14,130.05,130.06,130.05,-1795742.01
2022-12-28,AAPL,129.67,131.03,125.87,126.04,85438400,-4.42,-3.16,-1.26,-4.42,-3.16,-1.26,128.68,130.25,132.15,133.26,134.24,135.51,137.17,138.66,139.45,140.3,141.03,141.68,142.27,143.3,146.26,149.53,131.12,133.45,136.68,139.2,142.25,143.64,143.36,149.76,151.89,131.54,135.74,138.59,128.56,131.71,134.13,127.34,128.87,131.41,-0.3,-0.2,24.94,13.42,22.25,26.15,31.37,28.65,-114.02,-130.65,-11.34,-14.84,-19.43,-14.9,-15.13,-99.29,-99.32,1.07,6.43,-9.66,0.71,5.93,-9.74,41.99,153.02,125.37,19.87,0.02,157.36,129.91,19.11,-0.14,4.0,4.36,4.41,4.51,6.91,7.35,145.89,128.46,150.92,125.87,138.39,-829103100,76408240.0,88044660.0,81718710.0,1.05,34.13,1498364908.04,146.23,-0.11,21.94,18.41,34.8,8.0,100.0,-92.0,130.05,131.39,132.74,128.7,127.36,137.72,-3.99,-3.07,5.16,127.65,128.45,127.24,-79808737.98
2022-12-29,AAPL,127.99,130.48,127.73,129.61,75703700,-4.46,-3.42,-1.04,-4.46,-3.42,-1.04,129.15,130.03,131.59,132.59,133.53,134.77,136.45,137.99,138.81,139.7,140.47,141.16,141.78,142.85,145.93,149.33,129.95,132.09,135.93,138.27,141.57,143.35,143.08,149.41,151.76,130.84,134.83,137.77,128.21,130.86,133.24,127.46,128.17,130.47,-0.33,-0.22,41.66,33.05,25.43,30.3,38.28,31.88,-84.01,-100.24,-10.3,-13.7,-13.6,-13.04,-18.42,-84.48,-85.07,31.75,13.37,68.5,15.52,7.46,31.63,46.99,152.08,124.47,19.97,0.19,157.64,129.07,19.93,0.02,4.08,4.49,4.41,3.05,6.9,7.54,145.43,127.47,150.92,125.87,138.39,-753399400,74363380.0,87385910.0,79934850.0,0.95,34.51,1526168812.4,146.21,-0.15,22.01,17.63,33.77,4.0,96.0,-92.0,127.65,129.42,132.81,124.26,122.49,135.59,3.57,2.83,4.44,129.27,129.1,129.36,27803904.36
2022-12-30,AAPL,128.41,129.95,127.43,129.93,77034200,-4.42,-3.62,-0.8,-4.42,-3.62,-0.8,129.54,130.0,131.22,132.11,132.97,134.17,135.83,137.39,138.24,139.16,139.96,140.67,141.31,142.43,145.61,149.13,129.49,131.43,135.08,137.35,140.94,143.08,142.81,149.06,151.61,130.45,134.03,137.02,128.13,130.21,132.49,127.84,127.75,129.73,-0.36,-0.25,29.25,37.73,23.77,31.43,28.85,33.93,-78.71,-92.54,-10.68,-13.99,-6.57,-12.23,-18.38,-83.15,-83.79,37.11,23.31,64.72,16.85,11.02,28.49,49.21,150.79,123.92,19.56,0.22,157.86,128.3,20.66,0.06,3.96,4.34,4.14,2.68,6.72,7.71,144.5,127.16,150.92,125.87,138.39,-676365200,74199800.0,85196140.0,80224040.0,0.96,27.98,1601980247.32,146.18,-0.12,23.03,14.87,35.46,0.0,92.0,-92.0,129.27,130.82,132.02,128.07,126.52,133.84,0.32,0.25,2.52,129.1,128.69,129.31,75811434.92
2023-01-03,AAPL,130.28,130.9,124.17,125.07,112117500,-4.72,-3.84,-0.88,-4.72,-3.84,-0.88,127.3,128.36,129.85,130.83,131.76,133.03,134.81,136.48,137.39,138.38,139.23,139.99,140.67,141.86,145.2,148.9,128.14,130.49,133.94,136.22,140.09,142.71,142.47,148.62,151.43,129.29,132.86,136.0,126.52,128.79,131.22,126.03,126.21,128.24,-0.38,-0.28,26.04,32.93,21.85,22.62,25.46,33.36,-103.68,-108.03,-12.67,-15.56,-9.44,-19.42,-22.74,-96.51,-96.64,7.12,25.33,-29.29,3.49,11.95,-13.44,40.79,149.78,122.66,19.91,0.09,158.34,127.08,21.91,-0.06,4.27,4.57,4.35,3.11,6.78,8.0,143.95,125.66,150.92,124.17,137.54,-788482700,83860320.0,80392200.0,82557545.0,1.36,21.2,1519849597.25,146.13,-0.2,24.88,14.11,38.73,24.0,100.0,-76.0,129.1,130.78,131.62,128.26,126.58,132.41,-4.86,-3.74,6.73,126.71,127.54,126.3,-82130650.07
2023-01-04,AAPL,126.89,128.66,125.08,126.36,89113600,-4.8,-4.03,-0.77,-4.8,-4.03,-0.77,126.83,127.69,129.08,130.02,130.93,132.2,134.0,135.73,136.68,137.71,138.61,139.4,140.11,141.35,144.83,148.67,127.4,129.89,132.73,135.2,139.25,142.29,142.24,148.2,151.25,128.54,131.92,135.11,125.83,127.84,130.24,125.52,125.36,127.2,-0.41,-0.3,32.66,36.86,31.08,23.29,27.73,36.73,-103.51,-101.23,-7.43,-12.38,-6.01,-19.11,-20.27,-90.26,-91.81,17.33,20.52,10.94,9.74,10.02,9.16,40.98,148.51,121.9,19.69,0.17,158.53,126.05,22.83,0.01,4.05,4.42,4.39,3.28,6.65,8.09,142.84,125.16,149.97,124.17,137.07,-699369100,87881480.0,81344300.0,83571905.0,1.07,13.09,1494459688.87,146.1,-0.18,30.09,5.75,40.07,20.0,96.0,-76.0,126.71,129.26,133.44,122.53,119.98,130.9,1.29,1.03,3.59,126.7,126.87,126.62,-25389908.38
2023-01-05,AAPL,127.13,127.77,124.76,125.02,80962700,-4.92,-4.21,-0.71,-4.92,-4.21,-0.71,125.93,126.8,128.17,129.11,130.02,131.3,133.15,134.94,135.93,137.0,137.94,138.77,139.52,140.82,144.44,148.44,127.2,129.16,131.37,134.31,138.49,141.8,141.98,147.73,151.04,127.65,130.95,134.19,124.94,126.79,129.2,124.7,124.38,126.09,-0.43,-0.33,33.7,24.92,31.85,23.9,27.63,27.11,-112.88,-102.46,-7.06,-11.44,-7.28,-18.19,-17.89,-95.18,-96.71,8.18,10.88,2.79,4.82,6.02,2.43,36.27,147.84,120.78,20.15,0.16,158.62,124.98,23.72,0.0,4.08,4.24,4.29,3.48,6.77,8.32,141.63,124.67,149.97,124.17,137.07,-780331800,86986340.0,81697290.0,84383680.0,0.96,13.23,1427483900.5,146.06,-0.19,34.42,6.0,37.11,16.0,92.0,-76.0,126.7,128.32,130.28,124.74,123.12,130.9,-1.34,-1.06,3.01,125.85,126.26,125.64,-66975788.37
2023-01-06,AAPL,126.01,130.29,124.89,129.62,87754700,-4.58,-4.28,-0.3,-4.58,-4.28,-0.3,127.77,127.74,128.5,129.2,129.96,131.09,132.81,134.54,135.52,136.59,137.54,138.38,139.13,140.45,144.15,148.25,127.2,128.58,130.46,133.74,137.8,141.35,141.83,147.29,150.85,127.74,130.51,133.62,125.87,126.76,128.84,126.35,124.85,125.99,-0.44,-0.35,61.2,44.11,45.19,39.49,36.49,32.88,-50.02,-68.41,-2.08,-12.44,-5.83,-6.88,-11.32,-59.57,-78.88,66.06,30.52,137.14,40.43,18.33,84.63,43.95,147.05,120.44,19.9,0.35,158.23,124.46,23.89,0.15,4.41,4.11,4.29,2.72,6.65,8.17,141.04,124.58,149.97,124.17,137.07,-692577100,89396540.0,81879960.0,85285360.0,1.03,20.49,1493462434.2,146.03,-0.14,36.46,10.56,29.35,12.0,88.0,-76.0,125.85,126.94,128.86,123.93,122.84,124.17,4.6,3.68,5.4,128.27,127.59,128.61,65978533.7
2023-01-09,AAPL,130.47,133.41,129.89,130.15,70790800,-4.23,-4.27,0.04,-4.23,-4.27,0.04,128.96,128.54,128.86,129.37,129.99,130.97,132.56,134.22,135.17,136.24,137.18,138.02,138.78,140.11,143.87,148.07,127.24,128.37,130.04,133.12,137.11,140.96,141.69,146.86,150.65,128.02,130.16,133.13,126.79,126.85,128.6,127.8,125.44,126.03,-0.45,-0.37,52.09,46.17,46.3,43.03,38.7,33.83,38.36,-29.44,-1.63,-12.24,-2.08,-4.36,-12.5,-52.69,-76.82,64.72,46.32,101.52,47.31,30.85,80.22,45.72,145.83,120.41,19.09,0.38,157.98,123.95,24.14,0.18,4.21,4.1,4.31,2.48,6.35,7.88,140.77,124.35,149.97,124.17,137.07,-621786300,88147860.0,81173830.0,85718485.0,0.83,28.54,1433129366.02,146.01,-0.18,36.99,16.01,25.41,8.0,84.0,-76.0,128.27,131.64,133.67,126.24,122.87,124.29,0.53,0.41,3.79,131.15,131.65,130.9,-60333068.18
2023-01-10,AAPL,130.26,131.26,128.12,130.73,63896200,-3.86,-4.19,0.33,-3.86,-4.19,0.33,129.85,129.27,129.28,129.62,130.1,130.94,132.38,133.96,134.89,135.93,136.86,137.7,138.46,139.8,143.61,147.9,128.38,128.26,129.78,132.55,136.53,140.68,141.49,146.43,150.43,128.45,129.94,132.71,127.71,127.06,128.47,129.08,126.13,126.21,-0.45,-0.39,53.03,51.66,41.09,47.24,37.22,35.28,12.38,-39.82,-3.48,-11.56,-1.13,-1.64,-11.43,-48.1,-74.57,71.0,67.26,78.47,51.9,46.55,62.6,46.23,144.55,120.54,18.11,0.42,157.9,123.46,24.48,0.21,4.03,4.05,4.34,2.32,6.0,7.68,140.49,124.28,149.97,124.17,137.07,-557890100,78503600.0,81181960.0,85108445.0,0.75,28.99,1475455511.24,145.99,-0.14,37.48,16.22,24.61,4.0,80.0,-76.0,131.15,132.41,134.67,128.89,127.63,124.66,0.58,0.45,3.14,130.04,129.69,130.21,42326145.22
2023-01-11,AAPL,131.25,133.51,130.46,133.49,69458900,-3.3,-4.01,0.71,-3.3,-4.01,0.71,131.67,130.68,130.21,130.32,130.62,131.26,132.49,133.92,134.8,135.79,136.7,137.52,138.27,139.6,143.41,147.75,129.8,128.6,129.86,132.0,136.17,140.24,141.4,146.02,150.22,129.4,130.03,132.52,129.33,127.77,128.71,131.21,127.48,126.9,-0.43,-0.4,87.93,68.77,52.42,51.84,41.13,41.12,89.81,4.62,0.95,-8.96,3.46,1.19,-11.0,-26.27,-63.88,99.79,78.5,142.36,73.73,57.65,105.91,46.93,142.63,121.37,16.11,0.57,157.02,123.46,23.93,0.3,4.1,4.03,4.26,2.82,5.31,7.56,140.55,124.43,149.97,124.17,137.07,-488431200,74572660.0,81227070.0,85058255.0,0.82,35.6,1544003474.85,145.97,-0.14,35.56,20.3,22.21,0.0,76.0,-76.0,130.04,131.95,133.18,128.81,126.9,125.01,2.76,2.11,3.05,132.49,131.99,132.74,68547963.61
2023-01-12,AAPL,133.88,134.26,131.44,133.41,71379600,-2.83,-3.78,0.94,-2.83,-3.78,0.94,132.54,131.59,130.92,130.89,131.05,131.53,132.58,133.89,134.71,135.66,136.54,137.34,138.08,139.39,143.21,147.61,131.48,129.34,129.93,131.39,135.91,139.84,141.25,145.64,150.01,130.28,130.16,132.34,130.53,128.39,128.93,132.6,128.6,127.53,-0.41,-0.4,85.64,61.61,53.01,46.52,38.12,42.64,120.35,32.27,1.18,-6.65,7.37,-2.04,-12.06,-11.07,-64.19,91.58,87.45,99.82,88.93,71.52,123.75,53.43,139.98,122.81,13.06,0.62,156.29,123.39,23.53,0.3,3.54,3.91,4.23,3.03,4.29,7.52,140.39,124.76,146.66,124.17,135.42,-559810800,72656040.0,79821190.0,83932925.0,0.85,34.64,1572352819.53,145.95,-0.09,35.47,15.79,22.9,20.0,72.0,-52.0,132.49,134.51,135.54,131.46,129.44,125.52,-0.08,-0.06,2.82,133.04,132.85,133.13,28349344.68
2023-01-13,AAPL,132.03,134.92,131.66,134.76,57809700,-2.33,-3.49,1.16,-2.33,-3.49,1.16,133.65,132.65,131.78,131.59,131.62,131.93,132.78,133.95,134.71,135.61,136.45,137.23,137.95,139.24,143.04,147.48,132.51,129.85,129.89,130.97,135.47,139.52,141.1,145.31,149.79,131.26,130.48,132.27,131.88,129.18,129.31,134.09,129.9,128.35,-0.39,-0.4,99.19,63.89,59.36,54.61,38.61,42.24,135.51,70.64,3.64,-4.38,5.15,2.53,-8.45,-1.49,-52.91,98.51,96.62,102.29,98.51,87.06,121.42,59.32,137.75,124.2,10.35,0.78,155.73,123.31,23.24,0.35,3.5,3.77,4.11,3.49,3.39,7.16,140.33,125.24,141.8,124.17,132.99,-502001100,66667040.0,78031790.0,82708850.0,0.7,40.85,1624487947.75,145.93,-0.05,34.11,17.6,19.08,16.0,68.0,-52.0,133.04,134.63,135.86,131.81,130.22,126.22,1.35,1.01,3.26,133.78,133.29,134.02,52135128.22
2023-01-17,AAPL,134.83,137.29,134.13,135.94,63646600,-1.81,-3.15,1.34,-1.81,-3.15,1.34,134.79,133.74,132.7,132.38,132.29,132.43,133.08,134.1,134.79,135.63,136.43,137.17,137.87,139.13,142.9,147.37,133.67,130.45,130.13,130.94,135.05,139.34,140.97,145.0,149.58,132.37,130.95,132.3,133.26,130.1,129.81,135.56,131.31,129.31,-0.36,-0.39,98.77,89.64,72.04,57.21,42.09,43.96,165.02,130.83,7.85,-4.7,6.01,4.08,-0.56,-10.29,-33.24,89.23,93.1,81.47,89.71,92.38,84.36,62.59,137.63,124.26,10.21,0.87,155.5,123.18,23.2,0.39,3.52,3.8,4.0,3.98,3.34,6.74,140.69,125.48,137.65,124.17,130.91,-438354500,65238200.0,76693030.0,80944585.0,0.79,46.98,1633752959.14,145.92,0.01,32.39,21.93,17.7,12.0,64.0,-52.0,133.78,135.9,137.04,132.64,130.52,127.09,1.18,0.88,3.16,135.79,135.71,135.82,9265011.39
2023-01-18,AAPL,136.82,138.61,135.03,135.21,69672800,-1.44,-2.81,1.37,-1.44,-2.81,1.37,135.0,134.23,133.26,132.89,132.74,132.78,133.29,134.18,134.82,135.61,136.37,137.09,137.77,139.01,142.75,147.25,134.56,131.47,130.36,130.98,134.64,139.27,140.84,144.67,149.39,133.24,131.36,132.31,134.04,130.77,130.19,136.13,132.29,130.04,-0.33,-0.38,87.87,83.65,64.27,59.53,48.39,40.7,137.08,140.37,4.32,-4.89,10.14,5.18,0.7,-23.55,-23.55,75.45,87.73,50.89,76.45,88.23,52.91,53.75,137.75,124.21,10.34,0.81,155.47,123.06,23.27,0.37,3.26,3.83,3.83,3.74,3.38,6.3,140.95,125.62,138.61,124.17,131.39,-508027300,66393520.0,72448560.0,76420380.0,0.91,53.6,1571086362.49,145.91,0.03,31.83,24.21,15.84,8.0,60.0,-52.0,135.79,137.44,138.95,134.28,132.63,128.31,-0.73,-0.54,3.58,136.28,136.82,136.01,-62666596.65
2023-01-19,AAPL,134.08,136.25,133.77,135.27,58280400,-1.13,-2.47,1.34,-1.13,-2.47,1.34,135.14,134.58,133.71,133.33,133.13,133.09,133.48,134.26,134.85,135.59,136.31,137.01,137.67,138.88,142.6,147.13,134.92,132.36,130.71,131.12,134.26,139.2,140.64,144.33,149.19,133.93,131.77,132.35,134.62,131.37,130.54,136.45,133.11,130.71,-0.29,-0.36,86.85,93.18,63.79,69.85,51.0,39.59,92.44,102.23,4.11,-6.38,8.91,9.23,2.9,-23.13,-23.13,75.66,80.11,66.75,76.87,81.01,68.59,59.97,138.14,124.11,10.7,0.8,155.45,122.96,23.34,0.38,3.07,3.64,3.76,3.44,3.51,5.88,140.76,126.19,138.61,124.17,131.39,-449746900,64157820.0,69365240.0,75354770.0,0.77,54.78,1583306446.37,145.89,0.06,31.81,25.49,13.56,4.0,56.0,-52.0,136.28,137.54,139.86,133.96,132.7,129.75,0.06,0.04,2.48,135.1,135.01,135.14,12220083.87
2023-01-20,AAPL,135.28,138.02,134.22,137.87,80223600,-0.67,-2.11,1.44,-0.67,-2.11,1.44,136.5,135.68,134.63,134.15,133.86,133.69,133.89,134.53,135.04,135.72,136.39,137.05,137.68,138.85,142.51,147.04,135.81,133.64,131.5,131.4,134.09,139.18,140.44,144.07,148.99,134.93,132.41,132.58,135.88,132.37,131.2,137.74,134.47,131.78,-0.25,-0.34,86.5,91.79,87.43,68.54,57.15,44.59,107.09,125.42,10.23,-5.22,12.85,8.26,5.57,-5.12,-5.12,92.95,81.35,116.14,94.88,82.73,119.16,61.95,139.03,123.78,11.61,0.92,155.43,122.94,23.34,0.46,3.16,3.59,3.76,2.72,3.81,5.69,141.08,126.7,138.61,124.17,131.39,-369523300,65926620.0,69291330.0,75494310.0,1.06,55.17,1657196604.26,145.88,0.09,32.15,29.33,13.73,0.0,52.0,-52.0,135.1,136.42,137.58,133.94,132.62,130.99,2.6,1.92,3.8,136.7,136.12,137.0,73890157.89
2023-01-23,AAPL,138.12,143.32,137.9,141.11,81760300,-0.04,-1.7,1.66,-0.04,-1.7,1.66,138.81,137.49,136.07,135.42,134.97,134.62,134.58,135.02,135.43,136.01,136.62,137.22,137.81,138.92,142.48,146.98,137.08,134.79,132.26,131.69,134.09,139.22,140.26,143.87,148.82,136.29,133.34,133.03,137.87,133.82,132.2,139.98,136.42,133.33,-0.21,-0.31,92.03,93.56,88.71,72.18,60.58,55.03,155.84,192.39,11.67,-1.47,11.49,11.18,5.66,-11.54,-11.54,85.46,84.69,87.01,88.46,86.73,91.91,58.31,140.3,123.07,13.08,1.05,155.47,122.96,23.35,0.56,3.51,3.8,3.86,3.21,4.31,5.7,142.19,126.97,143.32,124.17,133.74,-287763000,70716740.0,68691890.0,75285925.0,1.09,62.81,1672281530.46,145.87,0.08,32.83,37.66,12.41,0.0,48.0,-48.0,136.7,139.19,140.5,135.39,132.9,132.06,3.24,2.35,5.45,140.78,140.61,140.86,15084926.2
2023-01-24,AAPL,140.31,143.16,140.3,142.53,66435100,0.56,-1.25,1.81,0.56,-1.25,1.81,140.67,139.17,137.51,136.71,136.13,135.61,135.34,135.57,135.89,136.38,136.91,137.45,138.0,139.04,142.48,146.93,138.4,136.03,133.1,132.2,134.09,139.37,140.14,143.7,148.67,137.69,134.37,133.58,139.77,135.33,133.3,142.0,138.37,134.94,-0.16,-0.28,92.09,93.96,95.77,90.12,58.87,58.86,151.24,178.15,14.01,4.42,12.38,17.46,10.3,-4.26,-4.13,93.86,90.75,100.06,95.74,93.03,101.18,60.72,142.09,122.31,14.96,1.02,155.6,123.14,23.29,0.6,3.51,3.53,3.78,3.59,4.94,5.69,142.39,128.28,143.32,124.17,133.74,-221327900,71274440.0,68256320.0,74715075.0,0.89,72.04,1709448019.97,145.87,0.11,34.6,40.62,6.78,96.0,44.0,52.0,140.78,143.65,146.2,138.23,135.36,133.86,1.42,1.01,2.86,142.0,141.73,142.13,37166489.51
2023-01-25,AAPL,140.89,142.43,138.81,141.86,65799300,0.98,-0.8,1.78,0.98,-0.8,1.78,141.26,140.07,138.47,137.65,137.02,136.39,135.96,136.04,136.28,136.68,137.15,137.64,138.15,139.13,142.47,146.88,139.73,137.15,134.22,132.7,134.08,139.27,140.09,143.55,148.52,138.75,135.29,134.08,140.92,136.52,134.21,142.91,139.77,136.24,-0.11,-0.25,83.94,86.94,90.26,86.66,62.88,60.83,115.8,136.66,9.44,5.46,11.13,15.5,10.0,-7.87,-7.62,87.71,89.01,85.11,92.13,92.11,92.18,61.27,143.49,121.91,16.26,0.92,155.37,123.16,23.13,0.58,3.58,3.54,3.71,3.48,5.39,5.68,143.03,128.89,143.32,124.17,133.74,-287127200,70499740.0,68446630.0,74814295.0,0.88,73.13,1754525993.45,145.86,0.12,33.62,40.51,9.77,92.0,40.0,52.0,142.0,143.69,144.86,140.83,139.14,135.37,-0.67,-0.47,3.72,141.03,140.62,141.24,45077973.48
2023-01-26,AAPL,143.17,144.25,141.9,143.96,54105100,1.46,-0.35,1.81,1.46,-0.35,1.81,142.61,141.36,139.69,138.79,138.08,137.33,136.72,136.62,136.77,137.09,137.48,137.92,138.38,139.29,142.5,146.85,141.47,138.19,135.4,133.4,134.06,139.15,139.9,143.41,148.39,139.99,136.36,134.72,142.41,137.92,135.3,144.32,141.44,137.76,-0.06,-0.21,93.36,89.51,91.17,93.24,65.47,62.72,137.41,148.09,10.61,8.76,10.47,18.94,13.93,-1.5,-1.44,97.7,93.09,106.91,98.5,95.46,104.59,64.6,145.21,121.59,17.71,0.95,155.04,123.27,22.83,0.65,3.47,3.49,3.69,3.82,5.91,5.64,143.71,129.74,144.25,124.17,134.21,-233022100,69664680.0,66911250.0,74069160.0,0.73,80.45,1795277494.3,145.86,0.15,33.16,44.74,9.24,100.0,36.0,64.0,141.03,143.26,144.65,139.64,137.41,136.65,2.1,1.48,2.39,143.37,143.07,143.52,40751500.85
2023-01-27,AAPL,143.16,147.23,143.08,145.93,70555800,1.98,0.12,1.86,1.98,0.12,1.86,144.27,142.89,141.08,140.09,139.29,138.41,137.6,137.31,137.36,137.58,137.89,138.27,138.67,139.51,142.57,146.84,143.08,139.44,136.79,134.39,134.08,139.11,139.77,143.31,148.29,141.4,137.56,135.48,144.11,139.47,136.54,146.01,143.27,139.45,-0.01,-0.17,94.42,89.98,91.85,92.32,70.26,61.73,141.65,152.8,11.63,10.3,12.52,16.31,19.89,-6.8,-5.64,90.34,91.92,87.19,93.2,94.61,90.37,69.8,146.92,121.86,18.65,0.96,154.89,123.32,22.69,0.72,3.55,3.4,3.74,4.12,6.27,5.68,144.41,130.79,147.23,124.17,135.7,-162466300,67731120.0,66828870.0,73325030.0,0.96,80.3,1821629660.57,145.86,0.22,34.54,46.88,9.49,100.0,32.0,68.0,143.37,144.84,145.72,142.49,141.02,138.01,1.97,1.37,4.15,145.41,145.16,145.54,26352166.27
2023-01-30,AAPL,144.96,145.55,142.85,143.0,64015300,2.13,0.52,1.61,2.13,0.52,1.61,143.64,142.92,141.51,140.62,139.86,138.98,138.11,137.74,137.73,137.88,138.14,138.47,138.84,139.63,142.57,146.8,143.46,140.27,137.68,135.06,134.07,138.97,139.65,143.19,148.17,142.04,138.38,136.06,144.34,140.27,137.3,145.65,143.97,140.39,0.03,-0.13,70.8,72.46,75.94,79.65,72.21,62.14,94.72,115.46,7.12,5.57,8.24,12.85,13.39,-22.14,-18.34,68.57,85.54,34.65,77.86,89.85,53.89,65.8,147.94,122.18,19.07,0.81,154.48,123.46,22.32,0.63,3.64,3.35,3.64,3.9,6.44,5.67,144.82,131.41,147.23,124.17,135.7,-226481600,64182120.0,67449430.0,72740610.0,0.88,73.16,1764727171.68,145.85,0.16,37.23,40.95,10.12,96.0,28.0,68.0,145.41,147.75,149.56,143.6,141.26,139.86,-2.93,-2.01,3.08,143.8,144.2,143.6,-56902488.89
2023-01-31,AAPL,142.7,144.34,142.28,144.29,65874500,2.32,0.88,1.44,2.32,0.88,1.44,143.96,143.38,142.12,141.29,140.54,139.65,138.7,138.22,138.15,138.23,138.44,138.73,139.05,139.78,142.61,146.78,143.81,141.1,138.62,135.78,134.33,138.88,139.63,143.08,148.04,142.78,139.25,136.72,144.88,141.19,138.15,145.84,144.83,141.43,0.08,-0.09,65.32,77.89,77.84,80.29,70.45,63.72,79.4,101.45,8.16,9.12,8.35,13.56,14.36,-17.53,-12.75,78.16,79.02,76.42,82.47,84.51,78.39,65.04,149.05,122.51,19.55,0.82,154.2,123.55,22.08,0.68,3.39,3.28,3.53,3.76,6.64,5.95,145.25,132.15,147.23,124.17,135.7,-160607100,64070000.0,67672220.0,72182625.0,0.91,72.51,1827403880.42,145.85,0.16,40.68,41.91,7.74,92.0,24.0,68.0,143.8,144.75,146.5,142.05,141.1,141.33,1.29,0.9,2.06,143.64,143.31,143.8,62676708.74
2023-02-01,AAPL,143.97,146.61,141.32,145.43,77663600,2.54,1.21,1.33,2.54,1.21,1.33,144.7,144.06,142.86,142.04,141.29,140.37,139.34,138.75,138.62,138.63,138.78,139.02,139.3,139.96,142.66,146.77,144.52,142.12,139.6,136.8,134.69,138.77,139.74,142.99,147.94,143.56,140.17,137.43,145.6,142.17,139.05,146.35,145.78,142.54,0.12,-0.05,64.36,79.26,77.6,78.76,71.11,67.26,82.2,100.57,7.92,10.29,10.22,11.94,20.36,-11.4,-7.81,86.16,77.63,103.23,88.6,82.98,99.85,67.24,149.73,123.86,18.91,0.83,153.84,123.7,21.71,0.72,3.36,3.44,3.66,3.34,6.47,6.29,146.21,132.47,147.23,124.76,136.0,-82943500,66442860.0,68471300.0,70459930.0,1.1,72.93,1870419825.22,145.85,0.25,45.27,40.0,7.38,88.0,20.0,68.0,143.64,144.99,145.7,142.93,141.58,147.23,1.14,0.79,5.29,144.45,143.96,144.7,43015944.8
2023-02-02,AAPL,148.9,151.18,148.17,150.82,118339000,3.11,1.59,1.52,3.11,1.59,1.52,147.76,146.32,144.63,143.64,142.76,141.68,140.44,139.65,139.41,139.31,139.37,139.53,139.76,140.32,142.83,146.81,145.89,143.68,140.76,138.02,135.31,138.76,139.95,142.92,147.87,145.14,141.51,138.47,147.85,143.99,140.55,149.01,147.9,144.47,0.16,-0.01,80.23,82.13,81.61,83.39,84.56,76.93,159.98,148.54,10.95,15.99,15.55,17.41,24.46,-1.84,-1.36,97.29,87.2,117.46,98.16,89.74,114.98,70.72,151.41,124.63,19.41,0.98,153.79,123.73,21.67,0.9,3.78,3.64,3.61,3.42,6.7,6.92,147.73,133.15,151.18,124.76,137.97,35395500,79289640.0,74477160.0,71921200.0,1.65,74.52,1960451821.89,145.86,0.32,49.2,45.19,6.96,100.0,16.0,84.0,144.45,147.59,149.74,142.3,139.16,141.32,5.39,3.71,5.75,150.06,149.68,150.25,90031996.68
2023-02-03,AAPL,148.03,157.38,147.83,154.5,154357300,3.82,2.04,1.78,3.82,2.04,1.78,151.13,149.04,146.82,145.61,144.57,143.28,141.77,140.75,140.38,140.16,140.11,140.18,140.33,140.78,143.06,146.88,147.61,145.34,142.17,139.49,136.05,138.89,140.21,142.83,147.8,147.11,143.08,139.71,150.68,146.2,142.36,152.32,150.53,146.81,0.21,0.04,82.13,82.52,86.41,84.75,85.49,76.99,182.0,164.62,14.27,22.58,16.63,19.74,29.48,-12.2,-8.83,84.49,89.31,74.84,87.8,91.52,80.37,69.34,153.35,125.64,19.86,1.04,154.36,123.42,22.27,1.0,4.61,4.09,3.89,4.23,6.93,7.73,149.96,133.59,157.38,124.89,141.14,189752800,96049940.0,81890530.0,75590930.0,2.04,77.11,2021709849.85,145.88,0.39,54.47,49.9,6.19,100.0,12.0,88.0,150.06,151.94,153.07,148.93,147.05,141.32,3.68,2.44,9.55,153.24,152.61,153.55,61258027.96
2023-02-06,AAPL,152.57,153.1,150.78,151.73,69858300,4.11,2.45,1.66,4.11,2.45,1.66,151.43,149.94,147.91,146.72,145.67,144.33,142.72,141.56,141.11,140.8,140.68,140.68,140.78,141.14,143.23,146.93,149.35,146.4,143.3,140.6,136.59,138.92,140.41,142.81,147.72,148.27,144.24,140.72,151.78,147.58,143.65,153.11,151.9,148.34,0.26,0.08,66.86,70.97,78.18,76.33,82.52,72.45,138.04,135.44,12.17,17.07,10.62,15.79,22.11,-23.93,-17.39,69.57,83.78,41.15,76.07,87.34,53.52,64.9,154.66,126.54,20.0,0.9,154.49,123.36,22.41,0.91,4.8,4.13,3.93,4.38,7.03,8.24,150.99,134.45,157.38,128.12,142.75,119894500,97218540.0,80700330.0,74696110.0,0.94,70.7,2009063088.65,145.89,0.35,59.15,45.32,6.13,96.0,8.0,88.0,153.24,158.64,162.79,149.09,143.69,141.96,-2.77,-1.79,3.72,151.87,151.94,151.83,-12646761.21
2023-02-07,AAPL,150.64,155.23,150.64,154.65,83322600,4.52,2.86,1.65,4.52,2.86,1.65,153.04,151.51,149.41,148.17,147.05,145.62,143.86,142.53,141.99,141.57,141.36,141.29,141.33,141.59,143.46,147.01,151.43,147.62,144.54,141.82,137.34,138.99,140.74,142.8,147.67,149.77,145.58,141.89,153.48,149.28,145.18,154.79,153.7,150.17,0.3,0.12,83.89,76.44,78.42,80.21,81.77,81.72,133.98,139.71,12.17,19.03,12.12,19.44,24.5,-11.56,-9.33,83.0,79.02,90.96,88.44,84.1,97.11,68.13,156.31,127.33,20.43,0.94,154.82,123.17,22.77,0.99,4.86,4.21,3.89,4.84,7.25,8.83,152.27,135.45,157.38,128.12,142.75,203217100,100708160.0,82389080.0,75322700.0,1.11,71.3,2071328125.25,145.9,0.42,63.14,45.92,6.03,92.0,4.0,88.0,151.87,152.96,154.19,150.64,149.55,142.58,2.92,1.92,4.59,153.51,152.94,153.79,62265036.6
2023-02-08,AAPL,153.88,154.58,151.17,151.92,64120100,4.57,3.21,1.37,4.57,3.21,1.37,152.48,151.65,149.97,148.85,147.8,146.41,144.63,143.23,142.63,142.14,141.87,141.75,141.74,141.92,143.62,147.06,152.72,148.62,145.66,142.88,138.01,139.07,140.83,142.8,147.62,150.55,146.54,142.83,153.75,150.23,146.21,154.49,154.38,151.25,0.34,0.17,70.48,66.04,68.63,73.89,76.17,76.59,97.9,117.33,7.66,21.47,10.06,16.65,21.19,-23.58,-18.66,66.0,72.86,52.29,76.42,80.31,68.65,68.18,157.05,128.71,19.83,0.82,155.11,123.03,23.06,0.9,4.92,4.28,3.88,4.54,7.08,9.15,153.18,136.07,157.38,130.46,143.92,139097000,97999460.0,82221160.0,75333895.0,0.85,70.47,2035413347.83,145.91,0.37,66.99,45.15,3.82,88.0,0.0,88.0,153.51,156.37,158.1,151.78,148.92,143.17,-2.73,-1.77,3.48,152.56,152.88,152.4,-35914777.42
2023-02-09,AAPL,153.78,154.33,150.42,150.87,56007100,4.48,3.46,1.02,4.48,3.46,1.02,151.67,151.39,150.17,149.22,148.27,146.97,145.22,143.79,143.16,142.63,142.31,142.15,142.1,142.22,143.77,147.1,152.73,149.31,146.7,143.75,138.7,139.2,140.85,142.8,147.56,150.96,147.3,143.66,153.53,150.83,147.01,153.65,154.59,151.98,0.37,0.21,64.67,60.33,64.56,69.52,73.94,77.06,73.15,100.23,5.85,19.4,6.91,13.0,17.38,-33.42,-24.18,59.46,69.49,39.41,66.58,77.15,45.45,61.79,157.63,129.88,19.3,0.76,155.52,122.88,23.45,0.86,5.18,4.29,3.91,4.27,6.94,9.31,153.79,136.65,157.38,131.44,144.41,83089900,85533080.0,82411360.0,74661305.0,0.75,64.74,1992297907.67,145.92,0.3,70.01,42.12,5.07,84.0,4.0,80.0,152.56,153.94,155.97,150.53,149.15,143.74,-1.05,-0.69,3.91,151.87,152.38,151.62,-43115440.15
2023-02-10,AAPL,149.46,151.34,149.22,151.01,57450700,4.37,3.64,0.72,4.37,3.64,0.72,151.34,151.26,150.36,149.54,148.69,147.47,145.77,144.33,143.67,143.09,142.74,142.53,142.45,142.51,143.91,147.13,152.04,149.82,147.57,144.63,139.54,139.4,140.89,142.77,147.53,151.27,148.0,144.45,153.34,151.34,147.74,153.01,154.72,152.6,0.39,0.25,50.71,68.97,66.28,66.39,72.21,74.69,44.5,75.72,6.45,20.79,5.08,9.9,17.6,-34.3,-24.56,60.34,61.93,57.14,65.7,69.57,57.96,61.42,157.97,131.3,18.44,0.74,156.05,122.75,23.89,0.85,4.73,4.05,3.87,4.13,6.67,9.26,153.87,137.68,157.38,131.66,144.52,140540600,66151760.0,81100850.0,73964860.0,0.78,58.64,2031863012.39,145.92,0.31,71.05,35.24,7.48,80.0,0.0,80.0,151.87,153.33,155.78,149.42,147.96,144.29,0.14,0.09,2.12,150.52,150.28,150.64,39565104.72
2023-02-13,AAPL,150.95,154.26,150.92,153.85,62199000,4.45,3.8,0.65,4.45,3.8,0.65,152.6,152.12,151.13,150.33,149.49,148.27,146.54,145.03,144.32,143.69,143.28,143.03,142.9,142.88,144.11,147.2,152.46,150.91,148.42,145.59,140.34,139.52,140.96,142.74,147.51,152.0,148.87,145.38,154.07,152.28,148.75,153.76,155.48,153.62,0.41,0.28,47.39,71.09,67.14,67.9,74.22,75.98,73.31,94.41,6.87,18.69,10.85,11.32,19.09,-19.01,-13.72,78.02,65.94,102.18,80.99,71.09,100.79,60.29,158.67,132.5,17.98,0.82,156.49,122.54,24.33,0.92,4.39,4.08,3.89,3.51,6.54,9.42,154.71,138.38,157.38,133.77,145.57,202739600,64619900.0,80919220.0,74184325.0,0.84,58.67,2078791599.22,145.93,0.31,70.86,40.05,7.42,76.0,0.0,76.0,150.52,151.83,152.64,149.71,148.4,144.81,2.84,1.88,3.34,153.01,152.59,153.22,46928586.83
2023-02-14,AAPL,152.12,153.77,150.86,153.2,61707600,4.42,3.93,0.49,4.42,3.93,0.49,152.9,152.48,151.59,150.85,150.06,148.89,147.18,145.64,144.9,144.22,143.76,143.47,143.3,143.22,144.29,147.26,152.17,151.8,149.13,146.45,141.12,139.61,141.03,142.73,147.46,152.42,149.6,146.21,154.34,152.94,149.57,153.88,155.86,154.36,0.43,0.31,57.12,67.52,63.2,67.94,72.22,74.59,60.41,79.85,4.98,17.71,8.91,11.34,17.26,-26.03,-17.7,56.23,64.86,38.97,73.97,73.55,74.81,58.99,159.13,133.77,17.31,0.77,156.85,122.38,24.69,0.89,3.45,4.03,3.88,2.68,6.34,9.49,155.24,139.12,157.38,133.77,145.57,141032000,60296900.0,80502530.0,74087375.0,0.83,58.62,2116325087.88,145.94,0.33,72.08,40.57,4.98,72.0,4.0,68.0,153.01,155.1,156.35,151.76,149.67,145.31,-0.65,-0.42,2.99,152.61,152.32,152.76,37533488.66
2023-02-15,AAPL,153.11,155.5,152.88,155.33,65573800,4.51,4.04,0.47,4.51,4.04,0.47,154.11,153.43,152.42,151.66,150.87,149.69,147.95,146.36,145.57,144.84,144.33,143.98,143.77,143.61,144.51,147.34,152.85,152.79,150.03,147.46,142.13,139.76,141.11,142.76,147.45,153.06,150.44,147.12,155.19,153.87,150.57,154.84,156.65,155.36,0.44,0.33,53.56,61.92,73.06,67.97,72.84,74.23,90.95,93.8,8.62,18.82,9.9,11.37,20.12,-12.76,-8.68,78.53,70.93,93.75,87.24,80.73,100.24,64.63,159.56,135.35,16.42,0.83,157.42,122.11,25.26,0.94,3.29,4.05,3.85,1.72,6.05,9.33,156.05,139.86,157.38,133.77,145.57,206605800,60587640.0,79293550.0,73882425.0,0.89,59.23,2173389310.78,145.95,0.41,72.96,40.25,4.96,68.0,0.0,68.0,152.61,154.36,155.52,151.45,149.7,145.79,2.13,1.39,2.62,154.57,154.19,154.76,57064222.9
2023-02-16,AAPL,153.51,156.33,153.35,153.71,68167900,4.41,4.12,0.29,4.41,4.12,0.29,153.91,153.52,152.71,152.04,151.31,150.19,148.5,146.9,146.09,145.33,144.78,144.41,144.16,143.94,144.69,147.4,153.42,153.08,150.68,148.38,143.04,139.91,141.15,142.79,147.43,153.23,151.04,147.87,155.22,154.35,151.27,154.66,156.81,155.91,0.45,0.36,60.62,47.66,67.41,62.44,71.34,71.78,82.42,85.56,6.53,15.15,2.89,7.78,18.44,-22.85,-15.54,63.15,65.97,57.51,77.15,79.45,72.54,56.37,159.33,137.43,14.76,0.74,157.89,121.92,25.72,0.88,3.06,3.96,3.83,1.59,5.47,9.07,156.43,140.58,157.38,134.22,145.8,138437900,63019800.0,74276440.0,74376800.0,0.92,52.76,2121691507.42,145.96,0.36,73.65,37.22,5.06,64.0,0.0,64.0,154.57,156.26,157.19,153.64,151.95,146.26,-1.62,-1.04,2.98,154.46,154.84,154.28,-51697803.36
2023-02-17,AAPL,152.35,153.0,150.85,152.55,59144100,4.18,4.13,0.05,4.18,4.13,0.05,153.23,153.2,152.67,152.13,151.5,150.49,148.89,147.32,146.51,145.73,145.16,144.76,144.49,144.23,144.84,147.46,153.73,152.88,151.12,149.11,143.96,140.1,141.22,142.81,147.39,153.13,151.44,148.48,154.81,154.53,151.74,153.94,156.56,156.13,0.45,0.38,59.84,52.69,63.15,66.18,69.44,69.17,22.8,49.68,4.9,14.35,-1.95,9.55,14.68,-30.07,-20.85,46.84,62.84,14.83,69.93,78.1,53.57,60.98,159.01,139.21,13.28,0.67,158.42,121.77,26.16,0.84,2.97,3.95,3.84,1.52,4.95,8.56,156.78,140.99,157.38,137.9,147.64,79293800,63358480.0,64755120.0,73322825.0,0.81,52.83,2156077612.07,145.97,0.34,73.66,37.37,9.19,60.0,0.0,60.0,154.46,155.58,157.44,152.6,151.48,146.7,-1.16,-0.75,2.86,152.13,151.93,152.24,34386104.65
2023-02-21,AAPL,150.2,151.3,148.41,148.48,58867200,3.63,4.03,-0.4,3.63,4.03,-0.4,150.86,151.63,151.74,151.47,151.03,150.24,148.85,147.41,146.64,145.88,145.32,144.92,144.65,144.37,144.92,147.47,152.65,152.56,151.49,149.48,144.59,140.25,141.19,142.78,147.31,152.33,151.38,148.78,153.12,153.92,151.65,151.56,155.24,155.55,0.44,0.39,39.86,31.18,45.46,56.49,61.56,62.72,-87.21,3.64,-1.55,10.18,-3.25,4.19,7.37,-55.42,-45.69,0.88,36.96,-71.26,44.58,63.89,5.98,57.5,158.65,140.31,12.27,0.45,158.73,121.77,26.35,0.72,3.01,4.1,3.86,2.05,4.58,8.16,157.04,140.66,157.38,138.81,148.1,20426600,62692120.0,63656010.0,72178170.0,0.82,53.05,2100062110.34,145.97,0.3,72.29,36.01,12.12,56.0,0.0,56.0,152.13,153.42,154.28,151.27,149.98,147.13,-4.07,-2.67,4.14,149.4,149.86,149.17,-56015501.73
2023-02-22,AAPL,148.87,149.95,147.16,148.91,51011300,3.19,3.86,-0.67,3.19,3.86,-0.67,149.88,150.72,151.11,151.0,150.71,150.07,148.85,147.52,146.78,146.05,145.5,145.1,144.81,144.52,144.99,147.48,151.8,151.98,151.8,149.8,145.21,140.37,141.16,142.77,147.27,151.67,151.32,149.06,151.97,153.45,151.61,150.14,154.21,155.09,0.43,0.4,25.45,39.32,37.58,55.51,59.05,63.98,-159.84,-15.35,-3.62,9.54,-5.74,3.48,6.38,-82.88,-45.61,19.08,22.27,12.72,17.12,43.88,-36.38,55.81,158.37,141.23,11.45,0.45,159.0,121.75,26.54,0.73,3.1,3.92,3.73,2.2,4.29,7.72,156.69,141.02,157.38,138.81,148.1,71437900,60552860.0,60424880.0,71406980.0,0.71,47.12,2113043480.59,145.98,0.28,70.11,33.52,14.95,52.0,8.0,44.0,149.4,150.38,152.29,147.49,146.51,157.38,0.43,0.29,2.79,148.67,148.56,148.73,12981370.25
2023-02-23,AAPL,150.09,150.34,147.24,149.4,48394200,2.85,3.66,-0.81,2.85,3.66,-0.81,149.64,150.28,150.73,150.71,150.51,149.99,148.91,147.66,146.95,146.24,145.69,145.28,144.99,144.68,145.08,147.5,150.61,151.73,152.06,150.18,145.83,140.52,141.18,142.84,147.23,151.2,151.28,149.33,151.27,153.11,151.62,149.43,153.45,154.73,0.41,0.4,30.81,44.57,44.24,47.34,58.15,64.29,-132.79,-19.33,-1.54,10.49,-2.52,-1.42,7.54,-78.08,-42.97,24.43,14.8,43.69,21.92,27.87,10.0,53.17,157.9,142.45,10.29,0.45,159.31,121.72,26.75,0.74,3.07,3.73,3.74,2.34,3.86,7.25,156.36,141.45,157.38,141.32,149.35,119832100,57116940.0,58852290.0,70536725.0,0.69,43.31,2132088939.95,145.98,0.27,66.78,27.21,15.71,48.0,4.0,44.0,148.67,150.19,151.46,147.4,145.88,157.18,0.49,0.33,3.1,148.99,148.79,149.1,19045459.35
2023-02-24,AAPL,147.11,147.19,145.72,146.71,55469600,2.34,3.39,-1.06,2.34,3.39,-1.06,148.18,149.09,149.84,149.98,149.92,149.58,148.7,147.59,146.94,146.26,145.74,145.35,145.06,144.74,145.11,147.49,149.21,151.32,151.79,150.31,146.27,140.56,141.22,142.92,147.2,150.29,150.95,149.38,149.84,152.31,151.29,147.77,152.08,153.91,0.38,0.4,8.8,36.63,30.15,34.84,55.49,58.93,-173.68,-79.33,-5.13,8.46,-4.16,-7.79,2.75,-90.67,-66.44,9.33,17.61,-7.24,9.33,16.12,-4.26,46.93,157.66,142.97,9.78,0.25,159.41,121.72,26.81,0.66,3.17,3.31,3.74,2.83,3.67,6.87,155.31,142.08,157.38,141.32,149.35,64362500,54577280.0,58798540.0,70604950.0,0.79,30.35,2151333495.05,145.98,0.25,61.91,17.27,20.98,44.0,0.0,44.0,148.99,150.75,152.09,147.65,145.89,156.98,-2.69,-1.8,3.68,146.54,146.45,146.58,19244555.1
2023-02-27,AAPL,147.71,149.17,147.45,147.92,44998500,2.0,3.12,-1.11,2.0,3.12,-1.11,148.05,148.7,149.41,149.61,149.61,149.37,148.62,147.61,147.0,146.36,145.85,145.46,145.17,144.85,145.17,147.5,148.28,151.01,151.35,150.41,146.76,140.61,141.33,142.98,147.17,149.67,150.73,149.49,149.19,151.82,151.13,147.26,151.25,153.37,0.35,0.39,21.19,29.48,39.18,42.11,54.57,57.17,-94.52,-48.01,-2.63,7.29,-3.09,-3.81,1.99,-79.26,-58.9,20.74,18.16,25.88,20.74,17.33,27.55,44.42,157.56,143.26,9.51,0.33,159.52,121.7,26.89,0.69,3.14,3.22,3.75,3.03,3.57,6.43,155.06,142.19,157.38,141.32,149.35,109361000,51748160.0,57553320.0,69327085.0,0.65,36.56,2130927198.54,145.98,0.22,56.56,22.15,21.57,40.0,0.0,40.0,146.54,147.36,148.01,145.89,145.07,156.53,1.21,0.82,2.46,148.18,148.31,148.12,-20406296.51
2023-02-28,AAPL,147.05,149.08,146.83,147.41,50547000,1.68,2.83,-1.15,1.68,2.83,-1.15,147.73,148.27,148.97,149.21,149.27,149.13,148.51,147.6,147.03,146.41,145.92,145.54,145.26,144.93,145.21,147.49,148.07,150.36,151.06,150.63,147.18,140.7,141.32,142.99,147.17,149.02,150.44,149.53,148.54,151.3,150.92,146.76,150.41,152.79,0.32,0.37,22.66,29.77,40.36,33.33,51.77,55.24,-90.93,-67.63,-2.29,4.46,-6.44,-7.24,4.41,-84.07,-62.08,15.93,15.33,17.12,15.93,15.33,17.12,44.42,157.06,144.21,8.53,0.25,159.69,121.7,27.0,0.68,3.04,3.05,3.66,3.04,3.21,6.01,154.61,142.4,157.38,141.32,149.35,58814000,50084120.0,56388120.0,68653670.0,0.74,27.62,2106439985.21,145.98,0.25,52.06,18.38,24.2,36.0,0.0,36.0,148.18,148.91,149.9,147.19,146.46,156.09,-0.51,-0.34,2.25,147.77,147.96,147.68,-24487213.33
2023-03-01,AAPL,146.83,147.23,145.01,145.31,55479000,1.24,2.51,-1.27,1.24,2.51,-1.27,146.52,147.28,148.15,148.5,148.66,148.65,148.2,147.43,146.92,146.35,145.89,145.53,145.26,144.94,145.22,147.47,147.35,149.57,150.44,150.69,147.49,140.87,141.27,142.98,147.19,148.1,149.93,149.41,147.37,150.45,150.45,145.54,149.16,151.87,0.29,0.36,28.67,14.92,35.68,34.33,52.82,53.59,-123.73,-125.85,-3.77,1.95,-7.89,-6.61,1.02,-97.35,-75.16,2.65,13.1,-18.26,2.65,13.1,-18.26,40.94,156.91,144.46,8.26,0.07,159.87,121.87,26.97,0.62,2.97,2.97,3.62,3.24,3.11,5.64,154.15,142.25,157.38,141.32,149.35,3335000,50977660.0,55765260.0,68133895.0,0.81,28.01,2065955309.53,145.98,0.18,47.57,18.85,29.2,32.0,4.0,28.0,147.77,148.72,150.02,146.47,145.52,155.68,-2.1,-1.42,2.4,145.85,146.12,145.72,-40484675.68
2023-03-02,AAPL,144.38,146.71,143.9,145.91,52238100,0.93,2.19,-1.27,0.93,2.19,-1.27,146.21,146.83,147.66,148.03,148.24,148.31,147.98,147.31,146.85,146.33,145.89,145.55,145.29,144.97,145.23,147.46,146.65,148.63,150.04,150.71,147.85,141.1,141.24,142.98,147.18,147.43,149.48,149.31,146.72,149.82,150.1,145.07,148.28,151.15,0.26,0.34,30.26,20.59,27.52,37.98,52.01,52.1,-112.76,-139.56,-5.16,2.85,-9.42,-4.96,0.48,-83.83,-71.42,22.09,13.56,39.15,16.17,11.58,25.35,49.26,156.85,144.57,8.15,0.11,160.06,122.14,26.87,0.63,2.78,2.9,3.66,2.71,3.07,5.16,153.78,142.19,157.38,143.9,150.64,55573100,51746440.0,54431690.0,66862620.0,0.78,28.23,2088449295.65,145.98,0.16,43.6,19.36,30.88,28.0,0.0,28.0,145.85,146.69,148.07,144.47,143.63,155.04,0.6,0.41,2.81,145.51,145.3,145.61,22493986.12
2023-03-03,AAPL,148.04,151.11,147.33,151.03,70732300,1.08,1.97,-0.89,1.08,1.97,-0.89,148.62,148.23,148.41,148.57,148.67,148.65,148.27,147.59,147.12,146.59,146.14,145.79,145.51,145.17,145.34,147.49,147.52,148.36,150.05,150.72,148.37,141.47,141.31,143.09,147.21,147.87,149.51,149.51,147.95,150.2,150.41,147.16,148.88,151.44,0.23,0.31,56.66,45.59,45.1,50.04,56.32,55.13,0.01,-20.07,-1.42,4.91,-2.68,0.02,0.21,-42.64,-47.11,96.35,40.36,208.33,57.36,25.39,121.3,56.59,156.86,144.58,8.15,0.53,160.47,122.48,26.85,0.75,3.13,3.12,3.65,2.24,3.07,4.6,154.51,142.04,157.38,143.9,150.64,126305400,54798980.0,54688130.0,64482285.0,1.1,36.55,2156187635.86,145.99,0.15,39.24,28.08,25.95,24.0,16.0,8.0,145.51,147.11,148.32,144.3,142.7,154.15,5.12,3.51,5.2,149.82,149.22,150.12,67738340.21
2023-03-06,AAPL,153.79,156.3,153.46,153.83,87558000,1.41,1.86,-0.45,1.41,1.86,-0.45,151.23,150.09,149.61,149.53,149.46,149.29,148.8,148.05,147.55,146.99,146.52,146.14,145.84,145.46,145.51,147.56,148.7,148.49,150.24,150.69,148.91,141.9,141.5,143.23,147.23,148.86,149.8,149.87,149.8,151.03,151.04,149.89,150.1,152.18,0.21,0.29,78.85,66.77,46.71,49.96,53.61,60.93,115.07,104.57,-0.97,5.41,1.28,-0.02,-0.67,-20.11,-26.34,80.08,66.17,107.9,79.89,51.14,137.38,54.33,156.75,144.62,8.05,0.76,161.02,122.78,26.95,0.81,3.44,3.25,3.63,2.53,3.03,4.26,155.31,142.3,156.33,143.9,150.12,213863400,63310880.0,57529520.0,61142320.0,1.43,38.59,2091444044.31,146.0,0.06,35.21,31.88,24.85,20.0,12.0,8.0,149.82,152.32,153.6,148.54,146.04,143.9,2.8,1.85,5.27,154.53,154.88,154.36,-64743591.55
2023-03-07,AAPL,153.7,154.03,151.13,151.6,56182000,1.48,1.78,-0.31,1.48,1.78,-0.31,151.41,150.6,150.05,149.91,149.79,149.58,149.07,148.31,147.81,147.25,146.77,146.37,146.07,145.66,145.63,147.6,149.54,148.8,150.09,150.68,149.26,142.23,141.67,143.35,147.28,149.43,149.89,150.04,150.44,151.32,151.32,150.72,150.51,152.4,0.2,0.28,63.77,57.58,45.49,47.05,46.4,57.24,59.47,42.86,-1.37,6.01,3.12,-1.6,-0.13,-38.05,-38.05,62.1,79.51,27.27,61.95,66.4,53.04,52.65,156.74,144.62,8.04,0.58,161.45,123.01,27.03,0.74,3.33,3.25,3.31,2.71,3.03,4.02,155.56,142.58,156.33,143.9,150.12,157681400,64437880.0,57261000.0,60458505.0,0.93,38.86,2053472761.56,146.01,0.04,29.87,31.94,29.89,16.0,8.0,8.0,154.53,155.6,157.37,152.76,151.69,144.15,-2.23,-1.45,2.9,152.25,152.58,152.09,-37971282.76
2023-03-08,AAPL,152.81,153.47,151.83,152.87,47204800,1.61,1.75,-0.14,1.61,1.75,-0.14,152.14,151.35,150.68,150.45,150.27,149.99,149.43,148.65,148.14,147.56,147.06,146.66,146.33,145.89,145.78,147.65,151.05,149.2,150.06,150.59,149.6,142.64,141.84,143.5,147.36,150.17,150.1,150.27,151.32,151.8,151.72,151.83,151.16,152.81,0.19,0.26,69.33,59.36,50.68,45.32,51.47,57.35,79.64,57.26,0.21,5.95,3.96,-2.46,-1.78,-27.84,-27.84,72.34,71.51,74.01,72.16,71.33,73.83,53.0,156.45,144.73,7.78,0.69,161.87,123.41,26.96,0.77,3.24,3.19,3.23,3.0,2.93,3.86,155.82,143.04,156.33,143.9,150.12,204886200,62783040.0,56880350.0,58652615.0,0.8,37.38,2066137463.99,146.02,-0.0,24.51,28.61,30.4,12.0,4.0,8.0,152.25,153.38,155.15,150.48,149.35,144.39,1.27,0.84,1.87,152.72,152.65,152.76,12664702.44
2023-03-09,AAPL,153.56,154.54,150.23,150.59,53833600,1.52,1.7,-0.18,1.52,1.7,-0.18,151.37,151.1,150.66,150.47,150.32,150.07,149.54,148.8,148.3,147.73,147.24,146.83,146.5,146.05,145.87,147.68,151.98,149.32,149.75,150.52,149.89,143.01,141.99,143.57,147.43,150.42,150.1,150.34,151.21,151.78,151.8,151.52,151.09,152.74,0.18,0.24,68.46,60.71,54.86,44.21,44.67,49.76,65.29,33.57,1.42,3.55,1.19,-3.12,-1.33,-46.05,-46.18,53.95,62.8,36.26,53.95,62.69,36.48,49.12,156.35,144.7,7.74,0.51,162.12,123.91,26.71,0.7,3.54,3.29,3.21,3.03,2.91,3.58,156.12,142.96,156.33,143.9,150.12,151052600,63102140.0,57424290.0,58138290.0,0.93,38.12,2021296947.99,146.02,-0.01,19.93,25.98,32.99,8.0,0.0,8.0,152.72,153.62,154.36,151.98,151.08,144.63,-2.28,-1.49,4.31,151.79,152.38,151.49,-44840516.01
2023-03-10,AAPL,150.21,150.94,147.61,148.5,68572400,1.26,1.62,-0.35,1.26,1.62,-0.35,149.93,150.23,150.18,150.11,150.04,149.87,149.44,148.77,148.31,147.77,147.3,146.9,146.58,146.13,145.92,147.69,151.48,149.5,149.4,150.41,150.04,143.38,142.05,143.67,147.45,150.27,149.91,150.25,150.42,151.38,151.6,150.33,150.48,152.28,0.17,0.23,58.2,51.53,49.12,42.74,45.44,43.46,-11.18,-38.24,-0.28,-1.54,1.79,-4.05,-2.37,-62.9,-62.99,37.1,54.46,2.37,37.1,54.4,2.48,48.86,156.3,144.51,7.84,0.34,162.17,124.59,26.21,0.64,3.67,3.32,3.21,2.91,2.95,3.41,156.09,142.8,156.33,143.9,150.12,82480200,62670160.0,58734570.0,58766555.0,1.17,37.73,1989378863.9,146.03,-0.0,16.48,25.71,32.92,4.0,76.0,-72.0,151.79,153.34,156.1,149.03,147.48,144.86,-2.09,-1.39,3.33,149.02,149.28,148.89,-31918084.08
2023-03-13,AAPL,147.81,153.14,147.7,150.47,84457100,1.2,1.53,-0.33,1.2,1.53,-0.33,150.2,150.31,150.24,150.18,150.1,149.95,149.54,148.9,148.45,147.92,147.45,147.06,146.73,146.27,146.01,147.71,150.81,149.75,149.26,150.38,150.19,143.87,142.14,143.76,147.5,150.45,149.91,150.27,150.48,151.38,151.65,150.4,150.48,152.21,0.16,0.22,47.78,57.48,52.15,53.86,49.48,48.6,31.29,0.63,0.72,-2.61,2.55,1.99,-0.54,-47.02,-47.14,52.98,48.01,62.93,52.98,48.01,62.93,48.85,156.27,144.49,7.83,0.51,162.08,125.66,25.31,0.68,4.05,3.42,3.28,2.87,2.94,3.32,156.37,142.71,156.33,143.9,150.12,166937300,62049980.0,62680430.0,60116875.0,1.4,46.81,1990931384.12,146.03,-0.03,13.28,29.62,26.92,0.0,72.0,-72.0,149.02,150.42,152.35,147.09,145.69,145.09,1.97,1.33,5.44,150.44,150.42,150.44,1552520.22
2023-03-14,AAPL,151.28,153.4,150.1,152.59,73695900,1.31,1.49,-0.18,1.31,1.49,-0.18,151.4,151.07,150.77,150.62,150.49,150.28,149.83,149.17,148.72,148.18,147.7,147.3,146.96,146.48,146.14,147.76,151.0,150.27,149.54,150.32,150.51,144.33,142.29,143.84,147.56,150.96,150.12,150.43,151.23,151.76,151.96,151.41,151.03,152.53,0.15,0.2,44.82,67.77,62.1,56.7,51.96,47.67,69.3,46.47,4.01,0.57,5.18,3.68,-1.26,-29.92,-30.09,70.08,53.39,103.47,70.08,53.39,103.47,45.37,156.07,144.56,7.66,0.7,162.23,126.43,24.8,0.73,3.77,3.45,3.34,2.87,2.88,3.06,156.73,142.93,156.33,143.9,150.12,240633200,65552760.0,64995320.0,60691720.0,1.21,54.28,2028449296.85,146.04,-0.04,11.31,29.84,24.05,32.0,68.0,-36.0,150.44,153.17,155.88,147.73,145.0,145.32,2.12,1.41,3.3,152.03,151.75,152.17,37517912.73
2023-03-15,AAPL,151.19,153.25,149.92,152.99,77167900,1.42,1.47,-0.06,1.42,1.47,-0.06,152.19,151.71,151.26,151.05,150.87,150.62,150.13,149.46,148.99,148.45,147.96,147.54,147.2,146.69,146.28,147.81,151.03,151.04,149.81,150.31,150.8,144.79,142.57,143.93,147.61,151.46,150.38,150.59,151.9,152.15,152.29,152.25,151.57,152.86,0.15,0.19,56.86,67.46,60.79,56.55,48.87,51.27,60.87,48.47,3.43,-1.07,7.68,3.59,-0.21,-26.69,-26.87,63.1,62.05,65.19,73.31,65.46,89.01,48.22,156.04,144.57,7.63,0.73,162.36,127.22,24.27,0.73,3.5,3.47,3.33,2.38,2.87,2.85,157.07,143.2,156.33,143.9,150.12,317801100,71545380.0,67164210.0,61464735.0,1.26,55.84,2093566954.21,146.05,-0.02,10.01,28.9,24.3,28.0,64.0,-36.0,152.03,153.96,155.33,150.66,148.73,145.54,0.4,0.26,3.33,152.05,151.58,152.29,65117657.36
2023-03-16,AAPL,152.16,156.46,151.64,155.85,76161100,1.71,1.52,0.19,1.71,1.52,0.19,154.02,153.09,152.28,151.92,151.64,151.27,150.68,149.93,149.44,148.86,148.35,147.9,147.54,146.99,146.47,147.89,152.08,152.03,150.24,150.33,151.15,145.41,142.92,144.06,147.64,152.33,150.91,150.91,153.33,152.99,152.93,154.07,152.74,153.66,0.15,0.18,62.71,63.37,66.33,66.58,53.3,55.69,116.6,121.46,5.73,2.59,9.94,9.14,0.52,-4.86,-4.86,93.11,75.43,128.46,95.14,79.51,126.41,55.92,156.17,144.5,7.76,0.97,162.3,128.52,23.23,0.81,3.77,3.55,3.42,2.05,2.92,2.81,157.78,143.58,156.46,143.9,150.18,393962200,76010880.0,69556510.0,61994100.0,1.23,63.03,2150450763.34,146.06,-0.02,11.13,34.7,20.69,100.0,60.0,40.0,152.05,154.19,155.38,150.86,148.72,145.75,2.86,1.87,4.82,154.65,154.05,154.95,56883809.13
2023-03-17,AAPL,156.08,156.74,154.28,155.0,98944600,1.85,1.59,0.26,1.85,1.59,0.26,154.51,153.73,152.88,152.48,152.15,151.74,151.09,150.3,149.8,149.2,148.67,148.21,147.83,147.25,146.64,147.97,153.38,152.43,150.79,150.4,151.29,145.98,143.3,144.14,147.67,152.87,151.35,151.16,154.09,153.56,153.4,154.86,153.46,154.18,0.15,0.18,71.43,53.64,69.7,63.01,49.58,54.48,116.19,137.13,6.67,2.74,3.97,7.08,1.29,-13.55,-13.55,80.94,79.05,84.73,86.45,84.97,89.41,53.82,156.41,144.38,8.0,0.88,162.16,129.8,22.17,0.78,3.86,3.55,3.41,2.21,3.01,2.89,158.19,143.99,156.74,143.9,150.32,295017600,82085320.0,72377740.0,63532935.0,1.56,65.26,2109424953.58,146.08,-0.01,12.49,31.27,20.69,100.0,56.0,44.0,154.65,157.66,159.47,152.84,149.83,146.18,-0.85,-0.55,2.46,155.34,155.51,155.26,-41025809.76
2023-03-20,AAPL,155.07,157.82,154.15,157.4,73641400,2.13,1.7,0.44,2.13,1.7,0.44,155.96,154.95,153.89,153.38,152.96,152.44,151.69,150.83,150.29,149.66,149.1,148.61,148.2,147.59,146.85,148.06,154.77,152.79,151.42,150.64,151.39,146.63,143.72,144.22,147.72,153.78,152.02,151.56,155.43,154.47,154.12,156.42,154.66,155.06,0.16,0.17,91.98,67.86,71.77,67.17,54.65,54.03,130.24,147.78,7.87,4.23,3.57,9.99,4.85,-3.02,-3.02,95.89,89.98,107.7,96.98,92.86,105.23,61.85,157.37,143.91,8.94,1.0,161.96,131.3,20.91,0.85,3.76,3.65,3.45,2.7,3.37,3.05,158.99,144.39,157.82,143.9,150.86,368659000,79922180.0,70986080.0,64257800.0,1.15,71.25,2166211101.26,146.1,0.01,13.4,32.52,18.9,100.0,52.0,48.0,155.34,156.4,157.8,153.94,152.88,146.81,2.4,1.55,3.67,156.46,155.99,156.69,56786147.68
2023-03-21,AAPL,157.32,159.4,156.54,159.28,73938300,2.48,1.85,0.63,2.48,1.85,0.63,157.62,156.39,155.09,154.45,153.93,153.3,152.41,151.46,150.87,150.19,149.59,149.08,148.64,147.97,147.1,148.17,156.1,153.55,152.21,151.18,151.64,147.22,144.11,144.29,147.76,154.96,152.84,152.07,157.01,155.58,154.99,158.23,156.11,156.15,0.17,0.17,91.91,69.02,67.82,74.19,58.34,56.71,161.16,165.0,5.46,3.53,7.68,13.97,10.8,-0.77,-0.77,98.98,91.94,113.07,99.23,94.22,109.24,68.18,158.85,143.51,10.15,1.03,162.15,132.29,20.28,0.9,3.7,3.68,3.45,3.34,3.84,3.37,159.78,145.05,159.4,143.9,151.65,442597300,79970660.0,72761710.0,65011355.0,1.14,77.26,2233944788.68,146.11,0.1,14.7,35.29,15.2,100.0,48.0,52.0,156.46,158.76,160.13,155.09,152.79,147.69,1.88,1.19,2.86,158.41,157.97,158.62,67733687.41
2023-03-22,AAPL,159.3,162.14,157.81,157.83,75701800,2.6,2.0,0.6,2.6,2.0,0.6,157.72,156.87,155.7,155.06,154.53,153.87,152.93,151.93,151.32,150.61,149.99,149.46,149.0,148.29,147.31,148.27,157.07,154.05,153.05,151.62,151.74,147.78,144.54,144.37,147.82,155.74,153.47,152.47,157.66,156.26,155.6,158.69,156.89,156.82,0.19,0.18,76.63,72.6,59.17,70.05,62.38,52.8,151.93,159.47,2.6,3.02,4.96,11.92,8.92,-29.1,-23.63,70.34,88.4,34.21,70.9,89.04,34.62,62.06,159.76,143.49,10.73,0.88,162.17,133.39,19.48,0.85,3.54,3.79,3.46,3.59,4.07,3.52,160.51,145.34,162.14,143.9,153.02,366895500,79677440.0,75611410.0,66245880.0,1.14,82.77,2158942312.46,146.13,0.03,16.74,39.44,12.68,100.0,44.0,56.0,158.41,160.27,161.27,157.41,155.55,148.86,-1.45,-0.91,4.33,159.26,159.98,158.9,-75002476.21
2023-03-23,AAPL,158.83,161.55,157.68,158.93,67622100,2.76,2.15,0.61,2.76,2.15,0.61,158.33,157.56,156.41,155.77,155.21,154.5,153.5,152.45,151.81,151.08,150.43,149.87,149.39,148.64,147.54,148.37,157.69,154.88,153.92,152.1,151.98,148.34,144.99,144.51,147.88,156.62,154.17,152.93,158.46,157.03,156.27,159.39,157.78,157.59,0.2,0.18,78.18,84.7,67.73,65.37,63.04,55.92,129.13,142.43,4.84,2.32,8.34,7.9,9.53,-22.09,-17.6,77.77,82.36,68.58,77.91,82.68,68.37,56.47,160.79,143.41,11.42,0.89,162.2,134.48,18.69,0.88,3.62,3.7,3.51,3.66,4.34,3.75,160.89,146.11,162.14,143.9,153.02,434517600,77969640.0,76990260.0,67207275.0,1.01,82.79,2135003739.59,146.15,0.0,19.41,31.96,13.25,96.0,40.0,56.0,159.26,160.71,163.59,156.38,154.93,150.46,1.1,0.7,3.87,159.39,159.62,159.27,-23938572.87
2023-03-24,AAPL,158.86,160.34,157.85,160.25,59196500,2.96,2.32,0.64,2.96,2.32,0.64,159.29,158.46,157.27,156.58,155.98,155.22,154.14,153.03,152.35,151.59,150.91,150.32,149.81,149.02,147.79,148.49,158.74,156.06,154.53,152.78,152.29,148.88,145.5,144.56,147.94,157.6,154.95,153.46,159.46,157.92,157.04,160.36,158.82,158.48,0.21,0.19,74.44,84.01,67.81,63.25,63.82,58.7,108.47,126.32,4.83,4.25,11.75,6.42,13.54,-13.01,-10.36,84.53,77.55,98.51,86.99,78.6,103.78,56.66,161.8,143.76,11.81,0.91,162.46,135.29,18.25,0.92,3.5,3.5,3.48,3.25,4.51,4.04,161.14,147.15,162.14,143.9,153.02,493714100,70020020.0,76052670.0,67393620.0,0.88,82.33,2189920974.53,146.17,0.03,20.29,23.17,14.01,92.0,36.0,56.0,159.39,161.09,163.26,157.22,155.52,151.86,1.32,0.83,2.49,159.48,159.1,159.67,54917234.94
2023-03-27,AAPL,159.94,160.77,157.87,158.28,52390300,2.92,2.44,0.49,2.92,2.44,0.49,158.78,158.4,157.49,156.89,156.34,155.6,154.54,153.41,152.73,151.96,151.27,150.67,150.15,149.33,148.0,148.59,158.91,156.84,154.83,153.3,152.53,149.37,146.03,144.61,147.99,158.0,155.47,153.85,159.5,158.31,157.48,160.01,159.12,158.88,0.22,0.19,66.21,69.99,68.84,63.94,65.01,61.63,83.14,102.73,5.11,3.76,7.81,6.68,10.36,-26.57,-21.16,68.41,76.91,51.43,73.43,79.44,61.41,49.62,162.33,144.26,11.79,0.78,162.46,136.28,17.53,0.84,3.23,3.5,3.44,2.64,4.52,4.18,161.53,147.54,162.14,143.9,153.02,441323800,65769800.0,72845990.0,67763210.0,0.77,82.45,2152344483.5,146.18,0.02,23.22,24.05,9.25,88.0,32.0,56.0,159.48,161.11,161.97,158.62,156.99,153.09,-1.97,-1.23,2.9,158.97,159.32,158.8,-37576491.03
2023-03-28,AAPL,157.97,158.49,155.98,157.65,45992200,2.81,2.51,0.3,2.81,2.51,0.3,158.22,158.15,157.53,157.03,156.54,155.86,154.83,153.73,153.05,152.27,151.58,150.97,150.44,149.6,148.19,148.68,158.59,157.35,155.23,153.81,152.66,149.83,146.5,144.68,148.07,158.15,155.88,154.18,159.27,158.52,157.78,159.4,159.17,159.08,0.23,0.2,51.5,66.11,74.14,60.25,62.82,60.32,43.26,66.44,6.16,6.18,5.06,4.78,10.24,-30.9,-24.62,57.24,70.06,31.59,69.1,76.51,54.28,51.88,162.6,145.02,11.43,0.72,162.43,137.24,16.81,0.81,3.23,3.54,3.44,2.18,4.39,4.27,161.92,147.74,162.14,143.9,153.02,395331600,60180580.0,70075620.0,67535470.0,0.68,77.7,2167553059.6,146.19,0.05,25.11,23.74,12.94,84.0,28.0,56.0,158.97,160.08,161.87,157.18,156.07,154.18,-0.63,-0.4,2.51,157.37,157.24,157.44,15208576.1
2023-03-29,AAPL,159.37,161.05,159.35,160.77,51305700,2.94,2.6,0.34,2.94,2.6,0.34,159.49,159.02,158.25,157.71,157.19,156.47,155.4,154.25,153.55,152.75,152.03,151.4,150.85,149.97,148.44,148.8,159.18,158.12,155.76,154.58,152.91,150.33,147.02,144.83,148.19,158.77,156.55,154.7,160.1,159.24,158.44,160.33,159.98,159.81,0.24,0.21,57.77,66.71,75.62,71.07,66.47,62.64,93.6,112.91,6.85,7.96,7.78,10.18,15.46,-9.43,-7.51,82.85,69.5,109.56,90.57,77.7,116.31,54.19,162.93,146.23,10.81,0.87,162.64,138.01,16.38,0.92,3.19,3.48,3.5,1.8,4.18,4.52,162.36,148.44,162.14,143.9,153.02,446637300,55301360.0,67489400.0,67326805.0,0.76,83.07,2201958058.42,146.2,0.1,27.81,29.44,9.9,80.0,24.0,56.0,157.37,158.77,159.88,156.26,154.86,155.13,3.12,1.98,3.4,160.39,160.2,160.49,34404998.82
2023-03-30,AAPL,161.53,162.47,161.27,162.36,49501700,3.14,2.71,0.43,3.14,2.71,0.43,160.93,160.13,159.16,158.55,157.99,157.21,156.06,154.85,154.12,153.28,152.53,151.87,151.3,150.37,148.72,148.93,159.86,158.78,156.54,155.4,153.15,150.87,147.64,145.07,148.34,159.54,157.29,155.31,161.2,160.14,159.23,161.6,161.02,160.71,0.25,0.22,73.28,73.8,74.96,79.29,71.29,67.84,118.6,132.03,6.4,8.67,6.51,13.86,16.45,-0.74,-0.59,98.68,79.59,136.85,99.26,86.31,125.15,53.81,163.39,147.42,10.28,0.94,162.85,138.89,15.89,0.98,3.03,3.36,3.47,2.05,3.99,4.82,162.79,149.34,162.47,147.33,154.9,496139000,51677280.0,64823460.0,67189985.0,0.74,89.63,2242384446.75,146.22,0.11,32.33,33.47,4.67,100.0,20.0,80.0,160.39,161.43,162.09,159.73,158.69,155.97,1.59,0.99,1.7,162.03,161.87,162.12,40426388.33
2023-03-31,AAPL,162.44,165.0,161.91,164.9,68749800,3.45,2.86,0.6,3.45,2.86,0.6,162.91,161.72,160.44,159.71,159.05,158.17,156.9,155.59,154.81,153.93,153.14,152.44,151.83,150.85,149.04,149.09,160.79,159.77,157.64,156.1,153.52,151.46,148.28,145.33,148.5,160.66,158.19,156.07,162.82,161.35,160.24,163.52,162.48,161.93,0.26,0.23,76.72,74.04,77.43,79.78,72.61,68.78,148.62,148.82,7.78,12.4,9.9,14.43,13.87,-0.66,-0.57,98.89,93.47,109.73,99.34,96.39,105.24,65.69,164.86,147.34,11.22,1.0,163.23,139.7,15.53,1.07,2.85,3.2,3.48,2.39,4.38,5.28,163.29,150.51,165.0,147.61,156.3,564888800,53587940.0,61803980.0,67090860.0,1.02,89.53,2306684421.51,146.24,0.11,37.41,35.97,4.92,100.0,16.0,84.0,162.03,162.8,163.23,161.6,160.83,156.88,2.54,1.56,3.09,163.94,163.45,164.18,64299974.76
2023-04-03,AAPL,164.27,166.29,164.22,166.17,56976200,3.77,3.04,0.73,3.77,3.04,0.73,164.54,163.21,161.71,160.88,160.15,159.17,157.79,156.38,155.55,154.61,153.77,153.04,152.39,151.35,149.37,149.26,162.37,160.64,158.68,156.71,153.97,152.03,148.96,145.61,148.65,161.82,159.15,156.89,164.39,162.61,161.31,165.29,163.97,163.2,0.28,0.24,76.62,72.98,75.65,79.04,69.85,70.41,169.77,153.44,6.62,12.34,8.77,13.58,12.34,-0.73,-0.64,98.84,98.8,98.9,99.27,99.29,99.23,71.98,166.48,146.95,12.47,0.98,163.85,140.21,15.55,1.1,2.59,3.11,3.33,2.96,4.88,5.76,164.0,151.57,166.29,147.61,156.95,621865000,54505120.0,60137460.0,65561770.0,0.87,89.4,2357054685.28,146.26,0.2,42.16,39.36,5.06,100.0,12.0,88.0,163.94,165.96,167.03,162.87,160.85,158.18,1.27,0.77,2.07,165.56,165.26,165.71,50370263.77
2023-04-04,AAPL,166.6,166.84,165.11,165.63,46278300,3.93,3.22,0.71,3.93,3.22,0.71,165.09,164.01,162.58,161.75,160.99,159.98,158.53,157.06,156.2,155.22,154.35,153.58,152.91,151.82,149.7,149.43,163.97,161.28,159.55,157.42,154.54,152.52,149.56,145.87,148.83,162.73,160.0,157.64,165.32,163.57,162.2,166.11,165.0,164.19,0.3,0.25,87.93,77.7,76.83,76.87,66.44,72.88,150.48,140.47,6.86,12.36,6.35,12.64,14.03,-7.96,-6.29,88.86,95.53,75.52,92.04,96.88,82.36,66.61,167.64,147.19,12.99,0.9,164.52,140.52,15.74,1.05,2.49,2.99,3.16,3.3,5.11,6.04,164.52,152.55,166.84,147.61,157.23,575586700,54562340.0,57371460.0,65066585.0,0.71,89.1,2338596866.2,146.28,0.22,47.22,42.17,4.82,100.0,8.0,92.0,165.56,166.9,167.63,164.83,163.49,159.64,-0.54,-0.32,1.73,165.86,165.98,165.8,-18457819.08
2023-04-05,AAPL,164.74,165.05,161.8,163.76,51511700,3.86,3.34,0.51,3.86,3.34,0.51,164.42,163.93,162.84,162.11,161.42,160.45,159.03,157.56,156.68,155.69,154.81,154.03,153.34,152.21,149.98,149.57,164.56,161.87,160.27,157.96,155.04,152.94,150.13,146.16,148.99,163.18,160.61,158.23,165.34,164.04,162.76,165.7,165.31,164.68,0.31,0.26,77.95,66.26,66.49,67.55,67.12,69.54,77.22,93.21,4.04,12.7,5.93,7.91,10.89,-24.27,-16.02,71.64,86.44,42.03,75.73,89.01,49.16,68.42,168.33,147.59,13.12,0.78,165.0,140.88,15.77,0.95,2.62,2.92,3.21,3.14,5.18,6.17,164.88,153.19,166.84,147.61,157.23,524075000,54603540.0,54952450.0,65281930.0,0.79,82.8,2349216201.28,146.3,0.22,48.71,35.35,13.03,96.0,4.0,92.0,165.86,166.61,167.59,164.88,164.13,161.08,-1.87,-1.13,3.83,163.54,163.43,163.59,10619335.08
2023-04-06,AAPL,162.43,164.96,162.0,164.66,45390100,3.83,3.44,0.39,3.83,3.44,0.39,164.54,164.17,163.25,162.58,161.91,160.98,159.57,158.09,157.2,156.19,155.29,154.49,153.78,152.62,150.27,149.72,165.02,162.44,160.86,158.66,155.55,153.4,150.69,146.33,149.13,163.69,161.24,158.85,165.59,164.59,163.36,165.72,165.74,165.25,0.32,0.27,72.33,65.28,64.7,71.39,66.77,66.44,71.25,91.49,3.38,12.85,5.73,9.66,14.07,-17.18,-11.34,79.93,80.14,79.5,82.82,83.53,81.4,71.71,168.83,148.5,12.82,0.79,165.47,141.33,15.74,0.97,2.68,2.96,3.26,3.07,5.08,6.31,165.48,153.65,166.84,147.61,157.23,569465100,53781220.0,52729250.0,64859755.0,0.7,81.77,2385405605.33,146.31,0.28,50.49,34.24,12.87,92.0,0.0,92.0,163.54,165.27,166.79,162.02,160.29,161.8,0.9,0.55,2.96,163.87,163.48,164.07,36189404.05
2023-04-10,AAPL,161.42,162.03,160.08,162.03,47716900,3.55,3.46,0.09,3.55,3.46,0.09,163.29,163.46,162.98,162.48,161.93,161.11,159.8,158.38,157.51,156.52,155.62,154.82,154.1,152.93,150.5,149.84,164.45,162.62,161.33,159.34,156.06,153.76,151.17,146.46,149.27,163.61,161.56,159.27,164.86,164.56,163.57,164.45,165.36,165.23,0.32,0.28,48.31,62.43,60.78,60.15,66.11,59.93,-0.26,44.34,2.66,7.28,1.78,4.63,13.53,-44.29,-25.01,55.71,69.09,28.94,55.71,71.42,24.29,64.43,168.4,150.28,11.37,0.65,165.76,141.76,15.61,0.84,2.85,3.02,3.27,2.98,4.53,6.19,165.85,153.76,166.84,147.7,157.27,521748200,49574640.0,51581290.0,63816980.0,0.75,75.19,2433122505.33,146.33,0.35,50.65,30.95,17.13,88.0,0.0,88.0,163.87,165.75,166.83,162.79,160.91,166.84,-2.63,-1.6,4.58,161.38,161.06,161.54,47716900.0
2023-04-11,AAPL,162.35,162.36,160.51,160.8,47644200,3.2,3.41,-0.21,3.2,3.41,-0.21,162.04,162.57,162.49,162.17,161.76,161.07,159.9,158.56,157.72,156.75,155.87,155.08,154.37,153.19,150.7,149.95,163.38,162.87,161.55,159.86,156.49,154.06,151.62,146.58,149.38,163.28,161.7,159.58,163.88,164.28,163.59,162.98,164.68,164.96,0.32,0.29,25.71,60.04,54.77,53.43,67.75,61.42,-11.23,34.92,1.18,4.53,2.52,1.52,10.33,-55.62,-31.56,19.36,51.66,-45.25,44.38,60.97,11.21,59.21,167.91,151.8,10.08,0.56,166.01,142.11,15.51,0.78,2.87,2.95,3.2,2.66,4.03,6.05,165.8,154.0,166.84,149.92,158.38,474104000,47708240.0,51106680.0,61976335.0,0.77,68.17,2400415405.87,146.34,0.33,49.53,28.69,17.55,84.0,16.0,68.0,161.38,162.68,163.33,160.73,159.43,166.7,-1.23,-0.76,1.85,161.22,161.44,161.12,-32707099.46
2023-04-12,AAPL,161.22,162.06,159.78,160.1,50133100,2.83,3.29,-0.46,2.83,3.29,-0.46,161.07,161.75,161.96,161.79,161.5,160.95,159.92,158.67,157.88,156.94,156.08,155.3,154.59,153.41,150.89,150.05,162.27,163.12,161.61,160.23,156.91,154.4,152.05,146.68,149.47,162.78,161.73,159.81,162.88,163.9,163.5,161.64,163.9,164.57,0.31,0.29,11.44,47.48,49.61,55.3,64.43,59.1,-33.19,15.32,-0.09,5.61,2.45,2.27,7.51,-62.06,-39.83,4.53,26.53,-39.47,37.94,46.01,21.79,53.61,167.52,152.94,9.1,0.49,166.03,142.77,15.06,0.75,2.76,2.8,3.05,2.19,3.65,5.84,165.52,154.31,166.84,149.92,158.38,423970900,48479200.0,51520770.0,60798195.0,0.82,60.38,2364354755.0,146.35,0.28,46.34,23.2,20.33,80.0,12.0,68.0,161.22,161.94,163.07,160.09,159.37,166.57,-0.7,-0.44,2.28,160.65,160.92,160.51,-36060650.88
2023-04-13,AAPL,161.63,165.8,161.42,165.56,68445600,2.95,3.23,-0.28,2.95,3.23,-0.28,163.32,163.02,162.76,162.48,162.13,161.52,160.45,159.18,158.37,157.42,156.54,155.74,155.02,153.81,151.18,150.21,162.63,163.6,162.12,160.86,157.59,154.83,152.54,146.85,149.59,163.22,162.23,160.37,163.93,164.55,164.1,163.21,164.64,165.2,0.31,0.3,49.73,59.33,66.19,62.86,67.67,67.45,70.07,92.75,4.6,8.3,4.79,6.63,12.57,-11.79,-7.57,81.87,35.25,175.1,88.21,56.84,150.95,60.02,167.67,154.05,8.47,0.84,166.5,143.15,15.08,0.96,3.28,2.94,3.16,2.15,3.41,5.62,166.32,154.58,166.84,151.64,159.24,492416500,51865980.0,53234760.0,60362080.0,1.13,60.54,2425299467.33,146.38,0.27,45.11,31.27,19.1,76.0,8.0,68.0,160.65,161.51,162.93,159.23,158.37,166.3,5.46,3.41,5.7,164.26,163.61,164.58,60944712.33
2023-04-14,AAPL,164.59,166.32,163.82,165.21,49386500,2.97,3.17,-0.2,2.97,3.17,-0.2,164.26,163.75,163.31,162.98,162.6,161.99,160.91,159.63,158.81,157.85,156.96,156.15,155.42,154.18,151.46,150.35,162.74,163.88,162.54,161.33,158.23,155.22,153.04,147.0,149.73,163.51,162.65,160.86,164.57,165.02,164.59,164.1,165.12,165.65,0.3,0.3,56.43,51.04,67.03,60.0,66.67,70.3,82.93,104.23,4.8,9.71,2.85,4.96,9.36,-15.01,-10.72,76.91,54.44,121.86,84.99,70.38,114.21,60.37,167.98,154.68,8.24,0.79,166.94,143.5,15.1,0.93,3.39,2.94,3.12,2.15,3.32,5.33,166.78,155.04,166.84,154.15,160.5,443030000,52665260.0,53223240.0,59023350.0,0.84,60.11,2430830755.33,146.39,0.24,45.2,32.53,19.1,72.0,4.0,68.0,164.26,167.1,168.64,162.72,159.88,159.78,-0.35,-0.21,2.5,165.12,165.07,165.14,5531288.0
2023-04-17,AAPL,165.09,165.39,164.03,165.23,41516200,2.96,3.13,-0.17,2.96,3.13,-0.17,164.75,164.24,163.73,163.39,163.01,162.39,161.32,160.04,159.23,158.26,157.37,156.55,155.81,154.55,151.73,150.5,163.38,163.92,162.87,161.84,158.7,155.51,153.54,147.14,149.86,163.76,163.02,161.31,165.02,165.41,165.01,164.68,165.49,166.02,0.3,0.3,52.74,46.57,61.68,65.21,63.87,68.83,66.76,88.77,2.77,11.27,0.33,6.95,10.23,-14.83,-12.69,77.2,78.66,74.27,85.17,86.13,83.27,63.81,167.99,155.69,7.61,0.78,167.49,143.53,15.41,0.91,3.03,2.83,2.96,2.17,3.08,5.3,166.97,155.67,166.84,154.15,160.5,484546200,51425120.0,50499880.0,56151930.0,0.74,60.87,2462578437.68,146.41,0.31,43.78,32.71,19.84,68.0,0.0,68.0,165.12,166.41,167.62,163.91,162.62,159.91,0.02,0.01,1.36,164.88,164.71,164.97,31747682.35
2023-04-18,AAPL,166.1,167.41,165.65,166.47,49923000,3.02,3.11,-0.09,3.02,3.11,-0.09,165.61,164.99,164.34,163.95,163.54,162.9,161.81,160.52,159.69,158.72,157.81,156.98,156.22,154.94,152.02,150.66,164.51,163.94,163.42,162.29,159.12,155.75,154.01,147.32,150.01,164.22,163.46,161.81,165.75,165.96,165.55,165.59,166.07,166.55,0.29,0.3,74.67,52.92,60.96,68.8,66.76,68.11,117.43,119.41,2.53,10.63,0.3,8.82,9.07,-11.66,-7.09,87.68,80.6,101.85,88.34,86.17,92.68,61.02,168.41,156.18,7.53,0.84,168.12,143.38,15.89,0.93,2.92,2.8,2.95,2.21,3.06,5.4,167.41,156.2,167.41,155.98,161.7,534469200,51880880.0,49794560.0,54966010.0,0.91,67.33,2459174596.77,146.43,0.27,44.75,38.13,15.19,100.0,0.0,100.0,164.88,165.74,166.24,164.38,163.52,160.04,1.24,0.75,2.18,166.51,166.53,166.5,-3403840.91
2023-04-19,AAPL,165.8,168.16,165.54,167.63,47720200,3.12,3.11,0.01,3.12,3.11,0.01,166.62,165.87,165.07,164.62,164.17,163.49,162.36,161.05,160.21,159.21,158.29,157.44,156.67,155.35,152.33,150.83,166.02,164.14,164.09,162.71,159.66,156.07,154.46,147.49,150.15,164.89,163.97,162.36,166.64,166.62,166.16,166.69,166.82,167.19,0.29,0.3,88.24,64.13,57.86,65.95,65.51,68.73,128.25,120.67,1.66,9.86,2.0,6.86,8.35,-6.32,-4.35,93.68,86.18,108.66,93.68,89.06,102.9,65.04,169.09,156.33,7.84,0.89,168.83,143.31,16.35,0.95,2.64,2.75,2.9,2.46,3.19,5.42,167.86,156.87,168.16,155.98,162.07,582189400,51398300.0,49938750.0,53655105.0,0.89,67.26,2487588150.97,146.45,0.24,43.88,34.2,15.5,100.0,4.0,96.0,166.51,167.37,168.27,165.61,164.75,160.33,1.16,0.7,2.62,167.11,166.85,167.24,28413554.2
2023-04-20,AAPL,166.09,167.87,165.56,166.65,52456400,3.09,3.11,-0.02,3.09,3.11,-0.02,166.63,166.13,165.42,164.99,164.55,163.89,162.77,161.46,160.62,159.63,158.7,157.84,157.06,155.72,152.61,150.99,166.24,164.43,164.48,163.15,160.12,156.31,154.86,147.65,150.28,165.35,164.34,162.81,166.94,166.99,166.58,166.93,167.14,167.55,0.29,0.29,85.56,57.23,51.41,60.27,61.49,64.52,96.51,99.6,0.29,8.93,2.89,4.29,8.82,-18.02,-12.4,81.98,87.78,70.39,81.98,88.0,69.95,66.03,169.33,156.97,7.57,0.78,169.41,143.21,16.76,0.89,2.71,2.79,2.87,2.57,3.09,5.41,168.35,157.19,168.16,155.98,162.07,529733000,48200460.0,50033220.0,52492835.0,1.0,60.11,2484636059.19,146.47,0.31,40.82,30.03,15.26,96.0,0.0,96.0,167.11,168.68,169.73,166.06,164.49,160.8,-0.98,-0.58,2.31,166.69,166.72,166.68,-2952091.77
2023-04-21,AAPL,165.05,166.45,164.49,165.02,58337300,2.9,3.07,-0.17,2.9,3.07,-0.17,165.83,165.76,165.33,164.99,164.62,164.03,162.99,161.72,160.91,159.93,159.01,158.15,157.38,156.03,152.86,151.13,166.2,164.47,164.65,163.46,160.6,156.57,155.24,147.82,150.39,165.45,164.52,163.13,166.6,167.0,166.74,166.3,166.94,167.54,0.29,0.29,44.98,61.71,48.32,50.3,61.15,63.19,35.82,58.27,-0.37,5.88,0.36,0.12,6.09,-37.47,-25.78,62.53,79.4,28.8,62.53,79.4,28.8,65.49,169.35,157.56,7.21,0.63,169.83,143.31,16.94,0.82,2.69,2.72,2.77,2.58,2.95,5.17,168.43,157.54,168.16,155.98,162.07,471395700,49990620.0,51327940.0,52028595.0,1.12,51.34,2457848523.48,146.49,0.31,36.35,24.13,18.44,92.0,0.0,92.0,166.69,167.83,169.0,165.52,164.38,161.24,-1.63,-0.98,2.16,165.32,165.47,165.24,-26787535.71
2023-04-24,AAPL,165.0,165.6,163.89,165.33,41949600,2.74,3.0,-0.26,2.74,3.0,-0.26,165.58,165.62,165.33,165.05,164.73,164.19,163.21,161.99,161.19,160.23,159.31,158.47,157.69,156.33,153.11,151.27,166.22,164.8,164.68,163.71,161.16,156.86,155.6,148.03,150.48,165.61,164.7,163.43,166.42,167.04,166.92,165.98,166.83,167.56,0.28,0.29,51.12,69.11,54.73,47.79,60.17,61.05,22.88,43.53,0.96,6.66,3.3,-0.84,5.08,-33.77,-23.23,66.23,70.25,58.19,66.23,70.25,58.19,60.38,169.46,157.96,7.02,0.64,170.24,143.47,17.07,0.82,2.12,2.7,2.66,2.44,2.87,4.71,168.6,157.81,168.16,155.98,162.07,513345300,50077300.0,50751210.0,51166250.0,0.82,44.25,2486550881.37,146.5,0.29,30.96,20.94,20.2,88.0,4.0,84.0,165.32,166.15,167.28,164.19,163.36,161.66,0.31,0.19,1.71,164.94,164.74,165.04,28702357.89
2023-04-25,AAPL,165.19,166.31,163.73,163.77,48714100,2.46,2.89,-0.43,2.46,2.89,-0.43,164.67,165.0,164.99,164.82,164.58,164.14,163.26,162.12,161.36,160.42,159.53,158.7,157.93,156.58,153.32,151.39,165.68,165.1,164.52,163.98,161.6,157.11,155.9,148.26,150.57,165.42,164.71,163.6,165.74,166.78,166.87,165.03,166.3,167.27,0.27,0.29,39.39,64.44,47.42,45.36,55.55,56.31,13.38,28.38,-0.54,4.05,2.97,-1.86,5.49,-52.39,-36.04,34.87,54.54,-4.48,47.61,58.79,25.26,53.85,169.14,158.83,6.28,0.48,170.53,143.7,17.08,0.75,2.13,2.76,2.67,2.05,2.58,4.27,168.78,157.75,168.16,155.98,162.07,464631200,49835520.0,50858200.0,50982440.0,0.96,37.45,2439347296.1,146.52,0.28,25.49,20.9,19.76,84.0,0.0,84.0,164.94,165.99,166.65,164.28,163.23,162.05,-1.56,-0.94,2.58,164.6,165.02,164.4,-47203585.27
2023-04-26,AAPL,163.06,165.28,162.8,163.76,45498800,2.21,2.76,-0.54,2.21,2.76,-0.54,164.22,164.59,164.71,164.63,164.46,164.09,163.31,162.24,161.51,160.61,159.74,158.92,158.15,156.81,153.53,151.52,164.91,165.46,164.4,164.29,161.98,157.31,156.24,148.41,150.66,165.18,164.68,163.74,165.23,166.53,166.82,164.37,165.84,167.0,0.26,0.28,26.02,37.6,55.9,50.0,59.21,58.69,-16.52,-6.08,1.07,2.81,3.66,0.0,6.11,-52.51,-36.12,17.91,39.67,-25.61,47.49,53.78,34.92,50.43,168.5,160.08,5.12,0.44,170.83,143.8,17.18,0.74,2.29,2.66,2.65,1.21,2.1,3.93,168.63,157.99,168.16,159.35,163.76,419132400,49391240.0,50394770.0,50957770.0,0.89,37.76,2429073373.52,146.53,0.26,23.7,21.65,14.09,80.0,20.0,60.0,164.6,165.48,167.18,162.9,162.02,162.42,-0.01,-0.01,2.48,163.95,164.04,163.9,-10273922.58
2023-04-27,AAPL,165.19,168.56,165.19,168.41,64902300,2.36,2.68,-0.31,2.36,2.68,-0.31,166.31,165.86,165.53,165.32,165.06,164.63,163.8,162.7,161.96,161.04,160.16,159.33,158.56,157.19,153.82,151.68,165.26,165.75,164.71,164.67,162.49,157.62,156.65,148.61,150.78,165.72,165.08,164.16,166.37,167.15,167.34,166.04,166.64,167.57,0.25,0.27,54.27,63.84,71.06,58.55,65.94,62.58,115.11,129.77,4.73,6.7,2.85,3.75,7.64,-1.71,-1.63,97.4,50.06,192.07,98.29,64.47,165.94,58.35,168.92,160.42,5.16,0.94,171.43,143.8,17.53,0.89,2.67,2.79,2.76,1.53,2.12,3.72,169.38,158.21,168.56,159.78,164.17,484034700,51880420.0,50040440.0,51637600.0,1.26,39.58,2488198020.7,146.56,0.28,23.09,29.02,13.42,100.0,16.0,84.0,163.95,165.09,166.43,162.61,161.47,162.76,4.65,2.84,4.8,167.39,166.88,167.64,59124647.18
2023-04-28,AAPL,168.49,169.85,167.88,169.68,55275900,2.56,2.65,-0.1,2.56,2.65,-0.1,168.0,167.13,166.46,166.11,165.77,165.26,164.36,163.22,162.46,161.52,160.63,159.78,158.99,157.6,154.13,151.86,166.19,166.2,165.04,165.04,162.95,157.9,157.05,148.83,150.9,166.43,165.55,164.62,167.62,167.9,167.95,167.73,167.61,168.29,0.24,0.27,66.07,67.37,75.7,68.6,63.96,62.53,164.21,183.62,5.98,6.76,4.47,7.65,7.32,-1.69,-1.69,97.59,70.96,150.84,98.31,81.37,132.2,59.61,169.69,160.39,5.64,1.0,172.12,143.69,18.0,0.91,2.57,2.61,2.69,1.95,2.33,3.72,169.57,159.14,169.85,159.78,164.82,539310600,51268140.0,50629380.0,51926310.0,1.06,46.87,2533933917.66,146.58,0.28,25.2,34.63,9.12,100.0,12.0,88.0,167.39,169.58,170.76,166.21,164.02,162.8,1.27,0.75,1.97,169.14,168.86,169.27,45735896.95
2023-05-01,AAPL,169.28,170.45,168.64,169.59,52472900,2.67,2.66,0.01,2.67,2.66,0.01,168.79,167.95,167.15,166.74,166.36,165.8,164.85,163.69,162.92,161.97,161.06,160.21,159.41,158.0,154.44,152.04,167.04,166.63,165.55,165.27,163.44,158.22,157.36,149.06,151.0,167.05,165.99,165.05,168.5,168.51,168.49,168.78,168.35,168.87,0.24,0.26,78.96,63.38,65.18,72.62,61.89,65.82,148.47,170.96,2.43,5.83,4.36,8.79,4.69,-8.06,-8.06,88.76,94.58,77.11,91.94,96.18,83.46,60.43,170.35,160.2,6.14,0.93,172.76,143.68,18.38,0.89,2.5,2.6,2.69,2.18,2.54,3.6,170.06,159.65,170.45,159.78,165.12,486837700,53372800.0,51725050.0,51112465.0,1.03,53.78,2536543067.38,146.61,0.22,27.69,35.41,9.13,100.0,8.0,92.0,169.14,170.39,171.11,168.42,167.17,163.5,-0.09,-0.05,1.81,169.56,169.54,169.57,2609149.72
2023-05-02,AAPL,170.09,170.35,167.54,168.54,48425700,2.65,2.66,-0.01,2.65,2.66,-0.01,168.67,168.15,167.46,167.07,166.7,166.15,165.21,164.05,163.28,162.33,161.43,160.57,159.77,158.34,154.72,152.2,168.0,166.84,166.06,165.39,163.81,158.54,157.6,149.32,151.09,167.4,166.3,165.38,168.77,168.83,168.83,168.96,168.66,169.17,0.24,0.26,68.6,53.94,61.92,71.33,56.29,65.05,105.6,123.78,2.02,6.48,2.07,8.44,2.37,-21.15,-17.9,75.03,87.13,50.85,78.85,89.7,57.14,61.31,170.66,160.12,6.37,0.8,173.27,143.81,18.58,0.84,2.59,2.64,2.68,2.26,2.64,3.53,170.49,159.92,170.45,159.78,165.12,438412000,53315120.0,51575320.0,50684940.0,0.96,53.73,2522584057.77,146.63,0.16,31.18,34.9,10.0,96.0,4.0,92.0,169.56,170.48,171.37,168.67,167.75,164.34,-1.05,-0.62,2.81,168.81,168.94,168.74,-13959009.61
2023-05-03,AAPL,169.5,170.92,167.16,167.45,65136000,2.51,2.63,-0.12,2.51,2.63,-0.12,168.06,167.92,167.46,167.14,166.81,166.31,165.42,164.3,163.55,162.62,161.72,160.87,160.07,158.64,154.97,152.36,168.73,166.82,166.55,165.48,164.08,158.92,157.86,149.58,151.2,167.51,166.49,165.61,168.59,168.89,168.99,168.54,168.6,169.21,0.24,0.25,72.55,53.43,57.38,56.13,52.23,59.78,81.06,100.87,1.34,6.22,-0.18,1.89,1.82,-42.73,-31.15,57.27,73.69,24.43,57.27,76.02,19.76,51.24,170.83,160.13,6.47,0.68,173.57,144.27,18.44,0.79,2.89,2.5,2.76,2.26,2.68,3.48,170.43,160.41,170.92,159.78,165.35,373276000,57242560.0,53316900.0,51627825.0,1.26,44.5,2467495632.24,146.65,0.12,32.67,27.79,10.56,100.0,0.0,100.0,168.81,170.08,171.62,167.27,166.0,165.07,-1.09,-0.65,3.76,168.51,169.04,168.24,-55088425.53
2023-05-04,AAPL,164.89,167.04,164.31,165.79,81235400,2.24,2.55,-0.31,2.24,2.55,-0.31,166.92,167.21,167.09,166.89,166.66,166.24,165.45,164.41,163.69,162.8,161.92,161.08,160.29,158.87,155.19,152.49,168.21,166.73,166.57,165.58,164.35,159.26,158.05,149.82,151.27,167.32,166.52,165.72,167.88,168.63,168.92,167.46,168.09,168.92,0.23,0.25,60.35,53.29,47.8,51.73,50.27,55.01,-41.14,7.7,-0.41,3.12,-0.86,0.58,2.03,-63.18,-46.05,36.82,56.37,-2.28,36.82,57.65,-4.82,54.02,170.87,160.29,6.39,0.52,173.74,144.77,18.19,0.73,2.97,2.55,2.83,2.28,2.64,3.29,170.55,160.36,170.92,159.78,165.35,292040600,60509180.0,56194800.0,53114010.0,1.53,36.13,2474339640.3,146.68,0.12,32.02,25.83,18.35,96.0,0.0,96.0,168.51,169.86,172.27,166.1,164.75,170.92,-1.66,-0.99,3.14,165.71,165.68,165.73,6844008.06
2023-05-05,AAPL,170.98,174.3,170.76,173.57,113453200,2.63,2.57,0.06,2.63,2.57,0.06,170.25,169.33,168.53,168.11,167.72,167.16,166.23,165.09,164.33,163.39,162.49,161.62,160.81,159.36,155.55,152.7,168.99,167.59,167.13,166.03,164.83,159.74,158.41,150.13,151.37,168.56,167.28,166.32,169.91,169.8,169.82,170.23,169.67,170.06,0.23,0.24,69.94,71.5,63.45,67.03,63.71,60.99,203.84,199.48,3.54,6.9,8.55,8.34,8.91,-6.35,-5.03,93.65,62.58,155.8,93.65,62.58,155.8,64.26,172.38,159.67,7.66,1.09,174.49,144.99,18.47,0.97,3.83,3.06,3.05,3.04,3.18,3.53,172.35,160.11,174.3,159.78,167.04,405493800,72144640.0,61706390.0,56517165.0,2.01,46.97,2541001407.53,146.74,0.14,33.35,38.47,15.29,100.0,32.0,68.0,165.71,167.12,168.44,164.39,162.98,164.31,7.78,4.69,8.51,172.88,172.53,173.05,66661767.23
2023-05-08,AAPL,172.48,173.85,172.11,173.5,55962800,2.9,2.63,0.26,2.9,2.63,0.26,171.87,170.72,169.63,169.09,168.61,167.95,166.92,165.71,164.92,163.96,163.03,162.14,161.31,159.82,155.9,152.91,169.77,168.41,167.68,166.6,165.28,160.28,158.78,150.42,151.46,169.64,168.0,166.88,171.36,170.78,170.61,172.01,170.92,171.02,0.23,0.24,66.27,77.53,66.18,65.08,62.65,59.58,160.51,180.08,4.11,5.22,8.17,7.03,11.47,-6.96,-5.51,93.04,74.51,130.12,93.04,74.51,130.12,61.66,173.49,159.72,8.26,1.0,175.04,145.51,18.43,0.95,3.39,3.03,2.99,3.44,3.44,3.76,172.98,160.86,174.3,159.78,167.04,349531000,72842620.0,63107710.0,56929460.0,0.98,47.49,2574450437.42,146.77,0.12,32.96,34.1,15.45,96.0,28.0,68.0,172.88,174.99,176.42,171.45,169.34,164.31,-0.07,-0.04,1.74,173.15,172.98,173.24,33449029.89
2023-05-09,AAPL,173.05,173.54,171.6,171.77,45326900,2.93,2.69,0.24,2.93,2.69,0.24,171.82,171.07,170.11,169.58,169.09,168.43,167.38,166.16,165.36,164.39,163.45,162.56,161.72,160.21,156.22,153.09,170.42,169.21,168.03,167.15,165.73,160.75,159.13,150.68,151.55,170.25,168.49,167.3,171.84,171.29,171.1,172.36,171.47,171.53,0.24,0.24,58.15,70.65,65.87,58.67,64.31,57.78,110.58,138.45,4.09,3.37,8.0,4.14,10.97,-22.0,-17.42,74.67,87.12,49.78,78.0,88.23,57.54,56.38,173.83,160.47,8.0,0.85,175.43,146.07,18.26,0.88,3.39,2.98,2.87,3.16,3.34,3.7,173.34,161.42,174.3,159.78,167.04,304204100,72222860.0,62768990.0,56813595.0,0.8,41.84,2537067427.11,146.79,0.12,32.56,32.86,16.92,92.0,24.0,68.0,173.15,174.2,174.89,172.46,171.41,164.51,-1.73,-1.0,1.94,172.3,172.57,172.17,-37383010.31
2023-05-10,AAPL,173.02,174.03,171.9,173.56,53724500,3.07,2.77,0.3,3.07,2.77,0.3,172.69,171.9,170.88,170.3,169.78,169.07,167.97,166.71,165.89,164.9,163.94,163.04,162.18,160.65,156.56,153.3,171.64,170.19,168.43,167.82,166.26,161.28,159.46,150.99,151.65,171.04,169.1,167.8,172.74,172.04,171.75,173.32,172.34,172.27,0.24,0.24,67.78,65.58,68.09,63.99,68.44,62.45,112.07,140.55,4.98,4.79,9.8,6.91,13.46,-6.43,-5.1,92.59,86.77,104.24,93.57,88.2,104.29,58.26,174.22,161.43,7.62,0.95,175.88,146.68,18.11,0.92,3.45,2.98,2.89,2.78,3.2,3.65,173.92,162.02,174.3,161.42,167.86,357928600,69940560.0,63591560.0,56993165.0,0.94,48.31,2567082523.35,146.81,0.18,32.63,34.08,16.94,88.0,20.0,68.0,172.3,173.01,174.24,171.07,170.36,164.71,1.79,1.04,2.26,173.16,172.96,173.26,30015096.24
2023-05-11,AAPL,173.85,174.59,172.17,173.75,49514700,3.16,2.85,0.31,3.16,2.85,0.31,173.22,172.52,171.51,170.93,170.39,169.66,168.52,167.23,166.4,165.39,164.42,163.5,162.64,161.08,156.9,153.5,173.23,170.72,168.9,168.23,166.69,161.85,159.8,151.36,151.77,171.69,169.66,168.29,173.44,172.7,172.35,173.97,173.08,172.93,0.25,0.24,73.83,63.17,73.34,68.77,70.02,61.76,102.95,129.21,6.09,6.1,5.34,8.73,8.19,-7.12,-6.38,91.83,86.37,102.76,92.88,88.15,102.33,60.62,175.06,161.41,8.11,0.9,176.12,147.57,17.64,0.92,3.4,3.0,2.89,2.91,3.41,3.74,174.51,162.53,174.59,162.8,168.7,407443300,63596420.0,62052800.0,56046620.0,0.88,54.85,2582223382.03,146.84,0.14,34.7,35.2,14.29,100.0,16.0,84.0,173.16,174.43,175.29,172.3,171.03,164.9,0.19,0.11,2.42,173.5,173.38,173.56,15140858.68
2023-05-12,AAPL,173.62,174.06,171.0,172.57,45533100,3.1,2.9,0.2,3.1,2.9,0.2,172.9,172.53,171.75,171.23,170.73,170.02,168.91,167.63,166.8,165.79,164.82,163.9,163.03,161.46,157.21,153.69,173.03,171.01,169.4,168.6,167.03,162.38,160.09,151.74,151.84,172.02,170.08,168.67,173.52,173.04,172.74,173.78,173.33,173.27,0.25,0.24,76.61,59.01,69.53,65.01,61.76,64.17,68.72,94.63,5.38,4.8,2.89,7.24,7.36,-17.13,-17.13,80.35,88.26,64.54,82.87,89.77,69.06,64.23,175.53,161.67,8.22,0.79,176.21,148.55,17.03,0.87,3.3,3.09,2.77,2.94,3.46,3.8,175.09,162.72,174.59,162.8,168.7,361910200,50012400.0,61078520.0,55853950.0,0.82,54.48,2583413789.87,146.86,0.14,37.32,34.1,15.16,96.0,12.0,84.0,173.5,174.84,175.92,172.42,171.08,165.29,-1.18,-0.68,3.06,172.54,172.53,172.55,1190407.84
2023-05-15,AAPL,173.16,173.21,171.47,172.07,37266700,2.98,2.91,0.06,2.98,2.91,0.06,172.48,172.38,171.82,171.38,170.93,170.28,169.21,167.96,167.14,166.14,165.17,164.25,163.38,161.8,157.51,153.87,172.74,171.26,169.85,168.94,167.27,162.8,160.39,152.14,151.92,172.22,170.41,168.99,173.39,173.22,173.02,173.36,173.38,173.45,0.25,0.25,36.26,61.04,59.95,68.0,61.45,65.45,51.99,78.67,2.17,6.2,2.48,8.3,6.84,-21.37,-21.37,75.49,82.56,61.35,78.63,84.79,66.3,65.15,175.85,162.04,8.17,0.73,176.5,149.1,16.83,0.84,3.1,3.03,2.73,2.91,3.45,3.88,175.27,163.14,174.59,162.8,168.7,324643500,46273180.0,59557900.0,55641475.0,0.67,55.11,2571848262.29,146.88,0.1,39.71,33.11,15.46,92.0,8.0,84.0,172.54,174.09,175.6,171.03,169.48,165.66,-0.5,-0.29,1.74,172.25,172.34,172.2,-11565527.59
2023-05-16,AAPL,171.99,173.14,171.8,172.07,42110300,2.85,2.9,-0.05,2.85,2.9,-0.05,172.28,172.28,171.88,171.5,171.11,170.5,169.48,168.26,167.46,166.47,165.51,164.59,163.72,162.14,157.8,154.05,172.8,171.61,170.41,169.22,167.46,163.16,160.72,152.53,151.97,172.37,170.7,169.3,173.25,173.35,173.25,173.01,173.38,173.58,0.25,0.25,36.73,65.5,56.98,68.03,61.42,66.73,45.57,72.39,1.41,7.01,3.53,8.31,5.6,-24.51,-21.37,75.49,77.11,72.24,75.49,78.99,68.47,54.92,176.16,162.29,8.19,0.71,176.86,149.47,16.79,0.83,2.07,2.95,2.73,2.76,3.47,3.97,175.38,163.58,174.59,162.8,168.7,324643500,45629860.0,58926360.0,55250840.0,0.76,60.44,2546707784.67,146.9,0.08,41.26,34.02,13.63,88.0,4.0,84.0,172.25,173.03,173.99,171.29,170.51,166.01,0.0,0.0,1.34,172.34,172.47,172.27,-25140477.61
2023-05-17,AAPL,171.71,172.93,170.42,172.69,57951600,2.76,2.87,-0.11,2.76,2.87,-0.11,172.48,172.41,172.06,171.72,171.35,170.77,169.79,168.59,167.79,166.81,165.86,164.95,164.07,162.49,158.09,154.24,172.63,172.13,171.0,169.48,167.7,163.59,161.12,152.91,152.02,172.56,171.03,169.64,173.32,173.57,173.53,173.01,173.5,173.79,0.25,0.25,60.75,74.89,58.78,61.25,60.61,61.53,29.45,58.55,1.83,7.86,5.24,4.28,5.06,-18.48,-16.12,54.44,68.47,26.37,81.52,78.54,87.47,56.01,176.53,162.42,8.33,0.73,177.13,150.04,16.56,0.84,2.18,2.79,2.75,2.34,3.53,4.07,175.36,164.21,174.59,162.8,168.7,382595100,46475280.0,58207920.0,55762410.0,1.04,52.92,2593577006.98,146.93,0.1,40.14,27.61,17.97,84.0,0.0,84.0,172.34,172.87,173.68,171.53,171.0,166.36,0.62,0.36,2.51,172.01,171.68,172.18,46869222.31
2023-05-18,AAPL,173.0,175.24,172.58,175.05,65496700,2.85,2.87,-0.02,2.85,2.87,-0.02,173.77,173.29,172.72,172.33,171.92,171.31,170.29,169.07,168.26,167.27,166.31,165.38,164.51,162.9,158.43,154.45,172.89,173.06,171.44,169.9,168.08,164.03,161.56,153.33,152.1,173.09,171.56,170.11,174.13,174.16,174.07,174.05,174.19,174.37,0.25,0.25,65.36,58.77,67.16,63.35,62.16,64.94,96.99,98.55,3.86,5.73,9.26,5.37,8.4,-1.74,-1.53,96.06,75.33,137.52,98.26,85.09,124.61,63.34,177.24,162.55,8.64,0.85,177.59,150.47,16.54,0.91,2.28,2.84,2.75,1.01,3.67,4.21,175.96,164.62,175.24,162.8,169.02,448091800,49671680.0,56634050.0,56414425.0,1.16,53.62,2649717035.56,146.96,0.15,37.79,29.7,17.66,100.0,0.0,100.0,172.01,173.61,174.52,171.1,169.5,166.69,2.36,1.37,2.66,174.29,173.91,174.48,56140028.57
2023-05-19,AAPL,176.39,176.39,174.94,175.16,55809500,2.9,2.88,0.03,2.9,2.88,0.03,174.46,173.92,173.26,172.84,172.42,171.79,170.75,169.52,168.71,167.71,166.74,165.81,164.92,163.3,158.76,154.65,173.41,173.22,171.81,170.4,168.43,164.52,161.99,153.77,152.14,173.47,172.07,170.57,174.74,174.68,174.55,174.75,174.75,174.87,0.25,0.25,64.78,59.79,71.43,63.84,64.35,65.03,130.75,113.62,4.6,6.02,1.59,5.57,10.14,-10.18,-9.05,79.4,76.63,84.93,89.82,89.87,89.72,59.1,177.73,163.08,8.6,0.82,177.87,151.17,16.23,0.9,2.17,2.81,2.71,1.2,3.66,4.35,176.37,165.13,176.39,162.8,169.6,503901300,51726960.0,50869680.0,56288035.0,0.99,53.92,2610842832.11,146.99,0.14,35.55,31.37,17.82,100.0,32.0,68.0,174.29,176.0,176.95,173.34,171.63,167.2,0.11,0.06,1.45,175.5,175.66,175.41,-38874203.45
2023-05-22,AAPL,173.98,174.71,173.45,174.2,43570900,2.83,2.87,-0.04,2.83,2.87,-0.04,174.33,174.01,173.47,173.09,172.69,172.09,171.08,169.87,169.06,168.07,167.1,166.17,165.29,163.66,159.06,154.85,173.83,173.29,172.12,170.85,168.83,165.04,162.45,154.21,152.18,173.65,172.43,170.94,174.85,174.93,174.86,174.73,174.92,175.12,0.25,0.25,67.91,65.76,74.32,64.12,65.84,61.8,78.88,77.67,5.07,5.43,0.7,5.66,8.87,-18.13,-16.11,63.32,79.59,30.77,81.87,89.98,65.65,57.92,177.95,163.75,8.31,0.74,177.84,152.23,15.52,0.86,2.07,2.73,2.69,1.24,3.55,4.3,176.54,165.62,176.39,162.8,169.6,460330400,52987800.0,49630490.0,56369100.0,0.77,54.15,2619142051.15,147.01,0.12,33.37,32.27,19.35,96.0,28.0,68.0,175.5,176.05,176.95,174.6,174.05,167.94,-0.96,-0.55,1.71,174.12,174.08,174.14,8299219.05
2023-05-23,AAPL,173.13,173.38,171.28,171.56,50747300,2.53,2.8,-0.27,2.53,2.8,-0.27,172.95,173.19,173.05,172.81,172.52,172.02,171.13,169.99,169.22,168.26,167.32,166.41,165.53,163.92,159.31,155.01,173.73,173.27,172.32,171.24,169.19,165.46,162.84,154.66,152.21,173.34,172.5,171.12,174.02,174.65,174.8,173.48,174.35,174.83,0.24,0.25,46.19,38.32,41.73,59.52,59.95,55.74,-26.14,24.32,-1.16,3.06,-0.21,4.11,7.79,-39.98,-35.54,19.1,53.94,-50.59,60.02,77.24,25.58,52.78,177.51,164.96,7.33,0.53,177.68,153.24,14.77,0.75,2.05,2.67,2.74,1.27,3.14,4.05,176.47,165.78,176.39,162.8,169.6,409583100,54715200.0,50172530.0,56470760.0,0.9,55.03,2581927364.49,147.03,0.13,30.9,31.47,25.59,92.0,24.0,68.0,174.12,174.79,175.38,173.53,172.86,168.61,-2.64,-1.52,2.92,172.07,172.33,171.94,-37214686.67
2023-05-24,AAPL,171.09,172.42,170.52,171.84,45143500,2.29,2.7,-0.41,2.29,2.7,-0.41,172.39,172.74,172.78,172.63,172.41,172.0,171.19,170.13,169.39,168.46,167.54,166.64,165.78,164.18,159.56,155.18,173.56,173.1,172.61,171.64,169.58,165.84,163.25,155.09,152.25,173.08,172.55,171.29,173.48,174.44,174.77,172.74,173.92,174.61,0.23,0.24,48.35,38.96,43.28,64.97,63.44,57.74,-110.63,1.71,-0.96,2.51,-1.72,6.05,8.08,-76.21,-33.48,23.79,35.4,0.56,23.79,55.22,-39.09,55.83,176.84,166.45,6.05,0.52,177.61,154.07,14.2,0.75,2.07,2.58,2.71,1.34,2.6,3.69,176.36,166.03,176.39,164.31,170.35,454726600,52153580.0,49314430.0,56452995.0,0.8,57.42,2599509569.75,147.05,0.15,31.28,32.55,20.69,88.0,20.0,68.0,172.07,172.87,174.17,170.77,169.97,169.23,0.28,0.16,1.9,171.59,171.47,171.66,17582205.26
2023-05-25,AAPL,172.41,173.9,171.69,172.99,56058300,2.16,2.59,-0.43,2.16,2.59,-0.43,172.69,172.82,172.83,172.7,172.5,172.13,171.36,170.34,169.62,168.71,167.81,166.92,166.06,164.47,159.83,155.36,173.15,173.02,173.09,171.87,169.83,166.24,163.71,155.52,152.29,173.06,172.68,171.51,173.44,174.46,174.87,172.76,173.85,174.6,0.22,0.24,52.0,52.44,55.18,47.86,64.81,62.06,-9.45,39.64,0.71,3.8,-0.76,-0.58,4.58,-56.95,-28.15,43.05,28.64,71.86,43.05,42.28,44.58,55.44,176.86,166.88,5.81,0.61,177.58,154.9,13.64,0.8,2.19,2.13,2.7,1.32,2.5,3.66,175.63,167.1,176.39,164.31,170.35,510784900,50265900.0,49968790.0,56010795.0,1.0,53.95,2609402210.93,147.08,0.11,28.99,20.06,25.05,84.0,16.0,68.0,171.59,172.67,173.49,170.77,169.69,169.81,1.15,0.67,2.21,172.86,172.8,172.89,9892641.18
2023-05-26,AAPL,173.32,175.77,173.11,175.43,54835000,2.24,2.52,-0.28,2.24,2.52,-0.28,174.06,173.69,173.4,173.2,172.95,172.54,171.75,170.72,170.0,169.09,168.18,167.29,166.43,164.82,160.13,155.56,173.2,173.31,173.21,172.16,170.17,166.63,164.2,156.02,152.32,173.5,173.02,171.87,174.21,174.9,175.26,173.87,174.4,175.01,0.22,0.23,52.51,65.91,57.52,56.05,62.12,64.35,115.37,108.62,1.08,6.31,2.86,1.93,5.75,-16.08,-7.95,83.92,50.25,151.26,83.92,50.25,151.26,56.13,177.28,167.03,5.95,0.82,177.86,155.41,13.48,0.89,2.23,2.21,2.6,1.51,2.56,3.7,176.17,167.34,176.39,164.31,170.35,565619900,50071000.0,50898980.0,55988750.0,0.98,53.91,2650219241.0,147.11,0.1,26.48,25.44,24.21,80.0,12.0,68.0,172.86,174.03,175.07,171.82,170.65,170.33,2.44,1.41,2.78,174.77,174.44,174.94,40817030.08
2023-05-30,AAPL,176.96,178.99,176.57,177.3,55964400,2.42,2.5,-0.08,2.42,2.5,-0.08,175.68,174.9,174.27,173.94,173.62,173.13,172.28,171.2,170.47,169.54,168.62,167.73,166.86,165.23,160.47,155.77,173.82,173.83,173.47,172.54,170.57,167.08,164.64,156.53,152.36,174.22,173.51,172.33,175.38,175.61,175.83,175.45,175.32,175.7,0.21,0.23,61.46,71.04,62.58,67.18,62.89,69.06,216.02,202.01,2.04,7.24,5.23,5.53,7.71,-19.72,-11.51,80.28,69.08,102.67,80.28,69.08,102.67,52.87,178.0,167.08,6.33,0.94,178.19,155.97,13.3,0.96,2.36,2.32,2.68,1.89,2.73,3.79,176.93,167.63,178.99,164.31,171.65,621584300,52549700.0,52768750.0,56163325.0,1.0,61.0,2628018487.28,147.14,0.08,25.82,34.07,21.43,100.0,8.0,92.0,174.77,176.43,177.43,173.77,172.11,170.82,1.87,1.07,3.56,177.62,177.78,177.54,-22200753.72
2023-05-31,AAPL,177.33,179.35,176.76,177.25,99625300,2.53,2.5,0.02,2.53,2.5,0.02,176.47,175.68,174.93,174.54,174.18,173.65,172.75,171.65,170.91,169.97,169.05,168.14,167.26,165.63,160.81,155.99,174.96,174.35,173.83,172.98,170.93,167.48,165.03,157.05,152.39,174.85,173.96,172.76,176.21,176.19,176.33,176.46,176.03,176.27,0.21,0.23,68.09,69.22,68.03,62.86,62.97,68.98,165.07,185.74,2.71,8.23,5.18,3.69,8.71,-23.52,-13.96,76.22,80.14,68.37,76.48,80.23,69.0,50.48,178.48,167.47,6.36,0.89,178.6,156.36,13.28,0.94,2.52,2.35,2.71,2.06,2.75,3.9,177.45,168.06,179.35,164.31,171.83,521959000,62325300.0,58520250.0,58723305.0,1.7,63.48,2566089246.74,147.2,0.04,25.01,33.33,21.22,100.0,4.0,96.0,177.62,178.67,180.04,176.25,175.2,171.63,-0.05,-0.03,2.59,177.79,178.06,177.65,-61929240.54
2023-06-01,AAPL,177.7,180.12,176.93,180.09,68901800,2.81,2.57,0.25,2.81,2.57,0.25,178.28,177.15,176.08,175.55,175.09,174.45,173.45,172.28,171.5,170.53,169.58,168.66,167.77,166.1,161.19,156.23,176.61,175.09,174.27,173.61,171.35,167.89,165.5,157.56,152.43,175.89,174.64,173.35,177.74,177.2,177.13,178.37,177.32,177.26,0.22,0.23,99.42,70.42,76.17,68.65,68.44,67.32,163.78,197.26,4.66,9.97,7.4,6.34,12.64,-0.31,-0.19,99.69,85.39,128.27,99.69,85.48,128.1,56.94,179.34,167.88,6.6,1.07,179.31,156.47,13.6,1.03,2.74,2.4,2.73,2.64,2.87,4.19,178.26,168.65,180.12,164.31,172.22,590860800,67076960.0,59615270.0,58911595.0,1.17,64.49,2633695088.12,147.24,0.14,23.64,33.19,20.73,100.0,0.0,100.0,177.79,178.81,180.38,176.22,175.2,172.56,2.84,1.6,3.19,179.05,178.52,179.31,67605841.38
2023-06-02,AAPL,181.03,181.78,179.26,180.95,61996900,3.07,2.67,0.4,3.07,2.67,0.4,179.61,178.42,177.16,176.53,175.99,175.27,174.17,172.92,172.11,171.11,170.14,169.19,168.28,166.59,161.58,156.47,178.2,175.68,174.75,174.37,171.82,168.36,165.97,158.07,152.46,176.96,175.33,173.97,179.13,178.2,177.94,179.97,178.58,178.26,0.22,0.22,99.46,72.12,77.44,75.12,71.72,66.92,164.27,213.49,5.16,7.45,5.9,8.38,15.16,-7.31,-4.75,92.63,89.51,98.86,92.69,89.62,98.84,62.26,179.74,168.99,6.16,1.11,179.98,156.73,13.81,1.04,2.68,2.36,2.67,3.23,2.69,4.44,178.89,169.44,181.78,170.42,176.1,652857700,68264680.0,59265290.0,57949670.0,1.07,70.98,2654852760.35,147.28,0.16,23.59,38.75,17.53,100.0,20.0,80.0,179.05,181.16,182.24,177.97,175.86,173.62,0.86,0.48,2.52,180.66,180.52,180.74,21157672.22
2023-06-05,AAPL,182.63,184.95,178.04,179.58,121946500,3.13,2.76,0.37,3.13,2.76,0.37,179.6,178.8,177.7,177.09,176.54,175.8,174.68,173.41,172.59,171.58,170.6,169.65,168.73,167.01,161.94,156.7,179.03,176.12,175.22,174.67,172.31,168.77,166.45,158.55,152.49,177.66,175.83,174.47,179.67,178.8,178.5,180.34,179.21,178.87,0.23,0.23,84.94,69.93,70.35,71.4,72.39,64.44,133.44,174.02,3.99,5.83,4.42,7.51,6.01,-36.96,-36.96,62.79,85.03,18.29,63.04,85.14,18.84,53.19,180.51,168.83,6.68,0.92,180.5,157.04,13.9,0.96,3.39,2.73,2.85,3.44,2.92,4.47,180.15,169.22,184.95,170.42,177.68,530911200,81686980.0,65878990.0,58374335.0,2.09,78.05,2587261574.38,147.35,0.04,24.33,41.8,15.16,100.0,16.0,84.0,180.66,182.07,183.18,179.55,178.14,174.92,-1.37,-0.76,6.91,180.86,181.5,180.54,-67591185.96
2023-06-06,AAPL,179.97,180.12,177.43,179.21,64848400,3.11,2.83,0.28,3.11,2.83,0.28,179.4,178.94,178.03,177.47,176.95,176.23,175.11,173.84,173.02,172.01,171.02,170.06,169.14,167.41,162.28,156.93,179.42,176.62,175.69,174.95,172.77,169.15,166.97,159.01,152.52,178.23,176.26,174.92,179.9,179.23,178.95,180.33,179.6,179.31,0.23,0.23,75.68,84.06,63.92,69.92,62.06,65.73,72.36,102.74,2.38,5.67,5.01,7.14,5.71,-39.5,-39.5,60.22,71.88,36.91,60.5,72.08,37.33,54.43,181.1,168.81,7.03,0.85,180.98,157.32,13.99,0.93,3.46,2.83,2.58,3.5,3.07,4.44,180.77,169.46,184.95,170.42,177.68,466062800,83463780.0,68006740.0,58818615.0,1.1,71.36,2608234848.73,147.39,0.03,24.33,40.38,16.19,96.0,12.0,84.0,180.86,183.67,187.77,176.76,173.95,176.73,-0.37,-0.21,2.69,178.92,178.78,178.99,20973274.35
2023-06-07,AAPL,178.44,181.21,177.32,177.82,61944600,2.95,2.85,0.1,2.95,2.85,0.1,178.61,178.57,177.99,177.54,177.09,176.43,175.37,174.14,173.33,172.33,171.35,170.4,169.48,167.76,162.59,157.14,179.53,177.25,176.07,175.26,173.24,169.54,167.42,159.46,152.55,178.45,176.54,175.24,179.57,179.33,179.16,179.6,179.52,179.41,0.24,0.23,53.78,74.23,58.2,63.72,58.74,65.16,59.07,86.67,1.52,5.51,6.26,5.13,6.05,-49.41,-49.07,46.23,56.41,25.86,50.59,58.04,35.68,46.31,181.34,169.17,6.94,0.71,181.19,157.88,13.75,0.86,3.62,2.93,2.68,3.02,3.04,4.19,181.23,169.52,184.95,170.42,177.68,404118200,75927640.0,69126470.0,59649500.0,1.04,70.87,2562214310.43,147.42,0.02,26.71,41.68,12.27,92.0,8.0,84.0,178.92,180.41,181.61,177.72,176.23,184.95,-1.39,-0.78,3.89,178.78,179.26,178.54,-46020538.3
2023-06-08,AAPL,177.9,180.84,177.46,180.57,50214900,3.01,2.88,0.12,3.01,2.88,0.12,179.59,179.23,178.56,178.09,177.62,176.95,175.87,174.61,173.79,172.79,171.8,170.84,169.91,168.18,162.94,157.37,179.63,178.12,176.6,175.61,173.8,170.0,167.89,159.91,152.61,179.05,177.04,175.72,180.2,179.89,179.69,180.3,180.13,179.98,0.24,0.23,67.33,77.19,67.68,64.47,67.11,70.93,69.38,93.99,3.66,7.84,8.73,5.52,7.01,-30.35,-30.14,63.01,56.49,76.05,69.65,60.24,88.45,49.6,182.07,169.14,7.37,0.88,181.54,158.45,13.59,0.96,3.6,2.98,2.75,2.5,3.23,4.0,181.82,169.91,184.95,170.42,177.68,454333100,72190260.0,69633610.0,59474020.0,0.84,70.43,2604406711.61,147.45,0.03,28.41,35.42,12.06,88.0,4.0,84.0,178.78,180.25,182.67,176.36,174.89,184.8,2.75,1.55,3.38,179.62,179.15,179.86,42192401.18
2023-06-09,AAPL,181.5,182.23,180.63,180.96,48900000,3.05,2.92,0.13,3.05,2.92,0.13,180.28,179.81,179.09,178.61,178.14,177.45,176.35,175.08,174.26,173.24,172.25,171.28,170.35,168.6,163.3,157.6,179.63,178.92,176.99,175.97,174.22,170.4,168.35,160.36,152.68,179.57,177.55,176.18,180.77,180.43,180.21,180.88,180.7,180.53,0.24,0.23,56.1,73.25,79.82,64.98,65.21,63.24,95.0,114.35,5.48,9.15,7.97,5.8,7.21,-27.65,-27.46,52.39,53.87,49.41,72.35,64.19,88.66,50.39,182.79,169.14,7.76,0.87,182.04,158.76,13.66,0.95,3.46,2.99,2.72,1.88,3.41,4.07,182.34,170.36,184.95,170.42,177.68,503233100,69570880.0,68917780.0,59443285.0,0.82,70.26,2575677961.61,147.48,-0.01,30.0,35.81,12.0,84.0,0.0,84.0,179.62,181.79,183.0,178.41,176.24,184.65,0.39,0.22,1.66,181.27,181.43,181.2,-28728750.0
2023-06-12,AAPL,181.27,183.89,180.97,183.79,54274900,3.28,2.99,0.29,3.28,2.99,0.29,182.03,181.14,180.14,179.55,179.01,178.24,177.06,175.73,174.87,173.83,172.81,171.82,170.87,169.09,163.7,157.86,180.47,179.75,177.57,176.53,174.69,170.83,168.82,160.85,152.76,180.45,178.3,176.79,182.09,181.39,181.01,182.49,181.86,181.49,0.25,0.24,65.6,75.25,82.63,72.59,68.62,66.78,119.81,130.39,6.95,5.89,8.36,9.59,11.22,-8.04,-7.98,85.84,67.08,123.36,91.96,77.99,119.91,51.21,183.99,169.07,8.46,0.99,182.84,158.82,14.06,1.04,3.43,3.08,2.74,2.01,3.73,4.34,183.22,170.9,184.95,170.42,177.68,557508000,56036560.0,68861770.0,59880375.0,0.91,75.45,2626235402.71,147.52,0.04,32.85,38.65,8.21,80.0,32.0,48.0,181.27,181.92,182.87,180.32,179.67,184.5,2.83,1.56,2.93,182.88,182.43,183.11,50557441.1
2023-06-13,AAPL,182.8,184.15,182.44,183.31,54929100,3.38,3.07,0.31,3.38,3.07,0.31,182.67,181.86,180.84,180.24,179.67,178.87,177.65,176.29,175.42,174.35,173.32,172.32,171.36,169.56,164.09,158.12,181.29,180.35,178.18,177.09,175.15,171.2,169.29,161.33,152.83,181.1,178.94,177.35,182.87,182.12,181.67,183.28,182.65,182.22,0.25,0.24,72.72,72.82,79.25,80.81,70.45,69.61,121.15,124.74,5.97,5.65,6.01,11.75,11.24,-11.37,-11.29,79.55,72.59,93.47,88.63,84.32,97.27,51.32,184.83,169.35,8.74,0.9,183.58,158.81,14.47,0.99,3.31,2.99,2.68,2.09,3.87,4.5,183.64,171.67,184.95,170.42,177.68,502578900,54052700.0,68758240.0,60763495.0,0.9,81.08,2627199071.13,147.55,0.05,38.19,40.39,3.27,76.0,28.0,48.0,182.88,184.8,185.8,181.88,179.96,184.36,-0.48,-0.26,1.71,183.3,183.3,183.3,963668.42
2023-06-14,AAPL,183.37,184.39,182.02,183.95,57462900,3.47,3.15,0.32,3.47,3.15,0.32,183.31,182.56,181.53,180.91,180.33,179.51,178.25,176.86,175.97,174.89,173.84,172.83,171.86,170.03,164.49,158.37,182.52,181.02,179.0,177.68,175.66,171.55,169.73,161.79,152.93,181.75,179.6,177.92,183.62,182.83,182.33,184.01,183.43,182.95,0.26,0.24,77.95,67.42,76.89,81.16,72.5,68.38,116.75,117.57,4.86,7.09,6.7,12.11,11.88,-7.54,-6.88,86.89,84.09,92.49,92.46,91.02,95.34,59.54,185.62,169.75,8.93,0.89,184.36,158.74,14.94,0.98,2.66,3.03,2.71,2.06,3.97,4.6,184.31,172.2,184.95,170.42,177.68,560041800,53156360.0,64542000.0,61531125.0,0.93,86.14,2663325535.69,147.59,0.09,42.92,39.94,2.43,72.0,24.0,48.0,183.3,184.16,185.01,182.45,181.59,177.32,0.64,0.35,2.37,183.45,183.2,183.58,36126464.56
2023-06-15,AAPL,183.96,186.52,183.78,186.01,65433200,3.67,3.25,0.41,3.67,3.25,0.41,184.66,183.71,182.53,181.84,181.2,180.32,178.99,177.54,176.62,175.51,174.43,173.4,172.41,170.56,164.91,158.65,183.6,181.61,179.95,178.35,176.28,171.96,170.18,162.24,153.05,182.66,180.39,178.59,184.81,183.8,183.18,185.35,184.55,183.94,0.27,0.25,94.75,70.6,77.17,82.01,74.49,70.34,152.63,142.86,4.91,7.17,5.92,13.02,13.32,-3.8,-3.17,94.46,86.97,109.44,96.2,92.43,103.73,60.82,186.74,169.96,9.41,0.96,185.29,158.63,15.5,1.03,2.67,3.07,2.78,2.55,4.2,4.7,185.12,172.86,186.52,170.52,178.52,625475000,56200020.0,64195140.0,61905205.0,1.06,86.34,2704400391.16,147.64,0.09,48.48,40.96,2.4,100.0,20.0,80.0,183.45,184.89,185.82,182.52,181.08,177.46,2.06,1.12,2.74,185.44,185.15,185.58,41074855.47
2023-06-16,AAPL,186.73,186.99,184.27,184.92,101256200,3.69,3.34,0.35,3.69,3.34,0.35,184.79,184.11,183.06,182.4,181.77,180.9,179.56,178.08,177.15,176.03,174.95,173.9,172.9,171.03,165.31,158.91,184.4,182.01,180.74,178.84,176.92,172.38,170.63,162.66,153.18,183.26,181.01,179.14,185.29,184.42,183.79,185.66,185.14,184.58,0.27,0.25,79.04,72.25,72.47,74.99,71.14,70.55,131.78,129.04,4.33,6.43,3.97,9.49,9.87,-19.87,-12.57,78.59,86.65,62.48,80.13,89.6,61.21,62.31,187.57,170.11,9.76,0.85,185.99,158.78,15.79,0.96,2.5,3.06,2.79,2.74,4.37,4.53,185.68,173.43,186.99,170.52,178.76,524218800,66671260.0,68121070.0,63693180.0,1.59,76.35,2651538698.51,147.71,0.0,54.59,37.75,2.4,100.0,16.0,84.0,185.44,187.09,188.18,184.35,182.7,177.82,-1.09,-0.59,2.72,185.39,185.63,185.27,-52861692.65
2023-06-20,AAPL,184.41,186.1,184.41,185.01,49799100,3.68,3.41,0.27,3.68,3.41,0.27,184.9,184.41,183.49,182.87,182.27,181.41,180.08,178.6,177.66,176.53,175.44,174.39,173.38,171.48,165.7,159.17,184.64,182.56,181.38,179.34,177.3,172.79,171.07,163.1,153.32,183.81,181.6,179.67,185.63,184.95,184.34,185.82,185.61,185.12,0.28,0.26,78.16,74.74,67.18,72.4,68.68,71.83,104.1,111.46,2.73,7.21,5.43,7.71,9.85,-19.35,-12.02,79.52,84.19,70.19,80.65,85.66,70.62,57.36,188.3,170.37,10.0,0.82,186.67,158.91,16.06,0.94,2.26,2.93,2.74,2.74,4.48,4.71,185.93,174.22,186.99,170.52,178.76,574017900,65776100.0,60906330.0,63392660.0,0.79,70.97,2637099906.21,147.74,0.02,59.06,31.62,2.51,96.0,12.0,84.0,185.39,186.52,188.11,183.8,182.67,178.37,0.09,0.05,1.69,185.17,185.26,185.13,-14438792.31
2023-06-21,AAPL,184.9,185.41,182.59,183.96,49515700,3.54,3.43,0.11,3.54,3.43,0.11,184.43,184.26,183.6,183.07,182.53,181.73,180.45,178.99,178.06,176.94,175.85,174.8,173.79,171.89,166.06,159.42,184.77,183.03,181.83,179.82,177.65,173.23,171.46,163.5,153.45,184.06,182.04,180.1,185.49,185.19,184.7,185.37,185.67,185.38,0.28,0.26,51.57,76.98,60.37,68.42,65.94,69.37,59.14,80.99,1.66,6.91,4.75,6.71,9.76,-30.12,-18.4,68.21,75.44,53.73,69.88,76.89,55.87,58.7,188.67,170.98,9.84,0.73,187.11,159.35,16.02,0.89,2.43,2.94,2.8,2.5,4.42,4.81,186.34,174.56,186.99,170.52,178.76,524502200,64693420.0,59373060.0,63689900.0,0.78,63.97,2635695205.5,147.77,0.01,61.98,30.57,6.91,92.0,8.0,84.0,185.17,185.94,186.86,184.25,183.48,178.89,-1.05,-0.57,2.82,183.99,184.0,183.98,-1404700.71
2023-06-22,AAPL,183.74,187.05,183.67,187.0,51245300,3.63,3.47,0.16,3.63,3.47,0.16,185.72,185.17,184.35,183.79,183.22,182.39,181.07,179.59,178.64,177.5,176.4,175.33,174.31,172.39,166.47,159.69,185.38,183.95,182.48,180.6,178.15,173.75,171.94,163.91,153.61,184.78,182.73,180.7,186.35,185.92,185.39,186.37,186.46,186.13,0.28,0.27,73.15,77.55,72.93,68.77,71.56,71.61,103.43,109.26,4.13,8.68,9.18,6.91,15.44,-0.51,-0.3,99.22,82.32,133.03,99.49,83.34,131.78,59.71,189.1,172.1,9.41,0.88,187.69,159.81,16.05,0.98,2.49,2.96,2.88,2.01,4.25,4.97,186.99,175.16,187.05,170.52,178.79,575747500,63449900.0,58303130.0,63714800.0,0.8,63.35,2685424372.36,147.81,0.08,64.98,32.53,6.88,100.0,4.0,96.0,183.99,185.38,186.81,182.56,181.17,179.38,3.04,1.65,3.38,185.91,185.36,186.18,49729166.86
2023-06-23,AAPL,185.55,187.56,185.01,186.68,53117000,3.64,3.51,0.13,3.64,3.51,0.13,186.2,185.68,184.87,184.31,183.75,182.92,181.61,180.11,179.16,178.01,176.9,175.83,174.79,172.86,166.87,159.96,185.51,184.56,182.91,181.34,178.59,174.28,172.42,164.34,153.77,185.28,183.3,181.25,186.84,186.48,185.95,186.83,186.99,186.7,0.29,0.27,67.84,74.66,73.16,66.03,77.63,68.72,104.78,111.49,4.17,8.1,6.11,5.73,14.84,-8.59,-5.16,86.65,84.69,90.56,91.41,86.92,100.37,60.6,189.18,173.49,8.65,0.84,188.13,160.44,15.88,0.95,2.61,2.96,2.87,1.79,3.92,5.12,187.53,175.69,187.56,171.69,179.62,522630500,60986660.0,58593340.0,64113475.0,0.83,63.06,2701880227.26,147.85,0.08,66.74,29.73,6.88,100.0,0.0,100.0,185.91,188.14,189.29,184.76,182.53,179.99,-0.32,-0.17,2.55,186.42,186.28,186.48,16455854.9
2023-06-26,AAPL,186.83,188.05,185.23,185.27,48088700,3.49,3.5,-0.01,3.49,3.5,-0.01,185.73,185.54,184.96,184.49,183.98,183.22,181.95,180.49,179.55,178.41,177.31,176.24,175.2,173.26,167.24,160.21,185.58,184.99,183.2,181.95,178.98,174.68,172.83,164.75,153.92,185.41,183.68,181.68,186.7,186.68,186.28,186.43,187.0,186.91,0.29,0.27,44.71,57.27,73.07,65.88,73.57,65.62,87.09,97.74,4.19,5.84,4.31,5.69,12.28,-25.91,-16.99,53.9,79.92,1.85,74.09,88.33,45.62,54.3,188.92,174.99,7.66,0.74,188.63,160.73,15.97,0.88,2.67,2.67,2.91,1.27,3.48,5.18,187.29,176.62,188.05,173.11,180.58,474541800,50353160.0,58512210.0,63714995.0,0.75,53.78,2655155745.7,147.88,0.04,67.29,25.81,7.63,100.0,16.0,84.0,186.42,187.82,188.97,185.27,183.87,180.75,-1.41,-0.76,2.82,186.18,186.64,185.96,-46724481.56
2023-06-27,AAPL,185.89,188.39,185.67,188.06,50730800,3.56,3.51,0.04,3.56,3.51,0.04,186.9,186.38,185.65,185.14,184.61,183.82,182.54,181.05,180.1,178.95,177.83,176.75,175.71,173.75,167.65,160.49,186.19,185.42,183.77,182.58,179.49,175.14,173.26,165.18,154.08,185.97,184.26,182.27,187.48,187.34,186.91,187.36,187.7,187.57,0.29,0.28,68.05,69.02,73.13,71.77,75.01,70.26,111.71,116.09,4.15,7.36,4.27,8.85,12.63,-2.98,-2.16,94.82,78.45,127.55,97.02,87.51,116.05,56.24,189.35,175.82,7.41,0.9,189.31,160.96,16.19,0.96,2.73,2.7,2.95,1.51,3.38,5.29,187.93,177.14,188.39,176.57,182.48,525272600,50539500.0,58157800.0,63509785.0,0.8,61.03,2693576866.29,147.92,0.03,68.75,26.42,5.93,100.0,12.0,88.0,186.18,187.14,189.0,184.32,183.36,181.62,2.79,1.51,3.12,187.37,187.03,187.54,38421120.59
2023-06-28,AAPL,187.93,189.9,187.6,189.25,51216800,3.66,3.54,0.12,3.66,3.54,0.12,188.07,187.34,186.45,185.88,185.33,184.5,183.18,181.66,180.69,179.52,178.39,177.29,176.24,174.26,168.08,160.78,187.25,186.01,184.44,183.18,180.06,175.62,173.67,165.56,154.24,186.66,184.9,182.9,188.41,188.1,187.61,188.47,188.54,188.34,0.29,0.28,71.63,70.32,74.4,78.39,73.93,77.01,147.23,140.32,4.58,8.64,5.94,11.43,11.95,-5.23,-4.88,91.11,79.94,113.44,94.77,88.63,107.07,61.56,190.09,176.27,7.54,0.94,190.05,161.18,16.44,0.97,2.67,2.58,2.93,1.74,3.45,5.39,188.35,178.01,189.9,176.76,183.33,576489400,50879720.0,57786570.0,63272405.0,0.81,68.28,2715845040.2,147.95,0.07,69.47,28.74,6.19,100.0,8.0,92.0,187.37,189.08,190.09,186.36,184.65,182.57,1.19,0.63,2.3,188.92,188.75,189.0,22268173.91
2023-06-29,AAPL,189.08,190.07,188.94,189.59,46347300,3.73,3.58,0.15,3.73,3.58,0.15,188.83,188.09,187.15,186.56,185.98,185.14,183.79,182.25,181.27,180.08,178.93,177.83,176.76,174.76,168.5,161.06,187.77,186.58,185.22,183.8,180.65,176.08,174.06,165.91,154.37,187.31,185.51,183.51,189.18,188.79,188.28,189.3,189.26,189.04,0.29,0.28,80.97,65.81,70.0,75.45,72.47,77.05,159.49,141.15,3.16,10.51,5.64,9.02,12.34,-5.08,-3.61,93.58,93.17,94.41,94.92,95.57,93.61,61.77,190.68,176.92,7.49,0.92,190.8,161.36,16.72,0.96,2.59,2.42,2.81,1.91,3.44,5.44,188.63,178.94,190.07,176.93,183.5,622836700,49900120.0,56675010.0,60608505.0,0.76,68.23,2722817642.86,147.99,0.13,70.6,31.14,6.6,100.0,4.0,96.0,188.92,190.23,191.22,187.93,186.62,183.74,0.34,0.18,1.13,189.53,189.5,189.55,6972602.65
2023-06-30,AAPL,191.63,194.48,191.26,193.97,85213200,4.09,3.68,0.41,4.09,3.68,0.41,191.4,190.05,188.66,187.91,187.21,186.24,184.76,183.12,182.09,180.85,179.67,178.53,177.44,175.39,169.01,161.39,189.23,187.37,186.12,184.49,181.36,176.61,174.53,166.34,154.57,188.66,186.47,184.37,191.15,190.16,189.41,191.76,190.95,190.42,0.3,0.28,83.41,80.97,78.97,79.96,76.39,79.11,228.14,197.7,5.82,12.88,7.96,13.01,13.88,-3.77,-2.91,95.71,93.47,100.2,96.23,95.31,98.06,68.52,192.51,176.48,8.69,1.09,191.96,161.25,17.39,1.07,2.88,2.65,2.92,2.99,4.01,5.75,190.07,179.45,194.48,177.32,185.9,708049900,56319360.0,58653010.0,61424075.0,1.39,69.82,2781037841.62,148.06,0.12,72.17,36.56,6.03,100.0,0.0,100.0,189.53,190.13,190.66,189.0,188.4,184.88,4.38,2.31,4.89,193.24,192.87,193.42,58220198.76
2023-07-03,AAPL,193.78,193.88,191.76,192.46,31458200,4.21,3.79,0.42,4.21,3.79,0.42,191.93,190.85,189.51,188.73,188.02,187.02,185.49,183.81,182.76,181.5,180.29,179.14,178.03,175.95,169.47,161.7,190.67,188.12,186.88,185.07,181.94,177.12,175.01,166.71,154.76,189.58,187.23,185.09,192.07,191.05,190.23,192.64,191.89,191.32,0.3,0.29,74.87,73.24,72.08,71.26,70.38,74.25,157.36,162.99,4.63,11.25,7.54,8.67,11.51,-16.21,-11.77,83.01,90.77,67.5,83.79,91.64,68.08,61.79,193.64,176.49,9.27,0.93,192.84,161.4,17.75,0.99,2.72,2.6,2.88,3.25,4.29,5.96,190.7,180.28,194.48,177.32,185.9,676591700,52993260.0,51673210.0,59897140.0,0.53,64.96,2770353924.63,148.08,0.1,72.41,32.73,6.15,96.0,0.0,96.0,193.24,195.21,196.46,191.99,190.02,186.8,-1.51,-0.78,2.21,192.7,192.82,192.64,-10683916.98
2023-07-05,AAPL,191.57,192.98,190.62,191.33,46920300,4.16,3.86,0.3,4.16,3.86,0.3,191.63,191.01,189.91,189.21,188.53,187.56,186.05,184.37,183.31,182.04,180.83,179.67,178.55,176.45,169.91,161.99,191.32,188.76,187.38,185.66,182.48,177.65,175.45,167.11,154.95,190.17,187.83,185.69,192.32,191.58,190.82,192.61,192.32,191.87,0.31,0.29,76.72,72.87,64.5,69.06,66.95,70.41,104.42,126.47,2.86,9.06,6.32,8.02,11.75,-25.28,-18.36,70.86,83.19,46.19,74.72,84.91,54.34,58.93,194.26,177.05,9.27,0.83,193.47,161.82,17.82,0.93,2.69,2.65,2.87,3.19,4.3,6.06,191.35,180.75,194.48,177.32,185.9,629671400,52231160.0,51385330.0,56145830.0,0.84,58.61,2751665330.57,148.12,0.15,70.27,31.46,9.11,92.0,0.0,92.0,192.7,193.64,194.82,191.52,190.58,188.34,-1.13,-0.59,2.36,191.64,191.8,191.56,-18688594.07
2023-07-06,AAPL,189.84,192.02,189.2,191.81,45094300,4.12,3.91,0.2,4.12,3.91,0.2,191.72,191.28,190.33,189.68,189.03,188.09,186.59,184.92,183.86,182.59,181.37,180.19,179.07,176.96,170.34,162.29,191.83,189.54,187.95,186.29,183.06,178.18,175.95,167.52,155.16,190.72,188.42,186.29,192.61,192.1,191.4,192.7,192.74,192.41,0.31,0.3,70.76,67.75,69.43,68.82,70.57,70.92,73.69,102.02,3.73,8.18,7.85,7.86,12.6,-22.46,-15.56,71.81,75.23,64.97,77.54,78.68,75.26,67.18,194.75,177.83,9.08,0.83,194.09,162.26,17.87,0.93,2.69,2.68,2.68,2.82,4.23,6.08,191.96,181.23,194.48,177.32,185.9,674765700,51006660.0,50943190.0,55158125.0,0.82,52.15,2790043458.23,148.15,0.16,67.19,31.08,11.66,88.0,0.0,88.0,191.64,192.67,194.0,190.31,189.28,194.48,0.48,0.25,2.82,191.01,190.61,191.21,38378127.66
2023-07-07,AAPL,191.41,192.67,190.24,190.68,46815000,3.94,3.92,0.02,3.94,3.92,0.02,191.2,191.08,190.41,189.86,189.29,188.41,186.98,185.34,184.3,183.04,181.82,180.65,179.52,177.41,170.74,162.57,192.05,189.91,188.4,186.93,183.7,178.72,176.45,167.91,155.34,190.93,188.83,186.79,192.41,192.31,191.76,192.17,192.74,192.64,0.31,0.3,57.97,63.93,65.1,61.7,68.81,66.0,67.16,93.73,3.06,7.58,3.68,4.67,12.86,-31.96,-22.14,58.92,67.19,42.37,68.04,73.43,57.25,59.93,194.6,179.26,8.2,0.74,194.46,162.97,17.62,0.88,2.59,2.66,2.66,2.69,3.83,5.83,192.3,181.66,194.48,177.46,185.97,627950700,51100200.0,50500160.0,54401645.0,0.86,51.08,2760182038.47,148.19,0.18,63.69,27.36,11.76,84.0,0.0,84.0,191.01,192.82,193.83,190.0,188.19,194.37,-1.13,-0.59,2.43,191.2,191.46,191.07,-29861419.75
2023-07-10,AAPL,189.26,189.99,187.04,188.61,59922200,3.6,3.85,-0.26,3.6,3.85,-0.26,189.91,190.26,190.01,189.63,189.18,188.44,187.14,185.59,184.58,183.35,182.15,181.0,179.88,177.77,171.1,162.83,190.98,190.1,188.57,187.33,184.26,179.21,176.92,168.26,155.5,190.69,188.99,187.1,191.53,192.1,191.82,190.81,192.16,192.43,0.31,0.3,45.42,61.12,61.75,58.82,67.31,61.17,-4.18,30.87,2.53,4.73,1.93,3.69,8.04,-49.37,-34.49,33.37,54.7,-9.28,50.63,65.41,21.08,57.33,194.42,180.25,7.56,0.59,194.6,163.83,17.17,0.81,2.78,2.73,2.65,2.49,3.54,5.45,192.59,181.69,194.48,180.63,187.56,568028500,46042000.0,51180680.0,54887010.0,1.09,53.91,2764041434.41,148.23,0.15,58.29,25.47,19.86,80.0,0.0,80.0,191.2,192.15,193.63,189.72,188.77,194.27,-2.07,-1.09,3.64,188.55,188.52,188.56,3859395.93
2023-07-11,AAPL,189.16,189.3,186.6,188.08,46638100,3.24,3.73,-0.49,3.24,3.73,-0.49,188.99,189.53,189.58,189.35,189.01,188.39,187.23,185.77,184.8,183.61,182.44,181.3,180.2,178.11,171.43,163.08,190.1,190.38,188.78,187.69,184.76,179.61,177.3,168.61,155.67,190.33,189.07,187.35,190.67,191.8,191.79,189.61,191.49,192.12,0.3,0.3,7.01,50.08,53.13,57.18,62.97,62.7,-26.68,11.77,0.58,3.94,2.81,3.07,7.12,-53.83,-46.21,18.78,37.02,-17.7,46.17,54.95,28.62,57.39,194.11,181.27,6.84,0.53,194.87,164.34,17.0,0.78,3.01,2.8,2.62,2.0,3.21,5.05,192.82,181.63,194.48,180.97,187.72,521390400,49077980.0,51035620.0,54773915.0,0.85,54.09,2768532510.7,148.27,0.18,52.88,24.81,20.47,76.0,12.0,64.0,188.55,190.05,191.5,187.1,185.6,193.98,-0.53,-0.28,2.7,187.99,187.95,188.02,4491076.3
2023-07-12,AAPL,189.68,191.7,188.47,189.77,60750200,3.06,3.6,-0.54,3.06,3.6,-0.54,189.38,189.61,189.62,189.43,189.13,188.57,187.47,186.07,185.12,183.95,182.8,181.67,180.58,178.49,171.8,163.35,189.79,190.56,189.1,187.99,185.24,180.01,177.71,168.96,155.86,190.21,189.26,187.67,190.57,191.82,191.96,189.55,191.35,192.13,0.29,0.3,30.87,51.96,58.28,63.2,64.56,65.18,21.66,53.99,1.66,5.67,1.71,5.81,5.98,-43.57,-34.86,40.23,30.79,59.1,56.43,51.08,67.13,51.68,194.2,181.78,6.61,0.64,195.26,164.75,16.95,0.82,2.83,2.86,2.71,1.85,3.11,4.81,193.18,181.76,194.48,182.02,188.25,582140600,51843960.0,52037560.0,55097680.0,1.1,61.55,2756683400.49,148.31,0.12,50.68,30.32,15.51,72.0,8.0,64.0,187.99,189.39,190.69,186.69,185.29,193.54,1.69,0.9,3.62,189.98,190.08,189.93,-11849110.22
2023-07-13,AAPL,190.5,191.19,189.78,190.54,41342300,2.95,3.47,-0.52,2.95,3.47,-0.52,189.96,189.92,189.83,189.63,189.35,188.81,187.76,186.4,185.47,184.32,183.18,182.06,180.97,178.89,172.17,163.62,189.54,190.68,189.54,188.35,185.68,180.43,178.13,169.32,156.06,190.21,189.51,188.01,190.73,191.97,192.19,189.86,191.4,192.25,0.28,0.3,44.08,53.47,64.63,58.97,61.97,68.62,31.12,60.71,2.84,6.32,1.29,3.54,7.23,-41.61,-31.62,50.0,36.34,77.33,58.39,53.67,67.85,51.7,194.25,182.45,6.26,0.69,195.66,165.19,16.89,0.83,2.71,2.71,2.64,1.79,2.95,4.66,193.19,182.33,194.48,182.02,188.25,623482900,51093560.0,51050110.0,54418340.0,0.76,61.08,2759908686.3,148.34,0.12,47.86,27.57,16.31,68.0,4.0,64.0,189.98,191.49,193.21,188.26,186.75,193.12,0.77,0.41,1.42,190.5,190.48,190.51,3225285.82
2023-07-14,AAPL,190.23,191.18,189.63,190.69,41616200,2.84,3.34,-0.51,2.84,3.34,-0.51,190.33,190.18,190.02,189.82,189.55,189.05,188.04,186.72,185.81,184.67,183.54,182.43,181.35,179.28,172.53,163.89,189.54,190.79,189.79,188.68,186.13,180.87,178.53,169.71,156.26,190.21,189.73,188.34,190.88,192.1,192.41,190.14,191.46,192.35,0.27,0.29,41.17,32.66,58.56,60.25,63.24,66.03,22.95,54.65,1.4,7.24,1.1,4.01,6.74,-40.97,-30.42,56.18,48.8,70.94,59.03,57.95,61.18,53.99,194.29,183.08,5.94,0.68,195.98,165.76,16.71,0.82,2.6,2.64,2.63,1.75,2.8,4.47,193.33,182.75,194.48,182.59,188.54,665099100,50053800.0,50577000.0,53626005.0,0.78,54.57,2775212708.24,148.37,0.1,44.99,26.94,17.16,64.0,0.0,64.0,190.5,191.23,191.91,189.82,189.09,192.73,0.15,0.08,1.55,190.5,190.4,190.55,15304021.94
2023-07-17,AAPL,191.9,194.32,191.81,193.99,50520200,2.98,3.27,-0.29,2.98,3.27,-0.29,192.16,191.45,190.9,190.58,190.24,189.66,188.61,187.26,186.34,185.19,184.05,182.94,181.85,179.76,172.96,164.19,190.61,190.8,190.27,189.08,186.59,181.4,178.97,170.16,156.47,190.79,190.24,188.84,192.07,192.79,193.01,191.81,192.32,193.01,0.26,0.28,69.45,56.8,63.56,70.32,66.45,68.9,129.95,122.63,2.5,7.43,0.02,8.72,7.98,-5.56,-4.12,95.73,67.3,152.57,94.44,70.62,142.07,57.57,195.01,183.15,6.27,0.91,196.46,166.35,16.6,0.92,2.71,2.7,2.69,1.75,2.96,4.54,194.01,183.21,194.48,182.59,188.54,715619300,48173400.0,47107700.0,52880355.0,0.96,61.51,2812448712.22,148.42,0.1,43.47,33.37,16.79,60.0,0.0,60.0,190.5,191.37,192.05,189.82,188.95,186.6,3.3,1.73,3.63,193.37,193.06,193.53,37236003.98
2023-07-18,AAPL,193.35,194.33,192.42,193.73,48288200,3.04,3.22,-0.18,3.04,3.22,-0.18,192.94,192.21,191.53,191.15,190.77,190.17,189.1,187.73,186.81,185.66,184.52,183.41,182.31,180.22,173.37,164.48,191.74,190.92,190.84,189.52,187.02,181.96,179.42,170.61,156.69,191.33,190.68,189.3,192.84,193.32,193.5,192.79,192.94,193.52,0.26,0.28,88.21,61.56,61.9,64.98,63.44,65.58,116.96,114.39,2.18,7.06,1.27,5.67,8.81,-9.52,-6.31,92.24,81.38,113.95,90.48,81.32,108.82,60.58,195.46,183.59,6.26,0.85,196.72,167.2,16.22,0.9,2.64,2.62,2.65,1.92,2.97,4.59,194.33,183.87,194.48,182.59,188.54,667331100,48503420.0,48790700.0,50231955.0,0.96,61.47,2830398776.09,148.45,0.18,41.22,33.57,17.34,56.0,0.0,56.0,193.37,194.94,195.88,192.43,190.86,186.75,-0.26,-0.13,1.91,193.49,193.38,193.55,17950063.87
2023-07-19,AAPL,193.1,198.23,192.65,195.1,80507300,3.16,3.21,-0.05,3.16,3.21,-0.05,194.02,193.17,192.32,191.87,191.44,190.79,189.67,188.28,187.35,186.19,185.04,183.91,182.81,180.71,173.8,164.79,192.81,191.3,191.31,190.03,187.54,182.39,179.92,171.07,156.95,192.09,191.21,189.83,193.84,194.01,194.1,194.02,193.76,194.19,0.25,0.27,96.55,64.6,53.93,65.31,67.55,67.98,159.39,149.98,0.58,6.15,3.77,5.85,10.09,-26.91,-20.01,73.09,87.02,45.23,73.09,86.0,47.26,59.07,196.06,183.99,6.35,0.92,197.41,167.37,16.47,0.92,2.92,2.85,2.79,2.34,3.02,4.6,195.37,183.97,198.23,182.59,190.41,747838400,52454840.0,52149400.0,51767365.0,1.56,63.13,2820587850.65,148.52,0.18,39.44,36.8,15.92,100.0,0.0,100.0,193.49,194.57,195.4,192.66,191.58,187.06,1.37,0.71,5.58,195.33,195.44,195.27,-9810925.45
2023-07-20,AAPL,195.09,196.47,192.5,193.13,59581200,3.06,3.18,-0.12,3.06,3.18,-0.12,193.58,193.16,192.5,192.1,191.7,191.08,190.0,188.64,187.72,186.57,185.43,184.31,183.22,181.11,174.18,165.07,193.33,191.43,191.57,190.49,188.0,182.78,180.39,171.53,157.23,192.42,191.5,190.19,193.9,194.22,194.39,193.91,193.9,194.39,0.25,0.27,71.48,60.12,52.26,58.53,63.15,63.45,90.9,106.95,0.35,5.36,1.32,3.54,9.17,-43.85,-32.61,56.15,73.82,20.8,56.15,73.24,21.97,53.21,195.95,185.03,5.73,0.74,197.88,167.69,16.51,0.84,3.1,3.05,2.9,2.4,2.73,4.43,196.1,183.89,198.23,183.67,190.95,688257200,56102620.0,53598090.0,52270640.0,1.14,55.76,2779916552.91,148.57,0.14,37.52,33.96,15.21,96.0,4.0,92.0,195.33,198.0,200.91,192.42,189.75,187.73,-1.97,-1.01,3.97,194.03,194.48,193.81,-40671297.73
2023-07-21,AAPL,194.1,194.97,191.23,191.94,71951700,2.85,3.11,-0.26,2.85,3.11,-0.26,192.76,192.75,192.38,192.07,191.74,191.19,190.18,188.88,187.99,186.87,185.75,184.65,183.56,181.47,174.53,165.34,193.58,191.56,191.72,190.73,188.47,183.19,180.86,171.97,157.47,192.51,191.64,190.44,193.52,194.17,194.49,193.24,193.67,194.32,0.24,0.26,58.5,64.83,52.05,44.22,62.86,58.92,42.38,61.7,0.32,4.34,1.26,-2.03,4.94,-54.08,-43.2,45.92,58.38,20.98,45.92,58.38,20.98,48.22,195.97,185.5,5.49,0.62,198.16,168.22,16.34,0.79,3.11,2.97,2.94,2.39,2.62,4.04,196.12,184.24,198.23,185.01,191.62,616305500,62169720.0,56111760.0,53305960.0,1.35,45.05,2735283412.81,148.63,0.05,33.33,24.29,18.69,92.0,0.0,92.0,194.03,195.57,198.0,191.6,190.06,188.36,-1.19,-0.62,3.74,192.71,193.1,192.52,-44633140.11
2023-07-24,AAPL,193.41,194.91,192.25,192.75,45377800,2.72,3.04,-0.31,2.72,3.04,-0.31,192.75,192.75,192.46,192.19,191.89,191.38,190.43,189.17,188.3,187.2,186.09,185.0,183.92,181.84,174.9,165.61,193.33,191.97,191.64,191.04,188.88,183.57,181.34,172.42,157.71,192.73,191.84,190.72,193.48,194.26,194.66,193.12,193.66,194.38,0.24,0.26,61.57,70.29,53.08,50.86,59.99,61.87,62.23,73.3,0.49,3.62,4.14,0.29,6.07,-47.12,-41.45,43.85,48.64,34.28,52.88,51.65,55.35,46.01,195.98,186.09,5.18,0.67,198.52,168.62,16.28,0.81,3.34,3.02,2.92,2.18,2.47,3.83,196.48,184.38,198.23,185.23,191.73,661683300,61141240.0,54657320.0,52919000.0,0.86,50.33,2706964936.12,148.66,0.0,29.37,23.85,18.35,88.0,12.0,76.0,192.71,194.2,196.45,190.46,188.97,188.95,0.81,0.42,2.97,193.3,193.58,193.16,-28318476.69
2023-07-25,AAPL,193.33,194.44,192.92,193.62,37283200,2.66,2.96,-0.3,2.66,2.96,-0.3,193.19,193.04,192.72,192.45,192.16,191.66,190.73,189.5,188.64,187.55,186.46,185.37,184.3,182.22,175.27,165.89,193.31,192.53,191.72,191.46,189.3,183.97,181.76,172.91,157.94,193.03,192.08,191.02,193.72,194.47,194.92,193.41,193.85,194.57,0.23,0.25,47.14,68.01,59.81,56.9,61.83,62.76,65.22,77.62,1.54,4.7,5.54,2.29,8.35,-39.64,-35.46,46.4,45.39,48.41,60.36,53.05,74.98,45.72,195.71,187.2,4.44,0.75,198.9,169.03,16.24,0.82,3.36,2.98,2.88,1.73,2.13,3.62,196.68,184.78,198.23,185.67,191.95,698966500,58940240.0,53721830.0,52378725.0,0.71,56.08,2704021525.59,148.69,0.05,26.92,24.24,15.91,84.0,8.0,76.0,193.3,194.36,195.96,191.7,190.64,189.51,0.87,0.45,1.69,193.66,193.68,193.65,-2943410.53
2023-07-26,AAPL,193.67,195.64,193.32,194.5,47471900,2.65,2.9,-0.25,2.65,2.9,-0.25,193.84,193.53,193.11,192.83,192.52,192.02,191.09,189.87,189.02,187.94,186.85,185.77,184.7,182.63,175.65,166.17,193.19,193.0,191.93,191.78,189.66,184.41,182.17,173.39,158.19,193.39,192.37,191.36,194.16,194.8,195.24,193.97,194.21,194.87,0.22,0.25,55.43,68.33,71.36,57.92,66.02,65.69,81.67,97.86,3.12,5.13,4.73,2.69,6.44,-32.07,-29.7,56.63,48.96,71.97,67.93,60.39,83.0,40.75,195.92,187.63,4.32,0.83,199.26,169.55,16.12,0.84,3.17,2.94,2.86,1.53,2.07,3.58,196.97,185.21,198.23,186.6,192.42,746438400,52333160.0,52394000.0,52215780.0,0.91,62.34,2704840006.62,148.73,0.01,26.31,27.45,12.65,80.0,4.0,76.0,193.66,194.4,195.18,192.88,192.14,190.03,0.88,0.45,2.32,194.49,194.48,194.49,818481.03
2023-07-27,AAPL,196.02,197.2,192.55,193.22,47460200,2.51,2.82,-0.31,2.51,2.82,-0.31,193.53,193.42,193.14,192.9,192.63,192.17,191.29,190.12,189.29,188.23,187.16,186.09,185.03,182.97,176.0,166.44,193.21,193.27,192.02,191.98,189.99,184.83,182.57,173.81,158.45,193.43,192.51,191.59,194.05,194.83,195.37,193.74,194.14,194.88,0.22,0.24,36.57,60.6,67.68,57.41,59.45,59.77,67.41,84.13,2.73,5.03,2.68,2.54,3.97,-43.08,-43.08,28.43,43.82,-2.35,56.92,61.74,47.29,36.07,195.99,187.96,4.18,0.65,199.46,170.2,15.83,0.79,3.56,3.1,2.93,1.27,2.01,3.43,197.49,185.09,198.23,186.6,192.42,698978200,49908960.0,53005790.0,52027950.0,0.91,55.92,2671056509.42,148.77,-0.04,26.33,28.14,12.01,76.0,0.0,76.0,194.49,195.65,196.81,193.33,192.17,190.52,-1.28,-0.66,4.65,194.32,194.88,194.05,-33783497.2
2023-07-28,AAPL,194.67,196.63,194.14,195.83,48291400,2.58,2.77,-0.19,2.58,2.77,-0.19,194.68,194.23,193.74,193.43,193.12,192.63,191.72,190.54,189.71,188.66,187.59,186.52,185.46,183.4,176.39,166.73,193.98,193.78,192.37,192.29,190.38,185.3,183.02,174.23,158.73,193.89,192.88,191.96,194.81,195.32,195.79,194.74,194.74,195.34,0.21,0.24,67.67,58.19,69.6,70.42,61.46,63.41,103.49,119.19,3.19,4.72,5.14,7.22,6.24,-20.64,-20.64,65.71,50.26,96.63,79.36,68.07,101.95,39.11,196.49,188.09,4.37,0.92,199.78,170.82,15.63,0.86,3.25,3.08,2.98,1.14,2.1,3.39,197.89,185.56,198.23,186.6,192.42,747269600,45176900.0,53673310.0,52125155.0,0.93,63.39,2688317290.95,148.81,-0.03,30.57,28.29,4.66,72.0,0.0,72.0,194.32,196.1,198.97,191.45,189.67,190.98,2.61,1.35,3.41,195.53,195.38,195.61,17260781.53
2023-07-31,AAPL,196.06,196.49,195.26,196.45,38824100,2.65,2.75,-0.1,2.65,2.75,-0.1,195.57,194.97,194.34,193.98,193.63,193.1,192.17,190.98,190.15,189.09,188.02,186.95,185.89,183.82,176.79,167.03,194.72,194.03,192.89,192.41,190.73,185.78,183.5,174.68,159.02,194.38,193.27,192.36,195.56,195.83,196.24,195.67,195.37,195.83,0.21,0.23,81.9,61.72,69.3,73.55,61.83,66.78,126.77,125.92,3.1,5.23,2.46,8.37,2.48,-18.24,-15.31,74.57,56.24,111.24,81.76,72.68,99.92,43.69,196.95,187.87,4.72,0.94,200.13,171.43,15.45,0.87,2.86,2.98,2.99,1.42,2.27,3.46,198.13,186.22,198.23,186.6,192.42,786093700,43866160.0,52503700.0,49805700.0,0.78,69.39,2724616246.23,148.84,-0.06,35.4,29.29,3.77,68.0,0.0,68.0,195.53,196.93,198.02,194.44,193.04,191.42,0.62,0.32,1.23,196.07,195.88,196.16,36298955.28
2023-08-01,AAPL,196.24,196.73,195.28,195.61,35175100,2.61,2.72,-0.11,2.61,2.72,-0.11,195.59,195.18,194.62,194.28,193.94,193.42,192.5,191.32,190.5,189.45,188.39,187.33,186.27,184.21,177.16,167.31,195.12,194.22,193.39,192.57,191.09,186.19,184.0,175.11,159.3,194.67,193.58,192.67,195.81,196.11,196.53,195.86,195.64,196.09,0.21,0.23,70.14,52.3,65.38,67.26,53.22,62.03,106.97,106.24,2.58,5.58,1.88,5.84,3.15,-30.47,-22.53,73.37,71.22,77.67,69.53,76.89,54.83,45.11,197.33,187.81,4.95,0.82,200.46,171.92,15.33,0.83,2.53,2.82,2.82,1.5,2.38,3.4,198.15,186.86,198.23,186.6,192.42,750918600,43444540.0,51192390.0,49991545.0,0.7,63.21,2705451881.4,148.87,-0.06,38.31,25.43,3.97,64.0,0.0,64.0,196.07,196.87,197.3,195.64,194.84,191.83,-0.84,-0.43,1.45,195.87,196.0,195.81,-19164364.83
2023-08-02,AAPL,195.04,195.18,191.85,192.58,50389300,2.31,2.64,-0.33,2.31,2.64,-0.33,194.08,194.31,194.17,193.97,193.73,193.31,192.51,191.42,190.63,189.62,188.59,187.55,186.52,184.48,177.46,167.57,194.74,193.96,193.58,192.63,191.34,186.54,184.32,175.53,159.55,194.37,193.58,192.77,194.97,195.78,196.4,194.58,195.05,195.74,0.2,0.22,44.38,47.73,45.52,55.32,50.22,55.01,-47.82,15.21,-0.73,2.4,-2.52,2.04,1.25,-65.7,-48.58,22.61,56.85,-45.86,34.3,61.87,-20.83,42.56,197.36,187.91,4.91,0.49,200.56,172.52,15.03,0.72,2.64,2.99,2.9,1.55,2.36,3.2,198.49,186.53,198.23,186.6,192.42,700529300,44028020.0,48180590.0,50164995.0,1.0,56.57,2677155187.41,148.91,-0.07,38.87,24.01,11.94,60.0,0.0,60.0,195.87,196.47,197.32,195.02,194.42,198.23,-3.03,-1.55,3.76,193.2,193.52,193.05,-28296693.99
2023-08-03,AAPL,191.57,192.37,190.69,191.17,61235200,1.94,2.5,-0.56,1.94,2.5,-0.56,192.63,193.27,193.5,193.46,193.33,193.04,192.38,191.4,190.67,189.71,188.72,187.71,186.7,184.7,177.73,167.8,194.33,193.77,193.62,192.6,191.58,186.88,184.61,175.96,159.82,193.86,193.44,192.76,193.86,195.22,196.09,193.05,194.18,195.16,0.19,0.21,32.99,46.88,42.42,51.17,49.71,52.3,-169.99,-47.03,-1.32,1.01,-1.96,0.48,-0.64,-93.63,-60.71,7.37,34.45,-46.78,6.37,36.73,-54.37,40.47,197.36,187.84,4.94,0.35,200.5,173.26,14.57,0.66,2.67,3.01,2.88,1.77,2.38,2.89,198.41,186.35,198.23,186.6,192.42,639294100,46783020.0,48345990.0,50972040.0,1.2,55.04,2650911530.27,148.96,-0.14,39.08,23.82,14.24,56.0,32.0,24.0,193.2,194.56,196.53,191.23,189.87,198.1,-1.41,-0.73,1.89,191.41,191.53,191.35,-26243657.14
2023-08-04,AAPL,185.52,187.38,181.92,181.99,115956800,0.89,2.18,-1.29,0.89,2.18,-1.29,187.31,189.51,190.94,191.37,191.59,191.66,191.39,190.7,190.11,189.28,188.39,187.46,186.52,184.61,177.82,167.94,191.56,192.77,193.04,192.16,191.41,187.09,184.78,176.27,160.01,191.72,192.43,192.14,190.0,193.07,194.66,187.88,191.07,192.97,0.17,0.21,18.26,24.03,23.45,27.2,36.35,34.67,-359.82,-238.7,-6.72,-4.01,-9.95,-12.0,-8.69,-99.57,-99.57,0.46,10.15,-18.92,0.43,13.7,-26.11,28.25,198.86,185.47,6.96,-0.26,200.05,174.12,13.86,0.3,3.66,3.42,3.18,4.13,3.35,3.28,198.22,184.56,198.23,181.92,190.08,523337300,60316100.0,52746500.0,54429130.0,2.13,44.41,2537927981.55,149.03,-0.2,39.31,14.45,30.91,52.0,100.0,-48.0,191.41,192.13,193.09,190.45,189.73,197.81,-9.18,-4.8,9.25,183.76,184.65,183.32,-112983548.72
2023-08-07,AAPL,182.13,183.13,177.35,178.85,97576100,-0.19,1.7,-1.9,-0.19,1.7,-1.9,183.08,185.96,188.26,189.1,189.63,190.06,190.2,189.82,189.38,188.7,187.93,187.09,186.21,184.43,177.84,168.05,188.04,191.38,192.03,191.68,191.15,187.23,184.87,176.53,160.19,189.19,191.16,191.33,186.11,190.63,192.96,183.05,187.7,190.47,0.13,0.19,3.4,17.88,22.39,24.52,34.42,33.28,-264.89,-272.38,-7.39,-7.8,-13.9,-14.88,-9.76,-92.82,-92.82,7.56,5.13,12.41,7.18,4.66,12.23,28.53,200.53,182.82,9.24,-0.22,199.66,174.8,13.28,0.16,3.82,3.69,3.34,6.04,4.43,3.92,197.58,182.81,198.23,177.35,187.79,425761200,72066500.0,57966330.0,56311825.0,1.73,36.29,2490996916.15,149.08,-0.24,40.43,13.35,37.43,48.0,100.0,-52.0,183.76,185.61,189.22,180.15,178.3,196.85,-3.14,-1.73,5.78,179.78,180.24,179.54,-46931065.4
2023-08-08,AAPL,179.69,180.27,177.58,179.8,67823000,-0.96,1.17,-2.13,-0.96,1.17,-2.13,181.44,183.9,186.38,187.41,188.12,188.78,189.21,189.08,188.76,188.21,187.53,186.77,185.96,184.27,177.88,168.17,184.88,190.0,191.1,191.26,190.97,187.36,184.97,176.8,160.37,187.08,190.03,190.59,183.58,188.71,191.53,180.39,185.21,188.44,0.1,0.17,5.12,18.13,26.31,23.42,38.05,35.78,-181.21,-230.93,-6.32,-6.58,-13.82,-15.3,-8.28,-87.66,-88.27,12.34,6.79,23.46,12.34,6.65,23.72,28.48,201.49,181.03,10.7,-0.06,199.3,175.43,12.74,0.18,3.72,3.49,3.3,6.98,5.12,4.31,196.18,182.24,198.23,177.35,187.79,493584200,78596080.0,61020310.0,57371070.0,1.18,27.05,2535119685.67,149.12,-0.2,42.82,6.15,39.65,44.0,96.0,-52.0,179.78,182.2,185.56,176.42,174.0,195.29,0.95,0.53,2.69,179.22,178.92,179.36,44122769.52
2023-08-09,AAPL,180.87,180.93,177.01,178.19,60378500,-1.68,0.6,-2.28,-1.68,0.6,-2.28,179.81,182.0,184.56,185.73,186.59,187.46,188.16,188.27,188.08,187.65,187.07,186.4,185.66,184.07,177.88,168.27,182.0,188.37,189.98,190.68,190.64,187.42,185.07,177.03,160.54,184.93,188.78,189.77,181.23,186.76,190.03,178.07,182.77,186.38,0.06,0.15,4.92,17.87,22.45,23.72,36.96,33.65,-136.43,-188.61,-7.55,-6.87,-16.31,-14.94,-11.58,-94.16,-94.44,5.98,8.63,0.7,5.84,8.46,0.62,27.35,202.46,178.9,12.36,-0.03,199.15,175.69,12.52,0.11,4.11,3.48,3.35,7.68,5.89,4.88,195.12,181.19,198.23,177.01,187.62,433205700,80593920.0,62310970.0,57352485.0,1.05,27.19,2511091507.09,149.15,-0.21,44.95,7.51,39.38,40.0,100.0,-60.0,179.22,180.85,181.91,178.16,176.53,193.86,-1.61,-0.9,3.92,178.71,178.97,178.58,-24028178.57
2023-08-10,AAPL,179.48,180.75,177.6,177.97,54686900,-2.25,0.03,-2.28,-2.25,0.03,-2.28,178.89,180.66,183.09,184.32,185.26,186.27,187.19,187.51,187.43,187.11,186.63,186.03,185.36,183.87,177.89,168.36,179.36,186.84,188.96,190.06,190.26,187.43,185.16,177.26,160.7,183.04,187.57,188.95,179.48,185.04,188.65,176.62,180.76,184.54,0.01,0.12,5.75,7.48,19.64,24.55,33.82,34.4,-106.4,-149.79,-8.08,-7.22,-15.25,-13.97,-12.57,-95.25,-95.48,4.87,7.73,-0.86,4.75,7.65,-1.03,26.08,203.14,176.97,13.77,0.04,199.12,175.75,12.47,0.1,4.35,3.44,3.33,8.11,6.54,5.4,194.07,180.31,198.23,177.01,187.62,378518800,79284260.0,63033640.0,58019715.0,0.94,34.38,2469251688.36,149.17,-0.25,48.74,7.6,37.23,36.0,96.0,-60.0,178.71,180.41,182.63,176.49,174.79,192.17,-0.22,-0.12,3.15,178.77,179.18,178.57,-41839818.73
2023-08-11,AAPL,177.32,178.62,176.55,177.79,52036700,-2.68,-0.51,-2.16,-2.68,-0.51,-2.16,178.34,179.7,181.92,183.13,184.11,185.21,186.29,186.79,186.81,186.6,186.2,185.67,185.06,183.67,177.88,168.46,178.52,185.04,188.02,189.41,189.87,187.44,185.26,177.46,160.84,181.4,186.4,188.15,178.2,183.54,187.36,175.79,179.12,182.9,-0.03,0.09,6.22,4.62,16.67,22.11,32.23,36.08,-96.29,-133.1,-8.59,-6.76,-18.04,-14.96,-12.9,-94.0,-94.28,6.14,5.67,7.1,6.0,5.53,6.95,28.33,203.59,175.23,14.97,0.09,199.09,175.79,12.43,0.09,4.11,3.38,3.36,7.89,7.09,5.86,193.04,179.54,198.23,176.55,187.39,326482100,66500240.0,63408170.0,58540740.0,0.89,28.5,2479558474.35,149.2,-0.25,52.65,7.74,40.16,32.0,100.0,-68.0,178.77,179.95,181.92,176.8,175.62,190.66,-0.18,-0.1,2.07,177.65,177.58,177.69,10306785.99
2023-08-14,AAPL,177.97,179.69,177.31,179.46,43675600,-2.85,-0.98,-1.87,-2.85,-0.98,-1.87,178.9,179.62,181.37,182.46,183.4,184.49,185.64,186.25,186.33,186.2,185.87,185.4,184.84,183.54,177.92,168.57,178.64,183.34,187.14,188.68,189.39,187.43,185.37,177.66,160.97,180.38,185.46,187.48,177.88,182.56,186.41,176.2,178.27,181.79,-0.07,0.06,33.72,12.25,22.98,24.37,34.98,39.23,-73.03,-102.38,-7.12,-4.85,-16.99,-14.16,-14.53,-85.91,-86.58,15.62,8.88,29.1,14.09,8.28,25.71,32.22,203.35,174.01,15.55,0.19,199.11,175.75,12.47,0.16,4.18,3.43,3.4,6.94,7.33,6.1,192.49,178.79,198.23,176.55,187.39,370157700,55720140.0,63893320.0,58198510.0,0.75,28.77,2514792571.83,149.22,-0.26,55.46,9.86,39.58,28.0,96.0,-68.0,177.65,178.76,179.72,176.69,175.58,188.96,1.67,0.94,2.38,178.82,178.5,178.98,35234097.48
2023-08-15,AAPL,178.88,179.48,177.05,177.45,43622600,-3.11,-1.41,-1.71,-3.11,-1.41,-1.71,178.18,178.9,180.5,181.55,182.48,183.61,184.86,185.6,185.76,185.71,185.46,185.06,184.55,183.34,177.91,168.65,178.17,181.52,186.06,187.87,188.89,187.36,185.41,177.86,161.11,179.31,184.39,186.71,177.06,181.37,185.3,175.75,177.11,180.47,-0.1,0.03,39.46,12.86,13.03,20.35,27.09,34.72,-70.49,-95.94,-9.39,-5.65,-18.16,-17.05,-16.28,-95.64,-95.85,5.69,9.15,-1.24,4.36,8.15,-3.23,37.44,203.15,172.59,16.27,0.16,199.24,175.48,12.68,0.08,3.2,3.43,3.34,5.62,7.64,6.45,191.73,178.0,198.23,176.55,187.39,326535100,50880060.0,64738070.0,57965230.0,0.75,22.94,2485531321.63,149.25,-0.3,57.75,7.34,40.03,24.0,92.0,-68.0,178.82,180.33,181.2,177.95,176.44,187.47,-2.01,-1.12,2.43,177.99,178.26,177.86,-29261250.21
2023-08-16,AAPL,177.13,178.54,176.5,176.57,46964900,-3.35,-1.8,-1.56,-3.35,-1.8,-1.56,177.37,178.12,179.63,180.65,181.57,182.73,184.07,184.93,185.17,185.2,185.03,184.69,184.24,183.11,177.88,168.73,177.85,179.92,184.86,186.94,188.4,187.3,185.44,178.03,161.27,178.41,183.31,185.91,176.23,180.2,184.18,175.22,176.0,179.17,-0.13,-0.0,25.42,13.21,10.43,20.63,26.63,32.72,-69.84,-91.17,-10.12,-6.96,-16.01,-16.65,-18.53,-99.65,-99.68,0.64,7.32,-12.7,0.35,6.27,-11.49,37.79,202.62,171.26,16.78,0.17,199.37,175.23,12.89,0.06,2.67,3.25,3.35,4.23,7.84,6.81,190.57,177.58,197.2,176.5,186.85,279570200,48197340.0,64395630.0,56288110.0,0.83,23.08,2441789503.0,149.27,-0.34,60.73,4.33,43.54,20.0,100.0,-80.0,177.99,178.94,180.42,176.51,175.56,186.16,-0.88,-0.5,2.04,177.2,177.52,177.04,-43741818.63
2023-08-17,AAPL,177.14,177.51,173.48,174.0,66062900,-3.71,-2.18,-1.53,-3.71,-2.18,-1.53,175.69,176.75,178.38,179.44,180.41,181.64,183.11,184.12,184.45,184.58,184.49,184.22,183.84,182.82,177.8,168.79,177.05,178.21,183.58,185.99,187.8,187.2,185.43,178.17,161.36,177.33,182.08,184.98,174.84,178.74,182.85,173.86,174.49,177.59,-0.16,-0.04,22.18,19.8,9.76,11.44,22.18,30.53,-84.46,-98.72,-11.05,-8.68,-17.17,-21.83,-19.13,-97.76,-97.81,5.39,3.91,8.35,2.24,2.31,2.08,29.77,202.4,169.58,17.64,0.13,199.64,174.75,13.29,-0.03,2.86,3.29,3.28,2.11,8.2,7.26,189.69,176.53,197.2,173.48,185.34,213507300,50472540.0,64878400.0,56612195.0,1.17,16.55,2392775093.32,149.3,-0.34,61.61,4.28,49.51,16.0,100.0,-84.0,177.2,177.91,179.24,175.87,175.16,184.81,-2.57,-1.46,4.03,175.0,175.5,174.75,-49014409.68
2023-08-18,AAPL,172.3,175.1,171.96,174.49,61172200,-3.91,-2.52,-1.38,-3.91,-2.52,-1.38,175.09,176.0,177.51,178.54,179.5,180.75,182.29,183.4,183.81,184.02,184.0,183.8,183.47,182.54,177.74,168.84,176.39,177.46,182.16,185.11,187.26,187.13,185.48,178.33,161.47,176.66,180.98,184.12,174.04,177.59,181.71,173.32,173.45,176.32,-0.19,-0.07,27.69,29.4,12.79,11.04,24.42,25.65,-93.72,-97.75,-9.39,-8.5,-7.5,-21.96,-17.45,-89.79,-89.98,28.21,11.41,61.79,10.21,4.27,22.11,35.1,202.04,168.19,18.28,0.19,199.81,174.45,13.55,0.0,2.75,3.43,3.24,1.94,8.46,7.63,189.15,175.44,197.2,171.96,184.58,274679500,52299640.0,59399940.0,56073220.0,1.09,11.33,2430179750.65,149.32,-0.27,62.17,4.11,50.71,12.0,100.0,-88.0,175.0,176.51,179.03,172.48,170.97,183.0,0.49,0.28,3.14,173.85,173.53,174.01,37404657.32
2023-08-21,AAPL,175.07,176.13,173.74,175.84,46311900,-3.91,-2.8,-1.11,-3.91,-2.8,-1.11,175.46,175.94,177.14,178.05,178.93,180.13,181.68,182.84,183.29,183.57,183.6,183.45,183.17,182.32,177.7,168.91,175.67,177.16,180.78,184.27,186.84,187.03,185.55,178.52,161.6,176.36,180.1,183.39,173.96,176.87,180.85,173.72,173.03,175.49,-0.22,-0.1,39.13,31.97,18.39,15.55,28.01,28.25,-79.41,-79.07,-8.02,-9.36,-3.01,-19.77,-16.91,-83.29,-84.63,43.26,25.62,78.53,16.71,9.72,30.69,42.35,201.28,167.26,18.46,0.25,199.98,174.09,13.84,0.07,2.64,3.49,3.17,1.93,8.5,7.9,188.67,174.69,197.2,171.96,184.58,320991400,52826900.0,54273520.0,56119925.0,0.83,16.43,2465252779.52,149.34,-0.22,62.65,5.64,49.73,8.0,96.0,-88.0,173.85,175.74,176.99,172.6,170.71,181.01,1.35,0.77,2.39,175.24,174.94,175.39,35073028.87
2023-08-22,AAPL,177.06,177.68,176.25,177.23,42038900,-3.76,-2.99,-0.76,-3.76,-2.99,-0.76,176.35,176.37,177.16,177.9,178.67,179.77,181.25,182.43,182.9,183.22,183.29,183.18,182.94,182.16,177.69,168.99,175.63,176.9,179.56,183.45,186.48,186.96,185.62,178.68,161.76,176.38,179.43,182.77,174.44,176.52,180.25,174.74,173.11,175.04,-0.24,-0.13,37.17,45.54,35.54,21.63,29.13,28.29,-46.06,-58.99,-2.62,-8.52,-2.57,-15.35,-16.39,-74.18,-79.12,59.95,43.8,92.25,25.82,17.58,42.3,44.02,200.13,166.76,18.19,0.31,200.09,173.83,14.05,0.13,2.61,3.36,3.12,1.7,8.34,8.09,187.97,174.54,197.2,171.96,184.58,363030300,52510160.0,51695110.0,56357710.0,0.75,21.5,2480833630.57,149.37,-0.2,64.95,9.17,44.47,4.0,92.0,-88.0,175.24,176.73,177.63,174.34,172.85,179.38,1.39,0.79,1.84,177.05,176.96,177.1,15580851.05
2023-08-23,AAPL,178.52,181.55,178.33,181.12,52722800,-3.28,-3.05,-0.23,-3.28,-3.05,-0.23,178.73,177.95,178.04,178.48,179.05,179.94,181.24,182.33,182.79,183.1,183.18,183.09,182.87,182.12,177.76,169.12,176.54,177.19,178.79,182.78,186.19,186.91,185.71,178.87,161.97,177.15,179.21,182.42,176.13,176.95,180.2,177.29,174.26,175.39,-0.25,-0.15,67.36,60.91,56.6,32.98,34.45,36.06,82.1,-25.57,1.27,-7.17,2.93,-10.05,-13.38,-40.6,-63.71,95.52,66.24,154.06,59.4,33.98,110.25,47.95,198.65,166.91,17.37,0.45,200.11,173.7,14.13,0.28,2.88,3.53,3.24,2.14,7.94,8.12,188.3,174.18,197.2,171.96,184.58,415753100,53661740.0,50929540.0,56620255.0,0.93,28.07,2519475185.85,149.39,-0.16,66.11,16.55,39.94,0.0,88.0,-88.0,177.05,177.86,178.48,176.43,175.62,171.96,3.89,2.19,4.32,180.33,179.94,180.53,38641555.28
2023-08-24,AAPL,180.67,181.1,176.01,176.38,54945800,-3.25,-3.09,-0.16,-3.25,-3.09,-0.16,177.56,177.43,177.67,178.1,178.64,179.49,180.78,181.89,182.37,182.73,182.85,182.8,182.61,181.93,177.73,169.19,177.01,177.03,177.81,181.94,185.71,186.77,185.7,178.98,162.16,177.0,178.6,181.79,175.86,176.47,179.56,176.9,174.03,174.86,-0.25,-0.17,49.34,46.29,41.86,38.82,29.44,33.31,7.2,-45.97,-1.9,-8.67,-1.59,-5.61,-16.84,-60.43,-82.49,46.09,67.19,3.9,39.57,41.6,35.51,44.94,197.26,166.62,16.84,0.32,200.27,173.27,14.46,0.12,3.27,3.23,3.38,2.14,7.66,8.27,187.25,174.31,196.73,171.96,184.34,360807300,51438320.0,50955430.0,56994535.0,0.96,30.37,2472517576.81,149.42,-0.17,65.22,18.06,29.34,20.0,84.0,-64.0,180.33,182.34,183.55,179.12,177.11,172.15,-4.74,-2.62,5.11,177.83,178.56,177.47,-46957609.04
2023-08-25,AAPL,177.38,179.15,175.82,178.61,51449600,-3.01,-3.08,0.06,-3.01,-3.08,0.06,178.08,177.82,177.88,178.19,178.63,179.38,180.57,181.65,182.13,182.5,182.65,182.62,182.45,181.83,177.75,169.28,177.84,177.12,177.58,181.08,185.31,186.66,185.72,179.11,162.36,177.28,178.28,181.33,176.44,176.49,179.28,177.68,174.48,174.83,-0.26,-0.19,66.36,47.83,50.97,49.5,33.77,35.28,16.08,-42.31,0.24,-6.94,0.82,-0.24,-17.22,-30.66,-73.15,69.34,70.32,67.4,69.34,56.11,95.82,51.65,194.98,167.18,15.35,0.41,200.34,172.99,14.65,0.21,3.45,3.06,3.31,2.18,6.95,8.32,186.69,174.45,196.73,171.96,184.34,412256900,49493800.0,50896720.0,57152445.0,0.9,39.23,2507280820.05,149.45,-0.16,62.14,19.09,20.8,16.0,80.0,-64.0,177.83,179.65,182.92,174.56,172.74,172.34,2.23,1.26,3.33,177.86,177.48,178.05,34763243.24
2023-08-28,AAPL,180.09,180.59,178.55,180.19,43820700,-2.67,-2.99,0.33,-2.67,-2.99,0.33,179.14,178.61,178.39,178.56,178.87,179.48,180.54,181.54,182.0,182.37,182.53,182.51,182.37,181.77,177.8,169.39,178.71,177.19,177.67,180.26,184.85,186.54,185.72,179.25,162.56,177.84,178.2,181.0,177.42,176.81,179.22,178.94,175.32,175.12,-0.25,-0.2,68.77,57.17,54.83,50.79,32.22,36.23,107.45,-10.85,1.25,-6.52,0.73,0.39,-16.26,-14.18,-66.77,85.82,67.08,123.29,85.82,64.91,127.63,57.33,192.13,168.4,13.17,0.5,200.34,172.75,14.79,0.27,3.17,3.01,3.25,2.28,5.93,8.2,186.56,174.51,196.73,171.96,184.34,456077600,48995560.0,50911230.0,57402275.0,0.76,46.71,2533916931.82,149.47,-0.17,57.18,22.8,21.12,12.0,76.0,-64.0,177.86,179.9,181.19,176.57,174.53,172.52,1.58,0.88,2.04,179.78,179.57,179.88,26636111.76
2023-08-29,AAPL,179.7,184.9,179.5,184.12,53003900,-2.05,-2.8,0.75,-2.05,-2.8,0.75,181.63,180.45,179.67,179.57,179.68,180.06,180.88,181.73,182.14,182.47,182.6,182.58,182.43,181.85,177.92,169.54,180.08,177.86,177.96,179.69,184.53,186.53,185.78,179.46,162.81,179.1,178.56,180.95,179.46,177.82,179.66,181.56,177.06,176.12,-0.24,-0.21,73.31,67.03,61.84,60.93,36.96,39.98,205.14,62.1,3.56,-4.91,6.67,5.93,-11.49,-6.03,-50.91,93.97,83.04,115.83,93.97,83.04,115.83,61.02,189.34,170.04,10.74,0.73,200.34,172.72,14.8,0.41,3.49,3.12,3.45,3.17,4.82,8.03,187.12,174.64,195.18,171.96,183.57,509081500,51188560.0,51849360.0,58293715.0,0.91,54.77,2571608594.04,149.5,-0.11,53.73,30.39,20.4,8.0,72.0,-64.0,179.78,181.0,181.82,178.96,177.74,172.7,3.93,2.18,5.4,182.84,182.2,183.16,37691662.22
2023-08-30,AAPL,184.94,187.85,184.74,187.65,60813900,-1.26,-2.5,1.23,-1.26,-2.5,1.23,184.64,182.85,181.44,181.04,180.91,181.01,181.52,182.17,182.5,182.75,182.85,182.8,182.64,182.04,178.11,169.72,181.39,178.96,178.59,179.44,184.28,186.58,185.91,179.69,163.01,180.88,179.32,181.15,182.15,179.34,180.51,184.87,179.45,177.65,-0.22,-0.21,76.18,79.51,64.32,65.9,42.04,44.85,237.68,171.49,4.56,-3.52,11.08,9.68,-4.93,-1.26,-32.43,98.74,92.84,110.54,98.74,92.84,110.54,64.42,187.88,171.01,9.4,0.99,200.38,172.78,14.8,0.54,3.68,3.16,3.56,4.38,4.22,7.8,187.84,175.2,192.37,171.96,182.17,569895400,52806780.0,53234260.0,58814945.0,1.03,55.32,2624600770.57,149.54,-0.04,51.09,36.66,20.14,4.0,68.0,-64.0,182.84,186.18,188.24,180.78,177.44,173.19,3.53,1.92,3.73,186.75,186.3,186.97,52992176.53
2023-08-31,AAPL,187.84,189.12,187.48,187.87,60794500,-0.61,-2.12,1.51,-0.61,-2.12,1.51,186.25,184.52,182.87,182.28,181.98,181.87,182.13,182.59,182.84,183.04,183.09,183.02,182.84,182.23,178.31,169.9,183.69,180.35,179.25,179.28,184.11,186.66,186.05,179.94,163.2,182.5,180.12,181.39,184.21,180.7,181.31,187.09,181.48,179.06,-0.2,-0.21,70.79,79.27,69.44,66.54,45.01,42.3,191.1,225.58,5.87,-2.77,13.87,10.08,-3.3,-7.28,-22.05,91.87,94.86,85.89,92.72,95.14,87.86,62.15,186.83,171.73,8.42,1.07,200.45,172.87,14.77,0.54,3.65,3.13,3.46,4.81,3.78,7.65,188.39,175.87,189.12,171.96,180.54,630689900,53976520.0,52707420.0,58792910.0,1.03,63.16,2592720727.88,149.58,-0.05,48.97,39.91,17.94,0.0,64.0,-64.0,186.75,188.75,189.86,185.64,183.64,174.07,0.22,0.12,1.64,188.16,188.3,188.08,-31880042.68
2023-09-01,AAPL,189.49,189.92,188.28,189.46,45766500,0.03,-1.69,1.72,0.03,-1.69,1.72,187.86,186.17,184.33,183.59,183.13,182.82,182.82,183.1,183.27,183.39,183.41,183.3,183.1,182.47,178.53,170.09,185.86,181.85,180.03,179.65,184.03,186.71,186.25,180.23,163.41,184.16,181.09,181.73,186.23,182.16,182.23,189.18,183.57,180.6,-0.17,-0.2,100.0,79.48,73.43,66.45,48.19,43.36,156.88,216.37,7.3,-3.25,14.97,10.0,7.47,-2.56,-2.56,96.74,95.78,98.65,97.44,96.3,99.72,60.11,188.41,170.89,9.75,1.06,200.52,172.9,14.79,0.6,3.33,3.11,3.46,5.1,4.38,7.58,189.04,176.61,189.92,171.96,180.94,676456400,52839900.0,51166850.0,55283395.0,0.83,63.4,2612813337.64,149.61,0.07,47.34,39.6,18.07,8.0,60.0,-52.0,188.16,188.83,189.8,187.19,186.52,175.28,1.59,0.85,2.05,189.22,189.1,189.28,20092609.76
2023-09-05,AAPL,188.28,189.98,187.61,189.7,45280000,0.55,-1.24,1.79,0.55,-1.24,1.79,188.78,187.35,185.53,184.7,184.14,183.68,183.48,183.59,183.68,183.75,183.71,183.58,183.36,182.7,178.75,170.29,187.76,183.23,180.71,180.19,183.92,186.77,186.4,180.53,163.61,185.59,182.05,182.1,187.77,183.47,183.1,190.53,185.34,182.0,-0.13,-0.19,100.0,78.41,81.18,71.39,60.04,44.32,120.46,167.27,9.02,-3.44,13.86,12.25,10.85,-1.55,-1.55,98.02,95.54,102.98,98.45,96.2,102.94,71.04,190.02,170.37,10.91,0.98,200.6,172.93,14.82,0.61,2.94,3.1,3.14,5.17,4.91,7.48,189.68,177.28,189.98,171.96,180.97,721736400,53131760.0,51063660.0,52668590.0,0.86,63.02,2647394265.91,149.64,0.15,44.92,39.65,19.04,4.0,56.0,-52.0,189.22,190.16,190.86,188.52,187.58,176.74,0.24,0.13,2.37,189.1,188.8,189.25,34580928.27
2023-09-06,AAPL,188.4,188.85,181.47,182.91,81755800,0.41,-0.91,1.32,0.41,-0.91,1.32,185.84,185.87,184.94,184.37,183.95,183.58,183.43,183.54,183.63,183.7,183.67,183.55,183.34,182.71,178.83,170.41,187.52,183.8,181.08,180.35,183.57,186.72,186.43,180.7,163.78,185.53,182.31,182.03,186.62,183.37,183.04,188.21,185.01,182.0,-0.11,-0.17,58.34,53.6,63.37,59.18,54.83,41.33,44.77,70.67,4.83,-6.49,5.68,6.34,3.11,-39.23,-39.23,50.07,81.61,-13.01,60.77,85.55,11.2,57.5,190.25,170.45,10.98,0.63,200.59,172.85,14.86,0.36,3.64,3.54,3.25,4.73,4.95,7.25,190.51,176.34,189.98,171.96,180.97,639980600,58882140.0,55035350.0,53365230.0,1.53,59.95,2597543168.35,149.69,0.06,39.85,34.7,27.93,0.0,52.0,-52.0,189.1,190.58,191.47,188.21,186.73,178.33,-6.79,-3.58,8.23,184.41,185.16,184.04,-49851097.56
2023-09-07,AAPL,175.18,178.21,173.54,177.56,112488800,-0.13,-0.75,0.63,-0.13,-0.75,0.63,181.7,183.1,183.3,183.13,182.97,182.83,182.87,183.1,183.24,183.36,183.38,183.29,183.12,182.54,178.81,170.48,185.5,183.44,181.14,180.32,183.0,186.51,186.33,180.82,163.91,184.4,182.04,181.64,183.96,182.31,182.32,184.09,183.35,181.04,-0.09,-0.15,31.49,52.32,52.42,54.77,47.59,38.61,-70.73,-64.08,0.98,-7.8,-3.56,3.56,-0.63,-68.92,-68.92,24.45,57.52,-41.67,31.08,63.43,-33.63,53.99,190.25,170.39,11.02,0.36,200.62,172.41,15.13,0.18,4.68,3.93,3.57,5.08,4.97,7.03,190.72,175.02,189.98,171.96,180.97,527491800,69217120.0,61011950.0,55970745.0,2.01,56.58,2678718169.63,149.74,0.15,34.15,31.33,34.15,0.0,48.0,-48.0,184.41,187.35,191.79,179.97,177.03,189.98,-5.35,-2.92,9.37,176.44,175.88,176.72,81175001.28
2023-09-08,AAPL,178.35,180.24,177.79,178.18,65551300,-0.5,-0.7,0.2,-0.5,-0.7,0.2,179.94,181.46,182.17,182.23,182.23,182.25,182.42,182.73,182.92,183.07,183.12,183.07,182.92,182.4,178.79,170.56,183.56,183.62,181.42,180.33,182.5,186.29,186.24,180.95,164.04,183.44,181.84,181.33,182.17,181.51,181.75,181.56,182.13,180.32,-0.08,-0.14,18.03,49.1,51.37,54.93,49.99,46.28,-45.57,-25.03,0.54,-6.79,1.8,3.69,0.21,-71.78,-65.48,28.22,34.25,16.17,28.22,40.02,4.63,48.15,190.25,170.41,11.01,0.39,200.57,172.01,15.33,0.22,4.3,3.89,3.51,4.82,4.96,6.8,190.21,174.63,189.98,171.96,180.97,593043100,70168480.0,62072500.0,56513965.0,1.16,64.07,2634036263.1,149.78,0.15,28.46,35.32,31.65,0.0,44.0,-44.0,176.44,179.33,181.11,174.66,171.77,189.65,0.62,0.35,2.68,178.74,179.02,178.6,-44681906.53
2023-09-11,AAPL,180.07,180.3,177.34,179.36,58953100,-0.69,-0.7,0.01,-0.69,-0.7,0.01,179.65,180.76,181.54,181.71,181.79,181.89,182.13,182.48,182.69,182.86,182.94,182.91,182.78,182.3,178.81,170.65,181.54,183.7,181.75,180.41,181.95,186.09,186.17,181.08,164.2,182.66,181.75,181.13,181.23,181.04,181.38,180.39,181.44,179.91,-0.08,-0.13,23.02,48.23,47.25,54.72,51.5,50.52,-48.22,-21.97,-0.97,-1.45,0.75,3.52,1.57,-64.6,-58.93,35.4,29.36,47.49,35.4,31.57,43.07,45.82,190.27,170.54,10.93,0.45,200.46,171.71,15.45,0.27,4.19,3.93,3.5,4.74,4.93,6.34,190.0,174.26,189.98,171.96,180.97,651996200,72805800.0,62822850.0,56859785.0,1.04,64.65,2655546177.97,149.8,0.15,22.88,33.09,32.14,84.0,40.0,44.0,178.74,179.68,181.19,177.23,176.29,189.33,1.18,0.66,2.96,179.0,178.82,179.09,21509914.86
2023-09-12,AAPL,179.49,180.13,174.82,176.3,90370200,-1.08,-0.78,-0.3,-1.08,-0.78,-0.3,177.98,179.27,180.38,180.73,180.94,181.19,181.57,182.02,182.27,182.5,182.61,182.62,182.53,182.1,178.76,170.7,178.86,183.31,181.78,180.25,181.28,185.73,186.01,181.17,164.33,181.32,181.36,180.77,179.53,180.09,180.67,178.25,180.09,179.01,-0.08,-0.12,11.83,32.68,49.87,48.81,48.49,46.59,-79.47,-52.55,-0.05,-1.43,-3.89,-0.93,-3.16,-83.21,-75.92,16.79,26.8,-3.24,16.79,26.8,-3.24,44.19,190.28,170.22,11.13,0.3,200.19,171.28,15.56,0.17,4.71,4.18,3.66,5.2,5.01,5.8,189.94,173.21,189.98,171.96,180.97,561626000,81823840.0,67477800.0,59194515.0,1.53,56.5,2615551833.34,149.85,0.09,18.87,28.48,34.54,80.0,36.0,44.0,179.0,180.66,181.96,177.7,176.04,189.01,-3.06,-1.71,5.31,177.08,177.48,176.89,-39994344.63
2023-09-13,AAPL,176.51,177.3,173.98,174.21,84267900,-1.54,-0.93,-0.61,-1.54,-0.93,-0.61,176.09,177.59,179.01,179.54,179.91,180.32,180.87,181.45,181.75,182.04,182.2,182.26,182.2,181.84,178.67,170.74,177.12,182.32,181.57,180.09,180.57,185.37,185.83,181.24,164.45,179.66,180.78,180.31,177.6,178.9,179.77,175.93,178.45,177.86,-0.08,-0.11,9.43,18.21,42.71,40.7,44.72,46.16,-97.2,-80.58,-2.46,-3.11,-9.91,-6.91,-3.24,-95.92,-87.51,4.08,18.76,-25.28,4.08,18.76,-25.28,39.39,190.41,169.77,11.46,0.22,200.05,170.69,15.84,0.12,4.89,4.11,3.7,5.92,5.16,5.26,189.09,172.65,189.98,171.96,180.97,477358100,82326260.0,70604200.0,61226780.0,1.38,48.91,2542959606.23,149.88,0.05,17.65,22.25,36.6,76.0,32.0,44.0,177.08,179.35,182.39,174.04,171.77,188.7,-2.09,-1.19,3.32,175.16,175.64,174.92,-72592227.11
2023-09-14,AAPL,174.0,176.1,173.58,175.74,60895800,-1.76,-1.09,-0.66,-1.76,-1.09,-0.66,175.92,176.97,178.28,178.85,179.27,179.74,180.38,181.02,181.37,181.69,181.89,181.97,181.95,181.64,178.61,170.79,176.76,181.13,181.22,180.05,180.01,185.06,185.67,181.35,164.59,178.47,180.37,180.0,176.69,178.15,179.14,175.16,177.52,177.14,-0.09,-0.11,24.08,22.98,42.62,49.06,48.26,47.9,-91.24,-77.87,-2.47,-1.37,-11.91,-0.64,-0.83,-86.62,-79.02,13.38,11.42,17.32,13.38,11.42,17.32,41.69,190.43,169.66,11.53,0.29,199.88,170.23,16.02,0.19,4.91,3.92,3.71,5.93,5.19,4.82,188.23,172.53,189.98,171.96,180.97,538253900,72007660.0,70612390.0,61923325.0,0.98,48.65,2586456606.23,149.91,0.12,17.37,23.29,34.83,72.0,28.0,44.0,175.16,176.35,178.48,173.03,171.84,188.4,1.53,0.88,2.52,175.14,174.84,175.29,43497000.0
2023-09-15,AAPL,176.48,176.5,173.82,175.01,109259500,-1.96,-1.27,-0.7,-1.96,-1.27,-0.7,175.46,176.32,177.55,178.15,178.61,179.15,179.87,180.58,180.96,181.32,181.55,181.67,181.68,181.43,178.54,170.83,176.12,179.84,181.12,180.1,179.47,184.72,185.52,181.45,164.74,177.35,179.89,179.68,175.81,177.39,178.49,174.41,176.59,176.39,-0.1,-0.11,36.16,16.54,33.09,44.45,48.41,47.41,-85.67,-78.52,-4.95,-1.66,-12.86,-3.6,1.01,-91.06,-83.07,8.94,8.8,9.23,8.94,8.8,9.23,44.53,190.37,169.83,11.4,0.25,199.68,169.76,16.2,0.18,4.12,3.88,3.74,5.69,5.13,4.41,187.63,172.11,189.98,171.96,180.97,428994400,80749300.0,75458890.0,64083155.0,1.7,40.66,2574226065.18,149.96,0.14,18.34,24.31,34.9,68.0,24.0,44.0,175.14,176.7,177.66,174.18,172.62,188.1,-0.73,-0.42,2.68,175.11,175.16,175.08,-12230541.04
2023-09-18,AAPL,176.48,179.38,176.17,177.97,67257600,-1.87,-1.39,-0.48,-1.87,-1.39,-0.48,176.72,176.87,177.65,178.12,178.51,179.0,179.69,180.38,180.76,181.13,181.38,181.51,181.53,181.31,178.53,170.9,175.85,178.69,181.08,180.27,179.33,184.47,185.37,181.59,164.92,177.01,179.69,179.58,176.18,177.28,178.28,175.36,176.62,176.29,-0.11,-0.11,49.09,25.87,31.64,46.72,54.01,48.64,-44.27,-38.82,-5.16,0.1,-11.49,-2.22,3.48,-73.05,-66.65,28.94,17.09,52.63,26.95,16.42,47.99,46.93,190.25,170.29,11.08,0.38,199.45,169.49,16.24,0.28,3.41,4.04,3.75,4.59,4.99,4.39,187.78,171.6,189.98,173.54,181.76,496252000,82410200.0,77608000.0,64387425.0,1.04,42.01,2582397549.29,149.99,0.12,18.99,25.85,33.46,64.0,20.0,44.0,175.11,176.4,177.79,173.72,172.43,187.81,2.96,1.69,4.37,177.84,177.77,177.87,8171484.11
2023-09-19,AAPL,177.52,179.63,177.13,179.07,51826900,-1.69,-1.45,-0.24,-1.69,-1.45,-0.24,177.89,177.6,177.96,178.29,178.6,179.01,179.63,180.29,180.65,181.02,181.27,181.4,181.44,181.24,178.54,170.98,176.4,177.63,181.01,180.43,179.34,184.27,185.25,181.74,165.08,177.08,179.57,179.56,176.85,177.4,178.23,176.58,176.96,176.43,-0.12,-0.11,48.74,39.69,33.85,41.85,54.57,51.5,-29.8,-29.61,-4.68,-0.22,-10.63,-5.05,3.23,-66.36,-66.36,81.8,39.89,165.63,33.64,23.18,54.56,49.87,190.22,170.65,10.84,0.43,199.28,169.27,16.29,0.33,3.38,3.84,3.72,2.52,4.89,4.39,187.31,171.96,189.98,173.54,181.76,548078900,74701540.0,78262690.0,64663175.0,0.8,41.87,2611005998.09,150.01,0.11,19.61,19.69,35.27,60.0,16.0,44.0,177.84,179.51,181.05,176.3,174.63,187.53,1.1,0.62,2.5,178.61,178.38,178.72,28608448.8
2023-09-20,AAPL,179.26,179.7,175.4,175.49,58436200,-1.81,-1.52,-0.29,-1.81,-1.52,-0.29,176.69,176.9,177.41,177.78,178.12,178.57,179.24,179.93,180.32,180.71,180.98,181.15,181.2,181.05,178.48,171.03,176.66,176.89,180.43,180.34,179.2,184.02,185.08,181.81,165.21,176.69,179.1,179.31,176.18,176.86,177.74,175.84,176.33,175.91,-0.12,-0.11,46.62,43.86,26.1,30.41,49.67,49.05,-48.72,-59.55,-7.37,-1.1,-7.42,-12.16,-1.74,-88.14,-88.14,28.42,46.39,-7.51,11.86,24.15,-12.71,41.83,190.28,170.41,11.02,0.26,199.19,168.85,16.48,0.22,3.57,3.88,3.81,1.78,4.97,4.45,186.99,171.48,189.98,173.54,181.76,489642700,69535200.0,75930730.0,65483040.0,0.89,35.73,2555015964.61,150.04,0.06,20.82,14.05,38.08,56.0,12.0,44.0,178.61,180.09,181.11,177.59,176.11,187.25,-3.58,-2.0,4.3,176.86,177.55,176.52,-55990033.49
2023-09-21,AAPL,174.55,176.3,173.86,173.93,63149100,-2.01,-1.62,-0.39,-2.01,-1.62,-0.39,175.31,175.91,176.64,177.08,177.48,177.99,178.73,179.49,179.91,180.33,180.64,180.83,180.92,180.82,178.39,171.06,176.29,176.53,179.52,179.99,179.05,183.71,184.85,181.86,165.35,176.15,178.49,178.97,175.2,176.12,177.11,174.69,175.44,175.19,-0.13,-0.11,48.78,38.06,24.19,28.47,46.86,49.94,-80.83,-88.27,-8.31,-1.5,-3.63,-13.94,-7.19,-97.63,-97.63,5.21,38.48,-61.33,2.37,15.96,-24.8,40.64,190.31,169.66,11.48,0.21,199.05,168.37,16.7,0.18,3.16,3.94,3.84,1.99,5.16,4.55,186.6,170.86,189.98,173.54,181.76,426493600,69985860.0,70996760.0,66004355.0,0.96,29.37,2495490173.62,150.07,-0.02,22.07,11.54,40.33,52.0,8.0,44.0,176.86,178.33,181.16,174.03,172.56,186.97,-1.56,-0.89,2.44,174.7,175.08,174.5,-59525790.98
2023-09-22,AAPL,174.67,177.08,174.05,174.79,56725400,-2.08,-1.71,-0.37,-2.08,-1.71,-0.37,175.05,175.54,176.23,176.67,177.06,177.59,178.36,179.14,179.58,180.03,180.35,180.57,180.68,180.62,178.32,171.09,176.25,176.19,178.65,179.91,178.95,183.39,184.61,181.91,165.49,175.84,177.99,178.7,174.78,175.66,176.65,174.37,174.96,174.74,-0.13,-0.12,45.6,36.92,33.51,26.82,43.6,50.27,-67.63,-74.69,-4.44,0.45,-3.39,-14.67,-1.59,-92.4,-92.4,18.47,17.37,20.68,7.6,7.28,8.25,41.62,190.37,169.44,11.64,0.26,198.8,167.98,16.81,0.22,3.14,4.01,3.79,1.96,5.23,4.61,186.38,170.33,189.98,173.54,181.76,483219000,59479040.0,70114170.0,66093335.0,0.86,29.88,2466472229.73,150.09,-0.0,23.38,11.28,39.54,48.0,4.0,44.0,174.7,175.53,177.14,173.09,172.26,186.7,0.86,0.49,3.15,175.31,175.56,175.18,-29017943.89
2023-09-25,AAPL,174.2,176.97,174.15,176.08,46172700,-2.0,-1.77,-0.23,-2.0,-1.77,-0.23,175.57,175.72,176.2,176.56,176.91,177.4,178.14,178.91,179.35,179.81,180.15,180.37,180.5,180.47,178.27,171.14,175.87,175.86,177.75,179.78,178.89,183.1,184.38,181.98,165.65,175.82,177.63,178.51,174.93,175.5,176.4,174.8,174.92,174.59,-0.14,-0.12,54.71,49.3,46.4,29.17,49.67,50.21,-51.58,-65.02,-0.83,0.91,-3.28,-13.62,-2.53,-83.41,-84.55,40.85,21.51,79.53,16.59,8.86,32.06,40.73,190.37,169.18,11.79,0.33,198.5,167.7,16.82,0.27,3.18,4.05,3.68,1.61,5.3,4.64,186.23,170.05,189.98,173.54,181.76,529391700,55262060.0,68836130.0,65829490.0,0.7,34.5,2483500459.52,150.11,-0.02,24.76,11.19,38.04,44.0,0.0,44.0,175.31,176.56,178.34,173.53,172.28,186.44,1.29,0.74,2.82,175.73,175.56,175.82,17028229.79
2023-09-26,AAPL,174.82,175.2,171.66,171.96,64588900,-2.25,-1.86,-0.38,-2.25,-1.86,-0.38,173.76,174.46,175.25,175.72,176.15,176.72,177.55,178.4,178.88,179.37,179.75,180.01,180.16,180.19,178.15,171.15,174.45,175.42,176.57,179.37,178.64,182.66,184.01,182.03,165.81,175.11,176.89,178.07,173.71,174.63,175.67,173.28,173.85,173.74,-0.15,-0.13,25.98,43.65,37.07,31.77,43.06,45.52,-154.62,-99.34,-3.49,-2.21,-4.34,-10.95,-8.23,-96.53,-98.36,3.73,21.02,-30.84,3.47,9.22,-8.03,36.95,190.52,168.22,12.43,0.17,198.05,167.27,16.85,0.15,3.43,3.77,3.73,2.02,5.58,4.8,185.1,170.0,189.98,171.66,180.82,464802800,57814460.0,66258000.0,66867900.0,0.97,35.27,2429858830.7,150.14,-0.08,27.4,12.0,33.88,40.0,100.0,-60.0,175.73,177.32,178.55,174.5,172.91,186.18,-4.12,-2.34,4.42,172.94,173.43,172.7,-53641628.81
2023-09-27,AAPL,172.62,173.04,169.05,170.43,66921800,-2.54,-2.0,-0.54,-2.54,-2.0,-0.54,172.1,173.12,174.18,174.76,175.27,175.94,176.87,177.81,178.33,178.87,179.29,179.59,179.78,179.87,177.99,171.14,173.44,175.05,175.74,178.68,178.41,182.19,183.65,182.08,165.95,174.2,176.03,177.54,172.32,173.62,174.82,171.63,172.61,172.73,-0.16,-0.13,16.62,35.03,31.71,36.4,39.8,40.52,-189.61,-122.88,-4.98,-3.84,-3.78,-7.13,-13.69,-87.73,-93.41,12.96,19.18,0.51,12.27,10.78,15.25,33.19,190.28,167.09,12.98,0.14,197.63,166.76,16.94,0.12,3.37,3.39,3.82,2.55,5.8,5.03,183.65,170.09,189.98,169.05,179.52,397881000,59511580.0,64523390.0,67563795.0,0.99,37.06,2409228802.13,150.16,-0.12,29.45,13.36,26.51,36.0,100.0,-64.0,172.94,174.22,176.48,170.68,169.4,185.6,-1.53,-0.89,3.99,170.84,171.04,170.74,-20630028.57
2023-09-28,AAPL,169.34,172.03,167.62,170.69,56294400,-2.71,-2.14,-0.57,-2.71,-2.14,-0.57,171.39,172.31,173.41,174.02,174.57,175.28,176.28,177.28,177.84,178.42,178.87,179.2,179.42,179.57,177.85,171.14,172.79,174.54,175.28,177.84,178.21,181.7,183.3,182.05,166.09,173.41,175.27,177.04,171.42,172.81,174.09,170.72,171.69,171.92,-0.17,-0.14,25.05,37.49,37.02,35.51,34.8,44.52,-183.6,-128.47,-3.18,-5.76,-5.05,-7.49,-16.96,-75.79,-86.27,25.41,14.03,48.17,24.21,13.32,46.0,35.58,189.15,166.52,12.72,0.18,197.01,166.39,16.85,0.14,3.65,3.51,3.77,2.88,5.66,5.22,183.31,169.26,189.98,167.62,178.8,454175400,58140640.0,64063250.0,67337820.0,0.84,30.4,2431312546.35,150.18,-0.14,32.84,8.76,28.48,32.0,100.0,-68.0,170.84,172.63,174.83,168.64,166.85,184.61,0.26,0.15,4.41,170.11,169.82,170.26,22083744.22
2023-09-29,AAPL,172.02,173.07,170.34,171.21,51861100,-2.78,-2.27,-0.51,-2.78,-2.27,-0.51,171.3,171.94,172.92,173.51,174.05,174.77,175.8,176.83,177.41,178.02,178.5,178.86,179.1,179.3,177.72,171.14,172.07,174.16,174.82,177.0,178.12,181.27,182.96,182.02,166.22,172.8,174.64,176.59,170.97,172.22,173.51,170.44,171.11,171.32,-0.18,-0.15,34.15,27.19,42.51,33.82,30.04,42.63,-109.78,-103.11,-1.72,-2.93,-3.8,-8.15,-16.66,-71.3,-83.94,29.72,22.7,43.76,28.7,21.73,42.64,37.76,187.64,166.37,12.02,0.23,196.5,166.04,16.8,0.17,3.42,3.5,3.73,3.06,5.32,5.32,182.8,168.81,189.98,167.62,178.8,506036500,57167780.0,58323410.0,66891150.0,0.78,29.68,2412505773.82,150.2,-0.13,35.84,10.93,27.7,28.0,96.0,-68.0,170.11,172.61,174.52,168.2,165.7,183.25,0.52,0.3,2.73,171.54,171.7,171.46,-18806772.53
2023-10-02,AAPL,171.22,174.3,170.93,173.75,52164500,-2.6,-2.34,-0.26,-2.6,-2.34,-0.26,172.53,172.55,173.1,173.55,174.0,174.64,175.61,176.6,177.17,177.78,178.27,178.64,178.89,179.11,177.64,171.17,171.61,173.74,174.44,176.22,178.09,180.9,182.68,182.04,166.36,172.73,174.33,176.31,171.51,172.19,173.3,171.48,171.34,171.29,-0.19,-0.16,44.93,33.64,45.27,44.83,33.77,43.71,-49.84,-73.76,-1.13,-2.72,-4.22,-2.55,-15.71,-49.25,-72.58,50.75,35.29,81.65,50.75,34.55,83.13,44.67,185.16,167.27,10.15,0.36,195.96,165.84,16.65,0.26,3.56,3.36,3.81,2.75,4.47,5.34,182.32,168.89,189.98,167.62,178.8,558201000,58366140.0,56814100.0,67211050.0,0.78,36.83,2447643285.69,150.22,-0.12,36.96,13.99,23.48,24.0,92.0,-68.0,171.54,172.74,174.27,170.01,168.81,182.0,2.54,1.48,3.37,172.99,172.62,173.18,35137511.87
2023-10-03,AAPL,172.26,173.63,170.82,172.4,49594600,-2.53,-2.38,-0.16,-2.53,-2.38,-0.16,172.46,172.5,172.95,173.34,173.76,174.36,175.3,176.29,176.87,177.48,177.98,178.36,178.64,178.89,177.53,171.18,171.7,173.07,174.18,175.35,177.98,180.5,182.41,182.03,166.51,172.49,173.97,175.94,171.5,171.93,172.96,171.64,171.21,171.04,-0.19,-0.16,32.17,38.99,43.98,46.22,30.28,37.94,-62.28,-87.47,-1.49,-4.32,-6.67,-1.81,-17.3,-60.43,-78.62,50.53,43.66,64.26,39.57,39.67,39.37,47.27,181.81,168.9,7.36,0.27,195.34,165.65,16.45,0.23,3.52,3.33,3.85,2.02,3.23,5.42,181.96,168.64,188.85,167.62,178.24,508606400,55367280.0,56590870.0,67426780.0,0.74,38.37,2453820549.04,150.24,-0.14,36.79,14.11,22.11,20.0,88.0,-68.0,172.99,175.06,176.36,171.69,169.62,180.85,-1.35,-0.78,2.93,172.28,172.22,172.31,6177263.35
2023-10-04,AAPL,171.09,174.21,170.97,173.66,53020300,-2.35,-2.37,0.02,-2.35,-2.37,0.02,173.06,172.88,173.11,173.4,173.74,174.28,175.14,176.1,176.66,177.27,177.77,178.16,178.44,178.72,177.46,171.2,172.34,172.89,174.15,174.89,177.86,180.1,182.17,182.03,166.7,172.59,173.81,175.66,171.94,171.95,172.81,172.37,171.46,171.07,-0.19,-0.17,61.39,49.02,39.21,45.6,31.89,34.9,-36.2,-63.0,-2.42,-5.68,-1.83,-2.08,-9.25,-50.0,-71.55,63.85,55.04,81.46,50.0,46.77,56.46,49.11,180.31,169.47,6.2,0.39,194.57,165.62,16.08,0.28,3.58,3.38,3.89,1.86,2.71,5.48,181.91,168.38,180.3,167.62,173.96,561626700,52586980.0,56049280.0,65990005.0,0.8,44.97,2488840129.9,150.26,-0.08,36.52,15.12,20.93,16.0,84.0,-68.0,172.28,173.75,175.09,170.94,169.47,179.79,1.26,0.73,3.24,172.95,172.59,173.12,35019580.86
2023-10-05,AAPL,173.79,175.45,172.68,174.91,48527900,-2.09,-2.31,0.23,-2.09,-2.31,0.23,173.99,173.56,173.51,173.68,173.92,174.35,175.12,176.01,176.55,177.14,177.63,178.02,178.3,178.6,177.41,171.24,173.19,172.99,174.09,174.76,177.65,179.7,181.92,182.05,166.9,172.96,173.81,175.47,172.7,172.22,172.84,173.46,172.03,171.34,-0.19,-0.17,81.2,50.42,39.66,49.79,39.67,36.32,8.52,-16.37,-2.32,-6.79,0.98,-0.1,-2.65,-39.65,-42.51,77.97,64.11,105.67,60.35,49.97,81.1,56.41,180.03,169.49,6.03,0.51,193.64,165.77,15.51,0.33,3.35,3.39,3.63,1.94,2.64,5.47,181.9,168.34,180.3,167.62,173.96,610154600,51033680.0,54587160.0,62791960.0,0.77,54.65,2518447404.63,150.28,-0.13,36.01,16.86,20.89,12.0,80.0,-68.0,172.95,174.92,176.19,171.68,169.71,178.82,1.25,0.72,2.77,174.35,174.06,174.49,29607274.73
2023-10-06,AAPL,173.8,177.99,173.18,177.49,57266700,-1.65,-2.18,0.53,-1.65,-2.18,0.53,175.74,174.87,174.39,174.37,174.47,174.75,175.35,176.12,176.61,177.16,177.62,178.0,178.27,178.56,177.41,171.3,174.44,173.26,174.26,174.72,177.69,179.39,181.7,182.11,167.12,173.78,174.07,175.46,174.14,172.92,173.19,175.37,173.19,172.07,-0.18,-0.17,85.79,54.57,55.23,48.99,49.9,37.62,75.03,49.52,1.14,-5.53,2.7,-0.48,-0.69,-18.29,-22.16,95.18,79.0,127.54,81.71,64.02,117.08,62.96,179.91,169.54,5.94,0.77,192.78,166.0,14.93,0.43,3.47,3.42,3.42,2.36,2.59,5.46,182.19,168.51,180.3,167.62,173.96,667421300,52114800.0,54641290.0,62377730.0,0.92,54.02,2563808345.79,150.3,-0.06,36.01,16.0,20.7,8.0,76.0,-68.0,174.35,176.01,177.12,173.24,171.58,167.62,2.58,1.48,4.81,176.22,175.58,176.54,45360941.16
2023-10-09,AAPL,176.81,179.05,175.8,178.99,42390800,-1.17,-1.98,0.81,-1.17,-1.98,0.81,177.36,176.24,175.41,175.21,175.17,175.28,175.69,176.33,176.76,177.26,177.69,178.04,178.3,178.58,177.44,171.38,175.49,173.55,174.32,174.7,177.7,179.05,181.51,182.18,167.36,174.82,174.48,175.54,175.71,173.81,173.71,177.31,174.55,173.0,-0.17,-0.17,87.12,77.48,63.27,49.83,51.1,39.21,137.15,111.58,2.91,-5.53,2.91,-0.08,-0.37,-5.88,-10.33,99.48,90.87,116.68,94.12,78.73,124.92,65.8,179.82,169.59,5.86,0.92,191.57,166.53,13.99,0.5,3.3,3.47,3.44,2.87,2.56,5.47,182.64,168.75,180.13,167.62,173.88,709812100,50160060.0,54263100.0,61549615.0,0.69,53.43,2604633947.02,150.32,-0.04,34.54,17.42,20.38,4.0,72.0,-68.0,176.22,179.26,181.03,174.45,171.41,167.83,1.5,0.85,3.25,177.95,177.42,178.21,40825601.23
2023-10-10,AAPL,178.1,179.72,177.95,178.39,43698000,-0.82,-1.75,0.93,-0.82,-1.75,0.93,177.88,176.96,176.07,175.79,175.66,175.67,175.95,176.48,176.87,177.32,177.72,178.05,178.3,178.57,177.46,171.45,176.69,174.19,174.28,174.81,177.64,178.69,181.25,182.24,167.57,175.7,174.83,175.59,176.67,174.48,174.11,178.29,175.52,173.73,-0.15,-0.17,77.17,83.56,59.57,56.83,48.66,44.8,148.04,129.43,2.06,-5.96,6.43,2.9,2.09,-10.99,-13.91,89.01,94.55,77.92,89.01,88.28,90.47,67.32,180.14,169.47,6.1,0.84,190.16,167.22,12.84,0.49,3.16,3.29,3.39,3.18,2.67,5.45,182.54,169.37,179.72,167.62,173.67,666114100,48980740.0,52174010.0,59216005.0,0.74,60.43,2582661506.35,150.34,-0.03,31.64,19.83,17.74,0.0,68.0,-68.0,177.95,180.09,181.2,176.84,174.7,168.28,-0.6,-0.34,1.77,178.69,178.83,178.61,-21972440.68
2023-10-11,AAPL,178.2,179.85,177.6,179.8,47551100,-0.43,-1.48,1.05,-0.43,-1.48,1.05,178.84,177.91,176.9,176.52,176.3,176.18,176.32,176.73,177.06,177.46,177.83,178.13,178.36,178.61,177.51,171.53,177.92,175.13,174.57,175.09,177.5,178.38,181.02,182.28,167.81,176.72,175.3,175.73,177.84,175.32,174.66,179.52,176.68,174.63,-0.13,-0.16,93.02,85.01,59.83,63.93,55.05,52.84,130.99,125.13,2.11,-1.7,9.37,5.87,5.59,-0.41,-0.41,99.47,95.99,106.45,99.59,94.24,110.29,69.62,180.86,169.32,6.59,0.91,188.76,167.99,11.65,0.57,3.0,3.28,3.24,3.33,2.89,5.33,182.88,169.76,179.85,167.62,173.74,713665200,47886900.0,50236940.0,57380165.0,0.83,68.26,2628099224.12,150.36,0.07,28.63,19.91,15.23,0.0,64.0,-64.0,178.69,179.42,180.46,177.65,176.92,168.96,1.41,0.79,2.25,179.08,178.72,179.26,45437717.78
2023-10-12,AAPL,180.07,182.34,179.04,180.71,56743100,-0.05,-1.2,1.15,-0.05,-1.2,1.15,179.77,178.84,177.75,177.28,176.98,176.75,176.74,177.02,177.29,177.64,177.97,178.24,178.45,178.68,177.57,171.62,179.08,176.13,175.02,175.34,177.27,178.14,180.78,182.34,168.05,177.73,175.84,175.93,178.98,176.21,175.27,180.67,177.87,175.59,-0.11,-0.15,92.73,85.45,77.85,64.02,59.72,53.18,139.51,147.95,5.09,1.77,10.02,5.92,4.97,-11.07,-11.07,85.85,91.44,74.66,88.93,92.51,81.76,69.45,181.63,169.04,7.18,0.93,187.71,168.56,10.75,0.63,3.06,3.29,3.24,3.35,3.15,5.01,183.32,170.16,182.34,167.62,174.98,770408300,49529940.0,50281810.0,57172530.0,0.99,68.33,2628787019.27,150.39,0.04,26.21,23.56,15.18,100.0,60.0,40.0,179.08,180.57,181.33,178.32,176.83,169.83,0.91,0.51,3.3,180.7,180.69,180.7,687795.15
2023-10-13,AAPL,181.42,181.93,178.14,178.85,51427100,0.11,-0.94,1.04,0.11,-0.94,1.04,179.31,178.84,177.99,177.56,177.27,177.01,176.94,177.16,177.39,177.71,178.01,178.27,178.47,178.68,177.59,171.7,179.35,176.9,175.29,175.53,176.97,177.89,180.54,182.38,168.3,178.23,176.17,176.04,179.19,176.65,175.59,180.51,178.36,176.1,-0.09,-0.14,72.23,70.05,76.25,56.39,54.6,49.37,97.32,104.38,4.94,0.38,7.64,2.77,3.84,-23.71,-23.71,69.7,85.01,39.09,76.29,88.27,52.33,61.78,182.01,169.05,7.39,0.76,186.7,169.08,9.9,0.55,3.13,3.36,3.3,2.95,3.24,4.61,183.66,170.22,182.34,167.62,174.98,718981200,48362020.0,50238410.0,54280910.0,0.95,61.49,2596628120.33,150.42,0.02,23.44,23.07,16.78,96.0,56.0,40.0,180.7,182.35,184.0,179.05,177.4,171.08,-1.86,-1.03,3.79,179.64,180.04,179.44,-32158898.94
2023-10-16,AAPL,176.75,179.08,176.51,178.72,52517000,0.21,-0.71,0.92,0.21,-0.71,0.92,179.02,178.8,178.15,177.77,177.49,177.23,177.11,177.27,177.48,177.76,178.04,178.29,178.48,178.69,177.62,171.77,179.29,177.39,175.46,175.57,176.61,177.83,180.32,182.46,168.56,178.56,176.48,176.15,179.28,177.0,175.87,180.26,178.71,176.54,-0.07,-0.12,59.59,77.48,75.24,69.1,55.59,53.22,55.92,65.3,4.7,-0.36,4.97,6.76,0.75,-24.59,-24.59,68.16,74.57,55.34,75.41,80.21,65.81,64.47,182.12,169.01,7.46,0.74,186.56,169.09,9.82,0.55,3.11,3.23,3.29,2.77,3.28,3.98,183.56,170.65,182.34,167.62,174.98,666464200,50387260.0,50273660.0,53543880.0,0.98,62.36,2634432186.48,150.44,0.05,21.56,24.02,15.56,92.0,52.0,40.0,179.64,181.14,183.43,177.35,175.85,172.21,-0.13,-0.07,2.57,178.1,177.8,178.26,37804066.15
2023-10-17,AAPL,176.65,178.42,174.8,177.15,57549400,0.17,-0.53,0.7,0.17,-0.53,0.7,178.08,178.25,177.93,177.66,177.44,177.22,177.11,177.27,177.46,177.73,178.0,178.24,178.43,178.64,177.61,171.82,179.05,177.87,175.81,175.47,176.19,177.79,180.06,182.51,168.8,178.52,176.63,176.18,178.8,177.01,175.94,179.3,178.58,176.64,-0.05,-0.11,35.8,64.78,67.51,68.94,48.71,53.97,22.06,36.1,3.47,0.48,4.75,6.72,-1.92,-35.26,-35.26,46.27,61.38,16.06,64.74,72.15,49.93,61.56,181.86,169.08,7.28,0.63,186.52,169.06,9.82,0.46,2.98,3.22,3.27,2.16,3.19,3.12,183.56,170.67,182.34,167.62,174.98,608914800,53157540.0,51069140.0,53830005.0,1.07,62.98,2651601620.73,150.47,0.04,21.19,24.05,13.59,88.0,48.0,40.0,178.1,179.7,180.67,177.13,175.53,173.22,-1.57,-0.88,3.92,176.79,176.61,176.88,17169434.25
2023-10-18,AAPL,175.58,177.58,175.11,175.84,54764400,0.03,-0.42,0.45,0.03,-0.42,0.45,176.96,177.45,177.47,177.33,177.19,177.04,176.99,177.16,177.35,177.63,177.9,178.13,178.33,178.54,177.57,171.86,178.25,178.08,176.17,175.49,175.95,177.71,179.76,182.54,169.03,178.15,176.66,176.16,177.99,176.79,175.83,178.01,178.12,176.49,-0.04,-0.1,32.27,53.92,56.64,63.7,44.95,50.14,-1.9,21.47,1.2,0.94,2.18,5.15,0.35,-54.17,-44.16,29.04,47.82,-8.53,45.83,61.99,13.51,55.26,181.88,169.1,7.28,0.53,186.44,168.99,9.82,0.39,2.87,3.08,3.27,1.77,3.2,2.85,183.16,170.82,182.34,167.62,174.98,554150400,54600200.0,51243550.0,53646415.0,1.02,62.94,2629208080.65,150.49,0.07,20.23,25.13,10.89,84.0,44.0,40.0,176.79,178.78,180.41,175.16,173.17,174.13,-1.31,-0.74,2.47,176.18,176.35,176.09,-22393540.08
2023-10-19,AAPL,176.04,177.84,175.19,175.46,59302900,-0.11,-0.36,0.25,-0.11,-0.36,0.25,176.21,176.79,177.02,176.99,176.92,176.85,176.84,177.03,177.23,177.51,177.78,178.02,178.21,178.44,177.53,171.89,177.2,178.14,176.49,175.56,175.88,177.66,179.44,182.54,169.28,177.67,176.66,176.13,177.25,176.53,175.7,176.94,177.63,176.29,-0.03,-0.08,14.77,39.5,60.37,61.39,49.95,50.62,-12.95,19.21,1.77,-0.16,0.55,4.25,1.53,-59.72,-46.74,8.75,28.02,-29.78,40.28,50.28,20.26,52.95,181.91,169.21,7.23,0.49,186.41,168.91,9.85,0.37,2.99,3.08,3.19,1.66,3.17,2.84,183.0,170.69,182.34,167.62,174.98,494847500,55112160.0,52321050.0,53454105.0,1.11,55.25,2581989545.18,150.52,0.08,19.73,23.37,10.91,80.0,40.0,40.0,176.18,177.24,178.65,174.77,173.71,174.8,-0.38,-0.22,2.65,176.16,176.52,175.99,-47218535.47
2023-10-20,AAPL,175.31,175.42,172.64,172.88,64244000,-0.42,-0.37,-0.05,-0.42,-0.37,-0.05,174.55,175.48,176.1,176.24,176.3,176.35,176.47,176.73,176.95,177.25,177.54,177.79,178.0,178.26,177.44,171.9,176.01,177.68,176.6,175.47,175.71,177.56,179.1,182.49,169.51,176.71,176.4,175.93,175.85,175.84,175.25,175.05,176.55,175.66,-0.03,-0.07,0.0,21.58,47.57,47.67,48.24,42.94,-95.27,-42.79,-0.45,-1.22,-4.61,-0.87,-1.91,-82.12,-64.27,2.47,13.42,-19.42,17.88,34.66,-15.68,45.52,181.92,169.01,7.36,0.3,186.41,168.7,9.97,0.24,3.07,3.04,3.21,2.36,3.23,2.85,182.54,170.39,182.34,167.62,174.98,430603500,57675540.0,53018780.0,53830035.0,1.19,47.42,2528838034.39,150.54,0.06,18.63,20.78,17.04,76.0,36.0,40.0,176.16,177.14,178.81,174.49,173.51,182.34,-2.58,-1.47,2.82,173.65,174.03,173.46,-53151510.79
2023-10-23,AAPL,170.91,174.01,169.93,173.0,55980100,-0.66,-0.43,-0.23,-0.66,-0.43,-0.23,173.77,174.66,175.41,175.65,175.79,175.93,176.14,176.45,176.69,177.01,177.32,177.59,177.81,178.09,177.35,171.92,174.87,177.08,176.55,175.31,175.5,177.46,178.72,182.45,169.75,175.86,176.17,175.76,174.85,175.28,174.87,173.86,175.7,175.13,-0.03,-0.07,1.97,23.76,43.61,51.72,46.92,41.35,-138.15,-68.66,-1.09,-2.79,-5.99,0.6,-3.08,-75.26,-63.45,24.74,11.99,50.24,24.74,27.63,18.95,49.27,181.85,168.77,7.46,0.32,186.41,168.52,10.08,0.25,3.19,3.12,3.26,2.72,3.27,2.81,182.38,169.9,182.34,167.62,174.98,486583600,58368160.0,54377710.0,54320405.0,1.03,47.03,2557102496.64,150.56,0.07,17.43,20.23,22.55,72.0,32.0,40.0,173.65,174.65,176.43,171.87,170.87,182.15,0.12,0.07,4.08,172.31,171.97,172.48,28264462.25
2023-10-24,AAPL,173.05,173.67,171.45,173.44,43816600,-0.8,-0.5,-0.29,-0.8,-0.5,-0.29,173.61,174.25,174.97,175.25,175.43,175.62,175.88,176.23,176.48,176.81,177.13,177.41,177.64,177.94,177.27,171.93,174.12,176.58,176.62,175.39,175.4,177.34,178.34,182.39,169.97,175.2,175.99,175.63,174.26,174.87,174.58,173.31,175.12,174.75,-0.04,-0.06,8.75,15.81,34.19,49.34,45.32,46.79,-120.26,-55.51,-2.28,-3.14,-4.95,-0.22,1.48,-71.72,-60.46,28.28,18.5,47.85,28.28,23.63,37.58,54.6,181.8,168.98,7.31,0.35,186.34,168.34,10.15,0.28,2.96,3.05,3.23,2.9,3.21,2.83,181.98,169.78,182.34,167.62,174.98,530400200,55621600.0,54389570.0,53281790.0,0.82,46.38,2591839981.33,150.58,0.15,16.91,19.36,23.08,68.0,28.0,40.0,172.31,174.7,176.39,170.62,168.23,181.66,0.44,0.25,2.22,172.85,172.56,173.0,34737484.68
2023-10-25,AAPL,171.88,173.06,170.65,171.1,57157000,-1.08,-0.62,-0.46,-1.08,-0.62,-0.46,172.35,173.2,174.11,174.5,174.77,175.05,175.42,175.85,176.14,176.5,176.83,177.13,177.38,177.71,177.15,171.92,173.18,175.72,176.45,175.42,175.3,177.21,177.93,182.29,170.18,174.2,175.58,175.35,173.07,174.1,174.03,171.93,174.04,174.0,-0.04,-0.06,7.81,5.22,21.1,39.26,48.37,45.67,-140.71,-87.58,-4.41,-2.5,-8.7,-3.81,0.67,-90.57,-76.36,9.75,20.92,-12.6,9.43,20.82,-13.35,48.16,181.73,169.11,7.19,0.16,186.38,168.04,10.35,0.17,2.99,3.05,3.15,3.12,3.15,2.93,181.52,169.33,182.34,167.62,174.98,473243200,56100120.0,55350160.0,52793550.0,1.08,39.45,2556027919.09,150.6,0.14,17.62,16.44,24.95,64.0,24.0,40.0,172.85,174.26,175.07,172.04,170.63,181.19,-2.34,-1.35,2.79,171.6,171.86,171.48,-35812062.24
2023-10-26,AAPL,170.37,171.38,165.67,166.89,70625300,-1.63,-0.82,-0.81,-1.63,-0.82,-0.81,169.62,171.1,172.51,173.11,173.55,174.03,174.61,175.18,175.54,175.96,176.35,176.69,176.97,177.36,176.95,171.87,171.46,174.33,175.91,175.23,175.0,177.02,177.5,182.16,170.36,172.6,174.77,174.81,170.81,172.68,173.01,169.17,172.07,172.59,-0.06,-0.06,5.56,4.28,16.69,22.62,43.92,39.05,-176.43,-166.57,-6.45,-4.05,-13.82,-10.6,-3.8,-92.68,-92.68,9.1,15.71,-4.13,7.32,15.01,-8.06,40.63,182.32,168.14,8.09,-0.09,186.64,167.4,10.87,-0.03,3.25,3.11,3.23,3.68,3.55,3.3,180.84,168.38,182.34,165.67,174.0,402617900,58364600.0,56738380.0,53510095.0,1.32,31.34,2515582256.92,150.62,0.08,20.66,10.28,35.86,60.0,100.0,-40.0,171.6,172.56,174.01,170.15,169.19,180.74,-4.21,-2.46,5.71,167.98,168.52,167.71,-40445662.17
2023-10-27,AAPL,166.91,168.96,166.83,168.22,58499100,-1.93,-1.04,-0.89,-1.93,-1.04,-0.89,168.92,170.14,171.55,172.22,172.73,173.31,174.0,174.67,175.07,175.53,175.95,176.32,176.63,177.06,176.77,171.84,170.53,173.27,175.3,175.08,174.78,176.9,177.12,182.05,170.53,171.49,174.1,174.37,169.61,171.7,172.26,168.01,170.82,171.6,-0.07,-0.06,17.15,13.24,16.3,21.94,45.91,39.11,-136.5,-152.43,-6.44,-3.76,-10.63,-10.77,-2.99,-84.7,-84.7,20.0,12.95,34.1,15.3,10.68,24.53,41.71,182.64,167.52,8.63,0.05,186.81,167.0,11.2,0.06,3.2,3.03,3.12,3.76,3.78,3.53,180.07,167.94,182.34,165.67,174.0,461117000,57215620.0,57445580.0,53841995.0,1.09,32.5,2533434094.94,150.64,0.11,24.68,8.05,36.8,56.0,96.0,-40.0,167.98,170.29,173.69,164.58,162.27,179.83,1.33,0.8,2.13,168.0,167.9,168.06,17851838.03
2023-10-30,AAPL,169.02,171.17,168.87,170.29,51131000,-1.99,-1.23,-0.76,-1.99,-1.23,-0.76,169.61,170.19,171.27,171.87,172.36,172.93,173.65,174.34,174.76,175.24,175.68,176.06,176.38,176.83,176.65,171.82,169.99,172.43,174.72,174.91,174.52,176.82,176.93,181.97,170.71,170.95,173.65,174.08,169.45,171.25,171.84,168.29,170.36,171.13,-0.09,-0.07,37.68,26.79,21.59,30.4,48.55,47.55,-81.93,-98.17,-5.77,-3.29,-8.43,-8.1,-3.46,-72.29,-72.29,37.96,22.35,69.18,27.71,16.78,49.59,47.09,182.75,167.07,8.96,0.21,186.88,166.76,11.38,0.18,3.24,3.12,3.13,3.32,3.92,3.57,179.89,167.41,182.34,165.67,174.0,512248000,56245800.0,57306980.0,53790320.0,0.95,32.94,2545438764.51,150.65,0.09,27.99,11.36,35.81,52.0,92.0,-40.0,168.0,169.18,170.13,167.05,165.87,178.98,2.07,1.23,2.95,170.11,170.02,170.15,12004669.57
2023-10-31,AAPL,169.35,170.9,167.9,170.77,44846000,-1.97,-1.38,-0.59,-1.97,-1.38,-0.59,170.19,170.38,171.16,171.67,172.11,172.66,173.38,174.08,174.5,174.99,175.44,175.83,176.16,176.64,176.53,171.81,169.45,171.79,174.21,174.83,174.24,176.72,176.79,181.88,170.9,170.65,173.25,173.84,169.53,170.95,171.53,168.81,170.13,170.82,-0.1,-0.07,39.74,31.83,26.18,27.12,44.98,50.52,-76.26,-97.23,-4.52,-0.69,-6.38,-9.03,-1.63,-69.41,-69.41,41.91,33.29,59.14,30.59,24.54,42.71,54.05,182.81,166.85,9.13,0.25,186.92,166.52,11.54,0.21,3.27,3.17,3.12,2.9,3.99,3.52,179.72,167.03,182.34,165.67,174.0,557094000,56451680.0,56036640.0,53552890.0,0.84,26.87,2586398111.18,150.67,0.12,30.84,11.17,36.6,48.0,88.0,-40.0,170.11,171.35,172.41,169.05,167.81,178.19,0.48,0.28,3.0,169.86,169.4,170.08,40959346.67
2023-11-01,AAPL,171.0,174.23,170.12,173.97,56934900,-1.67,-1.44,-0.24,-1.67,-1.44,-0.24,172.08,171.58,171.79,172.09,172.4,172.82,173.43,174.07,174.47,174.94,175.36,175.75,176.07,176.55,176.48,171.83,170.03,171.6,173.82,174.84,174.19,176.65,176.69,181.81,171.09,171.04,173.17,173.82,170.68,171.29,171.66,170.69,170.8,171.14,-0.11,-0.08,51.94,45.56,38.14,34.7,52.49,54.56,-11.52,-37.89,-2.66,2.08,-1.87,-6.74,0.31,-48.95,-50.21,85.13,55.0,145.39,51.05,36.45,80.23,57.48,182.82,166.87,9.12,0.45,186.88,166.43,11.58,0.37,3.27,3.23,3.17,2.66,3.99,3.52,179.89,166.97,182.34,165.67,174.0,614028900,56407260.0,56253690.0,53748620.0,1.06,26.64,2636129568.84,150.69,0.14,32.68,12.83,35.94,44.0,84.0,-40.0,169.86,171.81,172.86,168.81,166.86,177.43,3.2,1.87,4.11,172.77,172.18,173.07,49731457.66
2023-11-02,AAPL,175.52,177.78,175.46,177.57,77334800,-1.14,-1.38,0.24,-1.14,-1.38,0.24,174.82,173.58,173.07,173.09,173.19,173.42,173.83,174.33,174.67,175.08,175.47,175.82,176.13,176.58,176.5,171.89,172.16,171.81,173.61,174.98,174.31,176.58,176.68,181.74,171.3,172.13,173.43,174.04,172.74,172.25,172.23,173.63,172.31,172.08,-0.1,-0.08,71.73,63.18,50.95,47.31,55.77,58.15,93.14,42.46,0.24,4.03,2.11,-1.28,2.66,-11.26,-28.61,98.27,75.1,144.6,88.74,56.79,152.63,60.98,183.04,166.91,9.22,0.66,186.73,166.43,11.5,0.55,3.5,3.23,3.2,3.06,4.03,3.57,180.29,167.36,182.34,165.67,174.0,691363700,57749160.0,58056880.0,55188965.0,1.4,35.61,2699464103.32,150.72,0.16,33.28,20.67,33.94,40.0,80.0,-40.0,172.77,175.43,176.88,171.32,168.66,165.67,3.6,2.07,3.81,176.94,176.62,177.1,63334534.48
2023-11-03,AAPL,174.24,176.82,173.35,176.65,79829200,-0.78,-1.26,0.48,-0.78,-1.26,0.48,175.74,174.6,173.87,173.73,173.73,173.82,174.09,174.5,174.8,175.17,175.53,175.86,176.15,176.58,176.5,171.94,173.85,172.19,173.46,174.93,174.38,176.59,176.66,181.68,171.5,173.01,173.59,174.19,173.98,172.91,172.63,175.19,173.33,172.76,-0.1,-0.09,92.07,59.82,51.87,45.78,52.59,53.88,70.45,17.03,0.46,3.18,3.77,-2.07,-0.84,-13.88,-34.13,90.67,91.35,89.3,86.12,75.3,107.75,65.84,182.95,166.91,9.17,0.61,186.74,166.44,11.5,0.5,3.7,3.35,3.27,3.41,4.01,3.59,180.79,167.4,182.34,165.67,174.0,611534500,62015180.0,59615400.0,56317090.0,1.42,34.46,2771471422.05,150.75,0.18,33.59,19.94,33.77,36.0,76.0,-40.0,176.94,178.41,179.26,176.09,174.62,165.91,-0.92,-0.52,4.22,175.61,175.08,175.87,72007318.73
2023-11-06,AAPL,176.38,179.43,176.21,179.23,63841300,-0.28,-1.06,0.78,-0.28,-1.06,0.78,177.48,176.14,175.06,174.73,174.57,174.5,174.58,174.85,175.08,175.39,175.71,176.01,176.27,176.67,176.56,172.01,175.64,172.81,173.5,174.95,174.48,176.6,176.69,181.63,171.71,174.29,174.0,174.5,175.76,173.95,173.33,177.38,174.83,173.82,-0.09,-0.09,92.84,63.97,57.9,54.07,52.59,58.84,131.56,69.61,2.15,3.15,6.23,2.08,0.24,-1.45,-18.66,98.55,95.83,103.99,98.55,91.13,113.37,75.51,182.99,166.9,9.2,0.77,186.76,166.44,11.51,0.63,3.35,3.3,3.19,4.08,4.02,3.69,181.18,167.99,182.34,165.67,174.0,675375800,64557240.0,60401520.0,57389615.0,1.11,42.01,2827382125.78,150.78,0.19,32.2,25.9,30.58,32.0,72.0,-40.0,175.61,177.86,179.08,174.39,172.14,166.15,2.58,1.46,3.22,178.29,177.82,178.52,55910703.73
2023-11-07,AAPL,179.18,182.44,178.97,181.82,70530000,0.32,-0.78,1.1,0.32,-0.78,1.1,179.65,178.04,176.56,176.02,175.69,175.41,175.27,175.37,175.52,175.75,176.01,176.26,176.49,176.84,176.66,172.11,177.85,173.65,173.81,175.12,174.81,176.63,176.73,181.59,171.91,175.92,174.65,174.98,177.91,175.33,174.28,179.95,176.74,175.23,-0.07,-0.08,93.12,75.55,68.72,61.14,54.09,60.21,167.34,118.52,5.17,5.46,8.38,5.98,3.43,-3.7,-3.7,96.3,95.17,98.56,96.3,93.66,101.6,77.2,183.61,166.63,9.7,0.89,186.85,166.41,11.57,0.75,3.54,3.37,3.2,4.98,4.24,3.89,182.01,168.53,182.44,165.67,174.06,745905800,69694040.0,63072860.0,58731215.0,1.2,49.74,2872708321.75,150.82,0.25,29.58,31.73,29.93,100.0,68.0,32.0,178.29,180.37,181.51,177.15,175.07,166.68,2.59,1.45,3.47,181.08,180.7,181.26,45326195.97
2023-11-08,AAPL,182.35,183.45,181.59,182.89,49340300,0.87,-0.45,1.32,0.87,-0.45,1.32,181.27,179.65,177.97,177.27,176.8,176.35,176.0,175.93,175.99,176.15,176.34,176.55,176.74,177.04,176.79,172.21,179.63,174.83,174.28,175.27,175.22,176.61,176.82,181.57,172.12,177.6,175.39,175.5,179.84,176.7,175.28,182.06,178.57,176.66,-0.04,-0.07,93.41,94.84,69.92,63.49,56.41,60.03,161.97,138.72,5.72,5.31,11.79,7.43,3.09,-3.15,-3.15,96.63,97.16,95.57,96.85,97.23,96.08,78.73,184.22,166.32,10.21,0.93,186.76,166.46,11.5,0.81,3.38,3.31,3.21,5.66,4.47,4.07,182.63,169.37,183.45,165.67,174.56,795246100,68175120.0,62291190.0,58820675.0,0.84,56.36,2892338333.57,150.84,0.22,27.37,33.89,30.44,100.0,64.0,36.0,181.08,183.18,184.55,179.71,177.61,167.63,1.07,0.59,1.86,182.64,182.52,182.7,19630011.83
2023-11-09,AAPL,182.96,184.12,181.81,182.41,53763500,1.25,-0.11,1.37,1.25,-0.11,1.37,181.84,180.57,178.95,178.2,177.66,177.11,176.61,176.41,176.41,176.5,176.64,176.8,176.96,177.21,176.9,172.32,180.6,176.38,174.74,175.36,175.62,176.5,176.91,181.54,172.32,178.98,176.07,175.96,181.07,177.8,176.13,183.13,179.93,177.82,-0.02,-0.06,87.54,91.76,68.03,68.74,53.82,56.53,127.26,135.82,5.17,4.29,15.52,9.53,1.7,-9.27,-9.27,89.46,94.13,80.11,90.73,94.63,82.94,74.79,184.55,166.16,10.49,0.88,186.29,166.72,11.09,0.8,3.29,3.28,3.21,5.36,4.6,4.18,183.16,170.05,184.12,165.67,174.9,741482600,63460860.0,60605010.0,58671695.0,0.92,63.62,2866503924.48,150.87,0.2,27.9,35.72,25.22,100.0,60.0,40.0,182.64,183.7,184.5,181.84,180.78,168.89,-0.48,-0.26,2.31,182.78,182.96,182.69,-25834409.09
2023-11-10,AAPL,183.97,186.57,183.53,186.4,66133400,1.86,0.28,1.58,1.86,0.28,1.58,184.12,182.52,180.61,179.69,179.0,178.27,177.54,177.15,177.05,177.05,177.12,177.22,177.33,177.52,177.09,172.46,182.55,178.2,175.64,175.74,176.12,176.47,177.12,181.57,172.53,180.8,177.12,176.66,183.26,179.46,177.39,185.52,182.05,179.56,0.01,-0.05,87.96,92.6,78.85,72.87,57.64,59.22,134.94,167.32,8.94,5.02,18.18,13.4,7.55,-0.81,-0.81,99.09,95.06,107.15,99.19,95.59,106.38,75.83,186.08,165.39,11.77,1.02,186.13,166.82,10.94,1.01,3.29,3.28,3.25,5.37,5.17,4.53,184.11,170.98,186.57,165.67,176.12,807616000,60721700.0,61368440.0,59407010.0,1.11,70.77,2925240825.8,150.91,0.28,30.08,40.99,19.28,100.0,56.0,44.0,182.78,183.75,185.09,181.44,180.47,170.41,3.99,2.19,4.16,185.5,185.05,185.73,58736901.32
2023-11-13,AAPL,185.82,186.03,184.21,184.8,43627500,2.18,0.66,1.52,2.18,0.66,1.52,184.46,183.28,181.54,180.62,179.9,179.08,178.23,177.71,177.55,177.48,177.49,177.55,177.63,177.75,177.24,172.58,183.66,179.65,176.43,176.04,176.49,176.38,177.29,181.54,172.73,182.0,177.99,177.22,184.3,180.6,178.34,186.24,183.34,180.78,0.04,-0.03,83.1,85.02,87.45,68.65,58.04,57.78,106.6,141.72,10.73,3.25,14.51,11.36,6.08,-8.47,-8.47,89.24,92.6,82.53,91.53,93.82,86.96,70.22,187.09,164.99,12.55,0.9,185.61,167.16,10.46,0.96,3.06,3.28,3.17,4.94,5.52,4.78,184.79,171.67,186.57,165.67,176.12,763988500,56678940.0,60618090.0,58962535.0,0.74,65.44,2909899287.34,150.93,0.23,32.03,41.02,19.29,96.0,52.0,44.0,185.5,187.47,188.54,184.43,182.46,172.35,-1.6,-0.86,2.19,185.01,185.12,184.96,-15341538.46
2023-11-14,AAPL,187.7,188.11,186.3,187.44,60108400,2.62,1.05,1.57,2.62,1.05,1.57,185.95,184.66,182.85,181.86,181.06,180.13,179.11,178.43,178.19,178.03,177.98,177.98,178.01,178.07,177.44,172.73,184.79,181.32,177.36,176.55,176.99,176.34,177.49,181.55,172.95,183.42,179.07,177.92,185.88,182.04,179.52,187.75,185.04,182.32,0.08,-0.01,83.19,84.59,88.1,76.56,61.04,59.01,113.23,149.39,11.43,5.07,16.67,16.34,10.29,-2.99,-2.99,95.46,94.6,97.19,97.01,95.91,99.22,71.37,188.72,164.39,13.78,0.95,185.31,167.36,10.18,1.12,2.93,3.32,3.21,4.39,6.08,5.11,185.75,172.47,188.11,165.67,176.89,824096900,54594620.0,62144330.0,59090485.0,1.02,72.31,2925507545.9,150.97,0.23,33.73,45.04,17.35,100.0,48.0,52.0,185.01,185.82,186.83,184.0,183.19,174.06,2.64,1.43,3.31,187.28,187.2,187.32,15608258.56
2023-11-15,AAPL,187.85,189.5,187.78,188.01,53790500,2.98,1.44,1.54,2.98,1.44,1.54,186.98,185.78,184.0,182.98,182.13,181.11,179.96,179.14,178.82,178.59,178.47,178.42,178.4,178.4,177.65,172.88,185.81,182.72,178.49,177.16,177.47,176.44,177.66,181.58,173.17,184.64,180.16,178.63,187.19,183.38,180.66,188.86,186.53,183.76,0.11,0.02,79.9,81.75,87.35,88.94,64.1,58.68,109.85,138.05,10.41,4.57,14.04,21.12,12.17,-6.57,-6.25,90.77,91.82,88.67,93.43,93.99,92.3,67.63,190.35,163.97,14.89,0.91,185.83,167.05,10.64,1.12,2.77,3.06,3.12,4.01,6.6,5.45,186.07,173.84,189.5,165.67,177.58,877887400,55484660.0,61829890.0,59041790.0,0.91,79.98,2886102877.3,151.0,0.22,35.18,52.13,7.2,100.0,44.0,56.0,187.28,188.27,189.09,186.46,185.47,176.03,0.57,0.3,2.06,188.43,188.64,188.32,-39404668.6
2023-11-16,AAPL,189.57,190.96,188.65,189.71,54412900,3.37,1.83,1.54,3.37,1.83,1.54,188.35,187.09,185.27,184.2,183.29,182.19,180.89,179.93,179.53,179.2,179.01,178.91,178.85,178.77,177.89,173.05,187.27,183.94,180.01,177.87,177.96,176.68,177.81,181.6,173.39,185.91,181.36,179.42,188.65,184.82,181.9,190.21,188.14,185.3,0.14,0.04,81.06,87.92,87.97,89.09,67.83,62.96,111.67,130.27,11.09,4.98,12.14,21.49,14.25,-5.42,-4.94,91.53,92.59,89.4,94.58,95.01,93.72,64.74,192.17,163.58,16.08,0.91,186.79,166.57,11.44,1.14,2.69,3.12,3.14,4.11,7.15,5.86,187.12,174.65,190.96,165.67,178.32,932300300,55614540.0,59537700.0,58797290.0,0.93,80.05,2881627357.38,151.04,0.25,36.11,54.49,7.06,100.0,40.0,60.0,188.43,189.08,190.15,187.36,186.71,178.18,1.7,0.9,2.95,189.77,189.8,189.76,-4475519.91
2023-11-17,AAPL,190.25,190.38,188.57,189.69,50922700,3.63,2.19,1.44,3.63,2.19,1.44,189.02,187.96,186.25,185.2,184.28,183.13,181.72,180.65,180.18,179.79,179.53,179.38,179.27,179.13,178.12,173.21,187.93,185.24,181.44,178.72,178.37,176.91,178.03,181.6,173.58,186.95,182.48,180.18,189.65,186.04,183.02,190.94,189.39,186.63,0.17,0.07,84.6,85.68,86.12,88.13,68.47,63.13,99.05,111.93,9.04,6.06,13.04,19.4,16.81,-5.51,-5.02,89.41,90.57,87.09,94.49,94.17,95.14,64.33,193.73,163.7,16.81,0.87,187.66,166.16,12.15,1.09,2.68,3.03,3.1,3.58,7.51,6.24,187.79,175.66,190.96,165.67,178.32,881377600,52572400.0,56647050.0,58131225.0,0.88,73.74,2893725015.39,151.07,0.31,37.72,50.75,7.44,96.0,36.0,60.0,189.77,190.9,192.08,188.59,187.46,180.48,-0.02,-0.01,1.81,189.55,189.48,189.58,12097658.01
2023-11-20,AAPL,189.89,191.91,189.88,191.45,46505100,3.93,2.54,1.4,3.93,2.54,1.4,190.23,189.12,187.41,186.34,185.38,184.17,182.65,181.45,180.91,180.43,180.12,179.9,179.75,179.53,178.39,173.39,189.26,186.46,182.85,179.64,178.78,177.15,178.24,181.62,173.77,188.08,183.7,181.02,190.91,187.4,184.24,192.06,190.81,188.08,0.2,0.09,80.46,84.82,84.84,88.7,74.62,67.03,108.63,112.36,7.82,7.12,12.22,20.68,18.45,-2.11,-1.75,95.54,92.16,102.31,97.89,95.65,102.36,67.61,195.43,163.85,17.58,0.87,188.65,165.66,12.98,1.12,2.67,2.98,3.08,3.38,7.89,6.68,188.61,176.69,191.91,165.67,178.79,927882700,53147920.0,54913430.0,57657475.0,0.81,79.0,2919153912.44,151.1,0.31,39.83,55.37,5.25,100.0,32.0,68.0,189.55,190.52,191.36,188.71,187.74,182.37,1.76,0.93,2.22,191.08,190.9,191.17,25428897.04
2023-11-21,AAPL,191.41,191.52,189.74,190.64,38134500,4.06,2.84,1.22,4.06,2.84,1.22,190.44,189.63,188.12,187.12,186.19,184.98,183.41,182.13,181.54,181.0,180.63,180.37,180.18,179.9,178.63,173.56,189.9,187.34,184.18,180.5,179.19,177.44,178.42,181.59,173.96,188.84,184.75,181.79,191.5,188.39,185.24,192.29,191.7,189.18,0.23,0.12,88.93,78.56,85.31,84.26,72.97,67.84,92.56,97.46,7.92,7.62,8.82,16.67,17.2,-6.84,-4.84,87.43,90.79,80.69,93.16,95.18,89.11,61.44,196.73,164.26,17.99,0.81,189.55,165.33,13.65,1.05,2.33,2.81,2.97,3.18,8.12,7.02,189.04,177.79,191.91,165.67,178.79,889748200,48753140.0,51673880.0,57373370.0,0.66,73.74,2919582389.97,151.12,0.29,42.08,50.19,5.92,96.0,28.0,68.0,191.08,192.28,193.11,190.25,189.05,184.28,-0.81,-0.42,1.78,190.63,190.63,190.64,428477.53
2023-11-22,AAPL,191.49,192.93,190.83,191.31,39617700,4.17,3.11,1.06,4.17,3.11,1.06,190.87,190.19,188.83,187.88,186.98,185.77,184.16,182.81,182.17,181.57,181.15,180.84,180.61,180.27,178.88,173.74,190.56,188.19,185.33,181.51,179.58,177.78,178.54,181.57,174.14,189.56,185.78,182.57,192.09,189.35,186.23,192.59,192.53,190.24,0.25,0.15,84.99,82.34,83.74,82.1,73.13,68.97,97.71,98.55,6.74,8.8,8.42,13.74,20.21,-8.27,-5.94,82.77,88.58,71.14,91.73,94.26,86.66,60.28,197.8,165.22,17.95,0.8,190.47,165.09,14.27,1.03,2.35,2.7,2.97,2.97,8.14,7.36,189.57,178.76,192.93,165.67,179.3,929365900,45918580.0,50701620.0,56496405.0,0.7,72.62,2898075638.54,151.15,0.3,45.82,46.55,6.16,100.0,24.0,76.0,190.63,191.53,192.41,189.75,188.85,185.8,0.67,0.35,2.29,191.69,191.88,191.6,-21506751.43
2023-11-24,AAPL,190.87,190.9,189.25,189.97,24048300,4.1,3.3,0.79,4.1,3.3,0.79,190.42,190.12,189.09,188.26,187.44,186.29,184.72,183.34,182.67,182.04,181.58,181.24,180.98,180.59,179.1,173.9,190.61,188.94,186.16,182.66,179.89,178.07,178.58,181.56,174.33,189.89,186.58,183.24,192.01,189.91,186.94,192.05,192.79,190.89,0.27,0.17,65.56,66.07,74.47,80.52,75.07,71.08,62.65,77.44,4.48,8.27,7.56,13.32,23.08,-17.7,-10.86,66.06,78.75,40.67,82.3,89.06,68.77,54.6,197.82,167.5,16.6,0.74,191.2,164.94,14.75,0.95,2.17,2.55,2.93,2.2,7.58,7.6,189.82,179.62,192.93,166.83,179.88,905317600,39845660.0,47730100.0,54167555.0,0.44,77.78,2895014945.81,151.17,0.35,49.8,49.37,5.04,96.0,20.0,76.0,191.69,192.55,193.79,190.45,189.59,187.23,-1.34,-0.7,2.06,190.04,190.08,190.02,-3060692.73
2023-11-27,AAPL,189.92,190.67,188.9,189.79,40552600,3.98,3.44,0.54,3.98,3.44,0.54,190.11,190.01,189.24,188.54,187.8,186.73,185.2,183.82,183.13,182.47,181.98,181.61,181.33,180.89,179.31,174.06,190.63,189.28,187.04,183.74,180.25,178.36,178.61,181.54,174.53,190.04,187.26,183.88,191.84,190.34,187.55,191.5,192.89,191.39,0.28,0.19,50.84,75.75,71.89,77.19,84.08,70.68,50.81,69.44,3.77,9.78,3.39,10.56,21.57,-22.49,-12.03,52.64,67.15,23.61,77.51,83.84,64.83,55.33,197.58,169.9,15.07,0.72,191.87,164.85,15.15,0.92,2.13,2.45,2.75,2.02,6.92,7.81,190.09,180.31,192.93,167.9,180.42,864765000,37771640.0,45172020.0,53270230.0,0.76,71.19,2895244056.55,151.19,0.34,54.56,43.84,6.28,92.0,16.0,76.0,190.04,190.83,191.69,189.18,188.39,188.37,-0.18,-0.09,1.77,189.79,189.78,189.79,229110.73
2023-11-28,AAPL,189.78,191.08,189.4,190.4,38415400,3.89,3.53,0.36,3.89,3.53,0.36,190.25,190.14,189.5,188.88,188.2,187.19,185.7,184.31,183.6,182.91,182.39,181.99,181.68,181.2,179.53,174.22,190.42,189.84,187.78,184.75,180.64,178.61,178.62,181.54,174.73,190.25,187.89,184.54,191.85,190.79,188.17,191.31,193.06,191.91,0.29,0.21,56.61,69.32,75.14,74.6,83.73,70.8,55.86,69.98,4.38,10.06,5.6,8.58,20.11,-22.31,-10.11,50.87,56.52,39.58,77.69,79.16,74.74,54.61,197.34,172.15,13.64,0.72,192.54,164.68,15.6,0.92,1.94,2.32,2.73,1.29,6.3,8.02,190.33,181.06,192.93,167.9,180.42,903180400,36153700.0,44650810.0,52634450.0,0.73,69.92,2902561275.59,151.22,0.34,59.38,38.24,6.63,88.0,12.0,76.0,189.79,190.67,191.56,188.9,188.02,188.9,0.61,0.32,1.68,190.29,190.24,190.32,7317219.05
2023-11-29,AAPL,190.9,192.09,188.97,189.37,43014200,3.7,3.56,0.13,3.7,3.56,0.13,189.81,189.88,189.47,188.97,188.38,187.46,186.05,184.68,183.97,183.27,182.73,182.31,181.98,181.47,179.73,174.37,190.17,190.03,188.29,185.68,181.05,178.82,178.62,181.55,174.9,190.16,188.33,185.1,191.47,190.97,188.6,190.65,192.88,192.14,0.3,0.23,27.59,58.37,61.48,68.62,79.96,73.16,45.81,64.15,1.59,9.18,1.93,6.48,18.6,-32.01,-14.22,18.35,40.62,-26.2,67.99,74.39,55.17,47.85,196.56,174.8,11.72,0.67,193.08,164.56,15.95,0.87,2.13,2.41,2.73,1.0,5.44,8.14,190.86,181.23,192.93,170.12,181.52,860166200,37129640.0,42941390.0,52542860.0,0.82,63.07,2870576357.64,151.24,0.27,64.03,36.81,6.38,84.0,8.0,76.0,190.29,191.19,191.97,189.51,188.61,188.9,-1.03,-0.54,3.12,190.14,190.53,189.95,-31984917.95
2023-11-30,AAPL,189.84,190.32,188.19,189.95,48794400,3.55,3.56,-0.01,3.55,3.56,-0.01,189.88,189.9,189.58,189.15,188.62,187.77,186.42,185.07,184.36,183.64,183.08,182.65,182.29,181.75,179.93,174.53,189.9,190.23,188.76,186.47,181.52,179.11,178.74,181.56,175.09,190.14,188.74,185.67,191.34,191.21,189.05,190.41,192.81,192.42,0.3,0.24,42.18,51.71,71.62,71.54,80.03,82.19,13.0,49.88,2.79,11.02,1.94,7.54,15.98,-31.7,-13.06,37.13,35.45,40.49,68.3,71.32,62.24,49.42,196.0,176.95,10.21,0.68,193.67,164.54,16.27,0.87,2.12,2.4,2.69,0.71,4.76,8.24,191.21,181.63,192.93,173.35,183.14,908960600,38964980.0,42441780.0,52135835.0,0.94,55.35,2902418712.57,151.27,0.26,67.09,35.01,8.74,80.0,4.0,76.0,190.14,191.32,193.26,188.2,187.02,192.93,0.58,0.31,2.13,189.49,189.26,189.6,31842354.93
2023-12-01,AAPL,190.33,191.56,189.23,191.24,45704800,3.5,3.55,-0.05,3.5,3.55,-0.05,190.56,190.35,189.95,189.53,189.02,188.21,186.88,185.53,184.8,184.06,183.48,183.02,182.65,182.06,180.15,174.69,190.15,190.38,189.34,187.16,182.04,179.45,178.96,181.58,175.27,190.33,189.2,186.3,191.64,191.63,189.6,190.8,193.04,192.87,0.3,0.26,49.3,59.37,67.99,66.35,78.75,82.17,64.56,64.68,2.03,14.59,1.53,4.84,13.67,-19.38,-8.63,64.35,39.94,113.15,80.62,72.3,97.26,51.81,195.92,178.39,9.37,0.73,194.34,164.57,16.59,0.9,2.2,2.26,2.61,0.75,4.38,8.34,191.41,182.35,192.93,173.35,183.14,954665400,43296280.0,41570970.0,50554335.0,0.9,54.01,2935569404.42,151.3,0.23,68.55,33.22,9.24,76.0,0.0,76.0,189.49,190.78,191.62,188.65,187.36,192.84,1.29,0.68,2.33,190.68,190.4,190.82,33150691.85
2023-12-04,AAPL,189.98,190.05,187.45,189.43,43389500,3.27,3.49,-0.22,3.27,3.49,-0.22,190.0,190.04,189.83,189.51,189.09,188.36,187.12,185.82,185.1,184.36,183.77,183.3,182.91,182.3,180.34,174.84,190.08,190.36,189.55,187.8,182.59,179.74,179.15,181.57,175.45,190.16,189.41,186.78,191.22,191.64,189.87,190.21,192.71,192.9,0.3,0.26,45.09,37.86,56.02,65.42,71.0,76.94,-71.95,28.36,0.76,12.61,-0.26,4.63,12.78,-52.79,-17.88,36.13,45.87,16.66,47.21,65.38,10.88,54.08,195.07,180.52,7.75,0.61,194.83,164.66,16.79,0.82,2.41,2.38,2.61,0.78,3.64,8.26,191.88,182.36,192.93,176.21,184.57,911275900,43863660.0,40817650.0,48732350.0,0.89,53.95,2958265450.57,151.33,0.19,68.71,31.62,14.14,72.0,0.0,72.0,190.68,192.12,193.01,189.79,188.35,192.74,-1.81,-0.95,3.79,188.98,188.75,189.09,22696046.15
2023-12-05,AAPL,190.21,194.4,190.18,193.42,66628400,3.37,3.47,-0.1,3.37,3.47,-0.1,191.71,191.17,190.63,190.22,189.75,188.99,187.72,186.38,185.64,184.86,184.24,183.74,183.32,182.66,180.59,175.03,190.68,190.55,190.12,188.51,183.28,180.09,179.39,181.6,175.65,190.71,189.95,187.48,192.2,192.35,190.6,191.6,193.42,193.61,0.29,0.27,69.5,62.09,63.17,68.28,76.78,79.02,200.93,110.19,1.96,13.58,1.97,5.98,14.19,-14.1,-5.39,85.9,62.13,133.45,85.9,71.24,115.21,59.91,194.99,182.03,6.88,0.88,195.62,164.56,17.25,0.93,2.83,2.5,2.64,1.21,3.24,8.29,192.71,182.73,194.4,178.97,186.68,977904300,49506260.0,42829980.0,48871705.0,1.36,54.56,2993947958.63,151.37,0.17,68.84,36.61,13.47,100.0,4.0,96.0,188.98,190.5,191.58,187.9,186.38,187.45,3.99,2.11,4.97,192.67,192.29,192.86,35682508.06
2023-12-06,AAPL,194.45,194.76,192.11,192.32,41089700,3.33,3.44,-0.11,3.33,3.44,-0.11,192.01,191.55,191.0,190.6,190.15,189.41,188.16,186.82,186.07,185.28,184.64,184.11,183.68,182.98,180.83,175.2,191.27,190.72,190.45,189.03,183.9,180.5,179.65,181.58,175.87,191.03,190.31,188.06,192.54,192.75,191.12,192.0,193.67,194.01,0.29,0.27,59.8,54.23,58.67,62.76,71.94,74.84,181.23,122.75,1.39,12.62,1.68,4.31,10.5,-33.38,-15.45,66.62,62.88,74.1,66.62,66.58,66.71,56.17,194.91,183.16,6.21,0.78,196.23,164.77,17.43,0.88,2.95,2.54,2.61,1.34,2.94,8.23,193.24,183.08,194.76,181.59,188.18,936814600,49121360.0,43125500.0,47399690.0,0.87,53.71,2959370588.44,151.4,0.09,66.49,33.11,13.25,100.0,0.0,100.0,192.67,195.15,196.89,190.93,188.45,187.45,-1.1,-0.57,2.65,193.06,193.44,192.88,-34577370.19
2023-12-07,AAPL,193.63,195.0,193.59,194.27,47477700,3.41,3.43,-0.02,3.41,3.43,-0.02,193.14,192.46,191.73,191.27,190.78,190.02,188.74,187.37,186.6,185.78,185.11,184.55,184.09,183.35,181.09,175.39,192.14,191.02,190.86,189.6,184.68,180.98,179.99,181.58,176.1,191.68,190.81,188.73,193.4,193.42,191.82,193.12,194.34,194.68,0.29,0.28,72.85,67.15,59.18,63.3,71.33,73.67,189.77,162.15,1.47,11.67,2.96,4.56,11.38,-9.67,-5.44,90.33,80.95,109.09,90.33,80.95,109.09,57.58,195.17,184.04,5.87,0.92,196.9,165.05,17.6,0.92,3.1,2.52,2.58,1.75,2.78,8.07,193.78,183.7,195.0,181.81,188.4,984292300,48858020.0,43911500.0,47306560.0,1.0,53.28,2957686982.06,151.43,0.07,63.72,29.9,13.35,100.0,0.0,100.0,193.06,194.02,195.71,191.37,190.41,187.74,1.95,1.01,2.68,194.29,194.3,194.28,-1683606.38
2023-12-08,AAPL,194.2,195.99,193.67,195.71,53406400,3.55,3.46,0.09,3.55,3.46,0.09,194.43,193.54,192.61,192.08,191.54,190.73,189.4,187.99,187.18,186.33,185.62,185.04,184.55,183.76,181.38,175.59,193.03,191.59,191.26,190.27,185.64,181.48,180.32,181.59,176.33,192.53,191.39,189.44,194.48,194.24,192.62,194.48,195.21,195.5,0.29,0.28,74.87,71.45,65.85,66.22,71.68,76.62,172.03,183.88,2.66,10.22,5.74,6.02,13.3,-3.28,-1.97,96.72,84.56,121.05,96.72,84.56,121.05,63.9,195.37,185.16,5.37,1.03,197.65,165.3,17.83,0.94,2.98,2.56,2.6,2.24,2.55,7.58,194.52,184.29,195.99,183.53,189.76,1037698700,50398340.0,46847310.0,47288705.0,1.13,61.75,2998202182.06,151.47,0.14,61.45,32.24,12.94,100.0,4.0,96.0,194.29,194.98,195.7,193.57,192.88,188.18,1.44,0.74,2.32,195.12,194.83,195.27,40515200.0
2023-12-11,AAPL,193.11,193.49,191.42,193.18,60943700,3.42,3.45,-0.03,3.42,3.45,-0.03,193.8,193.42,192.74,192.28,191.79,191.03,189.76,188.37,187.57,186.71,185.99,185.39,184.89,184.07,181.62,175.77,193.78,191.93,191.5,190.6,186.47,181.92,180.62,181.59,176.56,192.82,191.67,189.93,194.41,194.46,193.02,194.18,195.22,195.72,0.29,0.28,57.57,58.84,55.24,54.47,67.04,69.51,54.42,84.26,0.98,9.36,3.39,1.73,6.78,-32.9,-22.55,67.1,84.72,31.86,67.1,84.72,31.86,59.08,195.53,185.68,5.17,0.76,198.15,165.68,17.85,0.85,3.29,2.7,2.69,2.19,2.46,6.95,195.17,184.35,195.99,184.21,190.1,976755000,53909180.0,48886420.0,47029220.0,1.3,52.95,3040892213.46,151.51,0.12,56.87,26.44,18.17,96.0,0.0,96.0,195.12,196.58,197.44,194.26,192.8,188.8,-2.53,-1.29,4.29,192.7,192.46,192.82,42690031.4
2023-12-12,AAPL,193.08,194.72,191.72,194.71,52696900,3.4,3.44,-0.04,3.4,3.44,-0.04,194.26,193.85,193.18,192.72,192.24,191.49,190.23,188.84,188.03,187.16,186.42,185.8,185.27,184.41,181.88,175.95,194.04,192.36,191.71,191.1,187.28,182.33,180.9,181.62,176.79,193.33,192.06,190.46,194.82,194.91,193.56,194.62,195.58,196.16,0.29,0.28,71.05,66.46,63.14,60.15,64.25,68.58,82.18,110.55,2.5,8.64,4.31,4.07,9.91,-14.99,-10.87,85.01,82.94,89.15,85.01,82.94,89.15,61.49,195.53,186.67,4.64,0.91,198.79,165.88,18.05,0.88,3.39,2.79,2.64,2.28,2.22,6.4,195.82,184.65,195.99,186.3,191.14,1029451900,51122880.0,50314570.0,47482690.0,1.11,59.93,3093237800.79,151.55,0.19,53.02,28.76,17.25,92.0,0.0,92.0,192.7,193.97,194.77,191.9,190.63,189.38,1.53,0.79,3.0,193.72,193.22,193.96,52345587.33
2023-12-13,AAPL,195.09,198.0,194.85,197.96,70404200,3.6,3.47,0.13,3.6,3.47,0.13,196.11,195.22,194.24,193.67,193.12,192.3,190.97,189.52,188.67,187.76,186.98,186.33,185.77,184.86,182.19,176.17,195.17,193.22,192.2,191.63,188.19,182.85,181.22,181.67,177.05,194.35,192.71,191.15,196.17,195.87,194.44,196.33,196.67,197.1,0.29,0.28,69.24,71.2,69.35,64.69,71.36,70.44,158.65,196.98,4.3,8.88,8.59,6.65,10.52,-0.38,-0.34,99.62,83.91,131.04,99.62,83.91,131.04,66.82,196.68,186.57,5.28,1.13,199.62,166.07,18.35,0.95,3.31,2.86,2.69,2.62,2.53,5.88,196.7,185.24,198.0,187.45,192.72,1099856100,56985780.0,53053570.0,47997480.0,1.47,61.86,3161853957.62,151.6,0.25,49.84,32.71,16.82,100.0,0.0,100.0,193.72,195.71,196.72,192.71,190.72,189.91,3.25,1.67,3.29,196.94,196.42,197.19,68616156.83
2023-12-14,AAPL,198.02,199.62,196.16,198.11,66831600,3.73,3.52,0.21,3.73,3.52,0.21,197.11,196.18,195.1,194.48,193.89,193.03,191.65,190.16,189.28,188.33,187.52,186.84,186.25,185.29,182.51,176.39,195.93,194.04,192.66,192.13,189.0,183.33,181.59,181.72,177.31,195.24,193.33,191.79,197.19,196.7,195.25,197.48,197.56,197.92,0.29,0.28,76.68,69.35,68.67,68.98,68.84,71.48,157.78,191.37,4.05,8.32,8.16,8.14,10.1,-12.41,-12.41,87.59,90.74,81.29,87.59,90.74,81.29,64.31,197.66,186.6,5.76,1.04,200.44,166.23,18.66,0.93,3.1,2.96,2.7,2.76,2.77,5.51,197.58,185.72,199.62,187.45,193.54,1166687700,60856560.0,54857290.0,48649535.0,1.37,67.53,3170352773.8,151.65,0.29,47.46,35.51,12.44,100.0,0.0,100.0,196.94,199.02,200.09,195.87,193.79,190.72,0.15,0.08,3.46,197.96,197.89,198.0,8498816.18
2023-12-15,AAPL,197.53,198.4,197.0,197.57,128538400,3.75,3.57,0.18,3.75,3.57,0.18,197.34,196.65,195.65,195.04,194.46,193.6,192.21,190.7,189.82,188.84,188.01,187.31,186.7,185.7,182.81,176.6,196.31,194.67,193.16,192.52,189.66,183.79,181.99,181.75,177.57,195.88,193.85,192.34,197.72,197.29,195.9,197.93,198.09,198.51,0.29,0.29,67.48,74.7,70.34,67.84,66.9,66.88,124.81,153.25,4.33,8.31,6.33,7.78,7.86,-16.84,-16.84,78.28,88.5,57.85,83.16,90.12,69.22,67.29,198.44,186.61,6.14,0.93,201.18,166.39,18.93,0.9,2.92,2.94,2.67,2.77,2.96,5.28,198.09,186.34,199.62,187.45,193.54,1038149300,75882960.0,63140650.0,52355810.0,2.46,59.89,3146481356.66,151.75,0.25,45.73,35.83,11.7,96.0,0.0,96.0,197.96,199.77,201.42,196.31,194.5,191.78,-0.54,-0.27,1.4,197.66,197.7,197.64,-23871417.14
2023-12-18,AAPL,196.09,196.63,194.39,195.89,55751900,3.59,3.57,0.01,3.59,3.57,0.01,196.61,196.39,195.7,195.2,194.68,193.88,192.56,191.09,190.21,189.24,188.4,187.68,187.06,186.03,183.07,176.79,196.85,195.31,193.57,192.83,190.3,184.16,182.34,181.77,177.79,196.1,194.17,192.74,197.51,197.47,196.26,197.39,198.05,198.68,0.29,0.29,50.93,58.72,63.97,62.0,60.93,66.72,59.27,85.47,3.13,5.09,6.46,5.49,6.2,-30.65,-30.65,54.51,73.46,16.61,69.35,80.03,47.99,64.57,198.77,186.9,6.16,0.76,201.78,166.53,19.15,0.83,2.99,3.04,2.68,2.08,2.97,4.8,198.65,186.48,199.62,187.45,193.54,982397400,74844600.0,64376890.0,52597270.0,1.06,53.98,3165397179.87,151.78,0.26,42.96,33.61,17.41,92.0,0.0,92.0,197.66,198.31,199.06,196.91,196.26,192.72,-1.68,-0.85,3.18,195.64,195.51,195.7,18915823.21
2023-12-19,AAPL,196.16,196.95,195.89,196.94,40714100,3.5,3.56,-0.06,3.5,3.56,-0.06,196.78,196.58,195.98,195.51,195.02,194.26,192.98,191.52,190.64,189.66,188.81,188.08,187.44,186.39,183.34,176.99,197.29,195.67,194.0,193.11,190.89,184.51,182.69,181.78,178.01,196.4,194.56,193.17,197.67,197.8,196.71,197.44,198.24,198.99,0.29,0.29,72.93,66.36,63.56,66.54,62.38,65.04,74.59,99.01,2.98,6.57,3.52,7.57,5.49,-22.02,-22.02,67.32,66.7,68.54,77.98,76.83,80.28,65.55,199.28,186.94,6.39,0.81,202.44,166.59,19.43,0.85,2.81,2.9,2.64,2.02,3.08,4.46,198.77,187.19,199.62,187.45,193.54,1023111500,72448040.0,61785460.0,52307720.0,0.78,59.05,3205343089.31,151.81,0.27,40.04,33.61,18.3,88.0,0.0,88.0,195.64,196.88,197.88,194.64,193.4,193.55,1.05,0.54,1.06,196.59,196.42,196.68,39945909.43
2023-12-20,AAPL,196.9,197.68,194.83,194.83,52242800,3.23,3.49,-0.27,3.23,3.49,-0.27,195.8,195.99,195.72,195.39,194.99,194.34,193.16,191.77,190.91,189.95,189.11,188.37,187.73,186.66,183.57,177.17,196.67,195.92,194.37,193.32,191.33,184.84,183.07,181.77,178.22,196.24,194.72,193.42,197.05,197.68,196.84,196.46,197.8,198.84,0.28,0.28,50.68,51.96,62.66,59.99,55.7,60.3,43.11,69.16,2.85,3.94,2.51,4.88,4.19,-39.36,-39.36,41.59,54.47,15.81,60.64,69.32,43.28,61.31,199.42,187.22,6.31,0.62,202.92,166.77,19.55,0.78,2.61,2.95,2.67,1.69,3.05,4.18,199.05,187.26,199.62,187.45,193.54,970868700,68815760.0,62900770.0,53013135.0,0.99,58.69,3153100289.31,151.85,0.22,37.73,33.03,18.66,84.0,0.0,84.0,196.59,197.3,197.65,196.24,195.53,194.28,-2.11,-1.07,2.85,195.78,196.26,195.54,-52242800.0
2023-12-21,AAPL,196.1,197.08,193.5,194.68,46482500,2.96,3.39,-0.42,2.96,3.39,-0.42,195.24,195.56,195.49,195.26,194.95,194.38,193.3,191.98,191.16,190.21,189.38,188.65,188.01,186.93,183.79,177.35,195.98,195.96,194.68,193.49,191.72,185.14,183.47,181.76,178.43,196.02,194.85,193.64,196.51,197.52,196.93,195.7,197.37,198.66,0.27,0.28,21.13,46.04,53.6,57.39,56.97,57.87,12.94,45.96,0.65,3.55,0.41,3.44,3.37,-40.59,-40.59,39.76,49.55,20.16,59.41,66.01,46.21,53.17,199.54,187.43,6.26,0.6,203.36,166.92,19.68,0.76,2.69,3.04,2.76,1.65,3.03,3.9,199.38,187.23,199.62,187.45,193.54,924386200,64745940.0,62801250.0,53356375.0,0.87,53.15,3137259884.28,151.88,0.22,34.82,29.14,21.24,80.0,48.0,32.0,195.78,196.73,198.63,193.88,192.93,199.62,-0.15,-0.08,3.58,195.09,195.29,194.98,-15840405.03
2023-12-22,AAPL,195.18,195.41,192.97,193.6,37149600,2.64,3.24,-0.6,2.64,3.24,-0.6,194.42,194.9,195.07,194.96,194.74,194.28,193.33,192.1,191.31,190.4,189.59,188.86,188.23,187.15,183.98,177.51,195.19,195.75,194.84,193.67,192.09,185.4,183.85,181.77,178.65,195.59,194.86,193.76,195.74,197.17,196.86,194.68,196.69,198.27,0.26,0.28,15.89,51.82,53.67,59.25,53.9,55.99,-50.52,12.94,0.67,2.05,-2.11,4.17,3.63,-63.77,-49.47,23.8,35.05,1.3,36.23,52.09,4.5,45.79,199.49,187.85,6.01,0.49,203.73,167.07,19.77,0.72,2.57,2.94,2.76,1.81,2.91,3.49,199.21,187.45,199.62,187.45,193.54,887236600,46468180.0,61175570.0,54011440.0,0.69,53.48,3119294094.12,151.91,0.21,33.73,30.09,18.9,76.0,44.0,32.0,195.09,196.67,198.67,193.09,191.51,199.5,-1.08,-0.55,2.44,193.99,194.19,193.9,-17965790.16
2023-12-26,AAPL,193.61,193.89,192.83,193.05,28919300,2.31,3.05,-0.74,2.31,3.05,-0.74,193.74,194.29,194.62,194.61,194.48,194.13,193.3,192.17,191.43,190.55,189.75,189.05,188.42,187.34,184.16,177.66,194.62,195.73,195.08,193.83,192.31,185.68,184.22,181.79,178.87,195.1,194.81,193.82,194.96,196.76,196.72,193.75,195.97,197.8,0.25,0.27,15.86,42.14,46.2,49.03,55.38,52.55,-89.11,-13.45,-0.63,1.77,-0.13,-0.37,3.26,-80.12,-53.99,3.24,22.26,-34.81,19.88,38.51,-17.38,41.37,199.37,188.29,5.72,0.43,204.04,167.33,19.77,0.7,2.22,2.66,2.72,1.83,2.77,3.33,198.63,187.98,199.62,187.45,193.54,858317300,41101660.0,57973130.0,53429775.0,0.54,47.63,3102379031.85,151.93,0.19,30.48,21.58,21.26,72.0,40.0,32.0,193.99,195.02,196.43,192.58,191.55,199.24,-0.55,-0.28,1.06,193.26,193.36,193.2,-16915062.26
2023-12-27,AAPL,192.49,193.5,191.09,193.15,48087700,2.03,2.85,-0.82,2.03,2.85,-0.82,193.44,193.91,194.29,194.35,194.27,194.0,193.29,192.25,191.54,190.69,189.92,189.22,188.6,187.53,184.34,177.82,193.86,195.58,195.06,193.97,192.59,185.97,184.54,181.9,179.09,194.63,194.74,193.88,194.42,196.4,196.6,193.19,195.38,197.38,0.23,0.26,22.82,17.54,41.3,52.29,55.89,54.09,-116.86,-39.43,-1.31,0.89,-1.56,0.83,2.75,-75.85,-53.16,24.15,17.06,38.33,24.15,26.75,18.95,47.13,199.28,188.66,5.48,0.42,204.33,167.61,19.75,0.7,2.37,2.64,2.75,1.99,2.66,3.01,198.58,188.0,199.62,187.45,193.54,906405000,42576380.0,57512210.0,53913390.0,0.89,42.08,3136499350.11,151.96,0.22,28.23,20.75,26.09,68.0,36.0,32.0,193.26,193.68,194.32,192.62,192.2,198.85,0.1,0.05,2.41,192.58,192.3,192.72,34120318.26
2023-12-28,AAPL,194.14,194.66,193.17,193.58,34049900,1.82,2.64,-0.82,1.82,2.64,-0.82,193.51,193.8,194.14,194.21,194.17,193.95,193.32,192.34,191.67,190.85,190.1,189.41,188.8,187.73,184.52,177.97,193.61,195.14,195.15,194.18,192.8,186.3,184.89,182.05,179.29,194.27,194.7,193.94,194.15,196.16,196.52,193.05,194.99,197.07,0.21,0.25,11.99,20.55,51.58,47.92,55.61,53.72,-56.85,-6.84,0.21,1.54,-4.38,-0.69,4.21,-70.81,-49.63,34.06,20.48,61.22,29.19,24.41,38.76,44.82,199.04,189.32,5.01,0.44,204.61,167.99,19.65,0.7,2.13,2.56,2.74,1.88,2.43,2.85,198.44,188.2,199.62,187.45,193.54,940454900,38937800.0,53876780.0,53465175.0,0.64,41.08,3121188321.25,151.98,0.23,25.92,23.99,26.95,64.0,32.0,32.0,192.58,194.07,194.99,191.66,190.17,198.23,0.43,0.22,1.51,193.8,193.92,193.75,-15311028.86
2023-12-29,AAPL,193.9,194.4,191.73,192.53,42672100,1.56,2.43,-0.87,1.56,2.43,-0.87,193.02,193.38,193.78,193.9,193.92,193.77,193.24,192.36,191.72,190.95,190.22,189.55,188.94,187.89,184.68,178.12,193.18,194.58,195.03,194.31,192.95,186.63,185.21,182.17,179.49,193.79,194.55,193.92,193.61,195.74,196.32,192.51,194.38,196.58,0.2,0.24,15.77,19.27,41.02,40.19,55.57,54.24,-82.67,-48.73,-1.12,0.64,-5.58,-3.18,2.58,-83.12,-58.26,21.85,26.69,12.18,16.88,23.41,3.83,40.59,198.82,189.8,4.65,0.3,204.77,168.5,19.44,0.66,2.36,2.59,2.72,1.73,2.26,2.71,198.41,188.07,199.62,187.45,193.54,897782800,38175720.0,51460830.0,53159060.0,0.8,34.71,3104087517.13,152.01,0.19,24.2,21.02,30.66,60.0,28.0,32.0,193.8,194.44,195.29,192.95,192.31,197.66,-1.05,-0.54,2.67,192.89,193.06,192.8,-17100804.12
2024-01-02,AAPL,187.15,188.44,183.89,185.64,82488700,0.78,2.1,-1.31,0.78,2.1,-1.31,189.33,190.8,191.97,192.4,192.64,192.76,192.52,191.86,191.33,190.65,189.99,189.38,188.81,187.81,184.7,178.19,191.59,193.39,194.36,194.03,192.81,186.84,185.39,182.25,179.64,192.17,193.72,193.45,190.93,194.13,195.26,189.07,192.08,194.89,0.17,0.23,5.25,11.78,10.96,31.66,43.78,44.38,-267.38,-268.72,-6.22,-2.28,-11.93,-7.54,-5.6,-88.87,-88.87,12.69,22.87,-7.67,11.13,19.07,-4.76,38.1,199.85,188.21,6.0,-0.22,204.69,168.99,19.11,0.47,3.19,2.9,3.03,3.05,2.91,2.96,198.31,186.72,199.62,183.89,191.76,815294100,47243540.0,46855860.0,54998255.0,1.5,33.89,3085051663.28,152.05,0.14,25.54,18.77,41.16,56.0,100.0,-44.0,192.89,194.04,195.56,191.37,190.22,197.13,-6.89,-3.58,8.64,185.99,186.16,185.9,-19035853.85
2024-01-03,AAPL,184.22,185.88,183.43,184.25,58414500,0.05,1.69,-1.63,0.05,1.69,-1.63,186.79,188.61,190.25,190.92,191.35,191.69,191.73,191.3,190.87,190.3,189.71,189.16,188.63,187.7,184.69,178.25,189.83,192.22,193.77,193.77,192.63,187.06,185.5,182.31,179.78,190.5,192.79,192.9,188.5,192.47,194.13,186.21,189.84,193.14,0.14,0.21,5.09,3.85,9.28,24.39,39.95,41.84,-220.27,-278.1,-7.0,-2.92,-11.64,-10.46,-5.18,-94.94,-94.94,5.75,13.43,-9.6,5.06,11.02,-6.85,36.65,200.79,186.75,7.24,-0.18,204.47,169.66,18.61,0.42,3.03,2.86,3.03,4.05,3.51,3.31,197.44,186.02,199.62,183.43,191.52,756879600,53142580.0,47122120.0,55749505.0,1.05,27.13,3065739114.31,152.08,0.1,27.02,15.95,42.87,52.0,100.0,-48.0,185.99,188.09,190.54,183.54,181.44,195.81,-1.39,-0.75,2.45,184.52,184.66,184.45,-19312548.98
2024-01-04,AAPL,182.15,183.09,180.88,181.91,71983600,-0.7,1.21,-1.91,-0.7,1.21,-1.91,184.35,186.38,188.4,189.28,189.9,190.47,190.8,190.6,190.3,189.83,189.33,188.84,188.37,187.51,184.64,178.29,187.58,190.72,192.91,193.19,192.31,187.24,185.55,182.35,179.91,188.63,191.66,192.21,185.96,190.62,192.8,183.35,187.41,191.17,0.11,0.19,4.34,3.79,8.4,8.87,39.35,40.43,-194.72,-262.02,-7.93,-4.46,-15.03,-16.05,-11.51,-94.5,-94.5,6.36,8.27,2.54,5.5,7.23,2.03,35.29,202.0,184.39,9.11,-0.14,204.24,170.24,18.16,0.34,3.16,2.86,3.01,4.82,4.4,3.84,196.52,185.07,199.62,180.88,190.25,684896000,57921760.0,50249070.0,56017265.0,1.29,18.2,3060853349.6,152.12,0.06,29.93,7.73,49.15,48.0,100.0,-52.0,184.52,185.61,186.97,183.16,182.07,194.32,-2.34,-1.27,3.37,181.96,181.98,181.95,-4885764.71
2024-01-05,AAPL,181.99,182.76,180.17,181.18,62379700,-1.35,0.7,-2.04,-1.35,0.7,-2.04,182.77,184.65,186.8,187.81,188.56,189.31,189.88,189.9,189.71,189.35,188.94,188.51,188.09,187.3,184.57,178.32,185.1,189.36,191.79,192.64,192.0,187.4,185.6,182.37,180.02,186.89,190.52,191.49,183.89,188.89,191.5,181.26,185.25,189.31,0.07,0.16,3.35,3.64,8.84,7.86,30.9,38.79,-146.96,-204.75,-7.51,-4.32,-13.65,-16.93,-11.14,-94.46,-94.81,6.63,6.25,7.39,5.54,5.37,5.89,35.55,202.95,182.32,10.71,-0.06,204.02,170.77,17.74,0.31,3.38,2.8,2.9,5.42,5.16,4.34,195.48,184.28,199.62,180.17,189.9,622516300,63587720.0,51262760.0,57081765.0,1.09,9.67,3047124998.63,152.15,0.08,32.67,3.77,52.05,44.0,100.0,-56.0,181.96,183.04,184.17,180.83,179.75,192.44,-0.73,-0.4,2.59,181.37,181.46,181.32,-13728350.97
2024-01-08,AAPL,182.09,185.6,181.5,185.56,59144500,-1.49,0.26,-1.75,-1.49,0.26,-1.75,184.16,184.95,186.52,187.4,188.1,188.84,189.47,189.58,189.44,189.14,188.77,188.38,187.99,187.24,184.59,178.39,183.71,188.44,190.96,192.2,191.81,187.69,185.69,182.45,180.15,186.2,189.84,191.07,183.86,188.2,190.86,182.01,184.66,188.48,0.03,0.14,26.1,27.49,23.16,24.91,40.43,43.27,-85.15,-123.77,-5.78,-2.31,-9.12,-12.01,-8.71,-69.22,-72.29,37.2,16.73,78.14,30.78,13.94,64.47,41.5,202.95,181.45,11.19,0.19,203.64,171.73,17.0,0.43,3.66,3.02,2.98,5.19,5.38,4.49,195.5,183.44,199.62,180.17,189.9,681660800,66882200.0,52528960.0,57665105.0,1.03,18.68,3105115459.61,152.18,0.13,33.69,10.23,48.33,40.0,96.0,-56.0,181.37,182.57,183.96,179.98,178.78,190.48,4.38,2.42,4.42,184.22,183.55,184.56,57990460.98
2024-01-09,AAPL,183.92,185.15,182.73,185.14,42841800,-1.61,-0.11,-1.5,-1.61,-0.11,-1.5,184.65,185.01,186.21,186.99,187.64,188.38,189.06,189.25,189.16,188.92,188.59,188.24,187.88,187.17,184.6,178.46,183.61,187.6,190.13,191.67,191.65,188.05,185.77,182.54,180.28,185.6,189.17,190.64,183.76,187.54,190.23,182.5,184.1,187.67,0.0,0.11,27.12,27.69,25.17,26.29,36.49,44.75,-69.92,-102.49,-4.97,-3.19,-8.46,-10.75,-10.57,-71.62,-74.45,34.3,26.04,50.82,28.38,21.57,42.01,45.43,202.73,180.61,11.54,0.2,202.86,173.24,15.75,0.4,3.85,2.99,2.99,4.94,5.53,4.65,195.04,183.07,199.62,180.17,189.9,638819000,58952820.0,53098180.0,57136875.0,0.75,25.01,3147603195.15,152.2,0.13,35.78,10.32,42.5,36.0,92.0,-56.0,184.22,186.94,188.32,182.84,180.12,188.83,-0.42,-0.23,2.83,184.34,183.94,184.54,42487735.54
2024-01-10,AAPL,184.35,186.4,183.92,186.19,46792900,-1.61,-0.41,-1.2,-1.61,-0.41,-1.2,185.42,185.41,186.21,186.84,187.42,188.1,188.78,189.03,188.97,188.77,188.48,188.15,187.81,187.14,184.63,178.53,184.0,186.91,189.48,191.32,191.53,188.41,185.89,182.66,180.41,185.35,188.65,190.29,184.08,187.16,189.79,183.43,183.96,187.17,-0.02,0.08,52.67,31.37,29.2,26.29,35.75,40.46,-46.29,-75.18,-4.36,-1.71,-6.86,-10.75,-6.99,-65.62,-69.05,41.55,37.68,49.28,34.38,31.18,40.78,49.54,202.62,180.03,11.81,0.27,202.08,174.74,14.51,0.42,3.83,3.09,3.0,4.56,5.65,4.74,194.97,182.6,199.62,180.17,189.9,685611900,56628500.0,54885540.0,56429335.0,0.83,25.39,3186471491.11,152.22,0.13,37.56,12.12,41.11,32.0,88.0,-56.0,184.34,185.95,186.76,183.53,181.92,187.44,1.05,0.57,2.48,185.5,185.16,185.68,38868295.97
2024-01-11,AAPL,186.54,187.05,183.62,185.59,49128400,-1.63,-0.66,-0.98,-1.63,-0.66,-0.98,185.51,185.47,186.07,186.62,187.14,187.79,188.48,188.77,188.75,188.59,188.34,188.04,187.72,187.09,184.65,178.6,184.73,186.16,188.73,190.87,191.36,188.72,186.0,182.77,180.55,185.11,188.1,189.91,184.17,186.74,189.32,183.9,183.73,186.62,-0.04,0.06,57.04,28.81,29.9,28.17,37.94,41.0,-40.24,-67.52,-4.14,-4.05,-7.56,-9.24,-9.12,-67.95,-72.13,38.09,37.98,38.31,32.05,31.61,32.95,58.2,202.32,179.41,12.01,0.27,201.38,176.05,13.42,0.38,3.08,3.13,2.96,4.0,5.73,4.86,194.75,182.21,199.62,180.17,189.9,636483500,52057460.0,54989610.0,56250910.0,0.87,25.6,3193776296.95,152.25,0.09,38.99,13.45,38.15,28.0,84.0,-56.0,185.5,187.09,187.98,184.61,183.02,180.17,-0.6,-0.32,3.43,185.42,185.34,185.46,7304805.83
2024-01-12,AAPL,186.06,186.74,185.19,185.92,40477800,-1.61,-0.85,-0.76,-1.61,-0.85,-0.76,185.71,185.62,186.04,186.49,186.95,187.56,188.24,188.56,188.57,188.44,188.22,187.95,187.65,187.05,184.67,178.68,185.68,185.39,188.13,190.27,191.25,189.02,186.15,182.87,180.69,185.06,187.63,189.56,184.38,186.44,188.93,184.44,183.67,186.21,-0.06,0.03,76.7,31.77,31.91,29.48,35.48,38.33,-26.09,-54.03,-3.69,-3.33,-7.66,-8.76,-12.04,-62.27,-70.44,69.53,49.72,109.14,37.73,34.72,43.75,59.76,201.41,179.12,11.72,0.31,200.61,177.43,12.26,0.37,2.95,2.99,2.89,3.04,5.57,4.95,194.21,182.26,199.62,180.17,189.9,676961300,47677080.0,55632400.0,54754590.0,0.74,31.63,3191425973.07,152.27,0.03,41.06,14.1,36.82,24.0,80.0,-56.0,185.42,187.22,188.85,183.79,181.99,180.31,0.33,0.18,1.55,185.95,185.96,185.94,-2350323.87
2024-01-16,AAPL,182.16,184.26,180.93,183.63,65603000,-1.76,-1.03,-0.73,-1.76,-1.03,-0.73,184.67,184.96,185.5,185.97,186.44,187.07,187.8,188.19,188.25,188.17,187.99,187.76,187.5,186.94,184.65,178.73,185.29,184.5,187.39,189.54,191.04,189.21,186.28,182.93,180.81,184.74,187.0,189.07,183.82,185.78,188.29,183.83,183.07,185.44,-0.08,0.01,63.51,42.57,28.26,27.89,25.55,33.51,-70.15,-82.93,-4.93,-5.48,-8.9,-9.97,-14.48,-76.12,-82.21,50.29,52.64,45.6,23.88,31.22,9.2,61.81,200.42,178.66,11.48,0.23,200.08,178.35,11.48,0.24,3.18,3.17,2.97,1.75,5.44,5.14,194.14,181.45,198.4,180.17,189.28,611358300,48968780.0,57925490.0,54693160.0,1.2,30.52,3232206216.32,152.3,0.06,43.21,13.29,43.11,20.0,76.0,-56.0,185.95,186.71,187.5,185.16,184.4,180.44,-2.29,-1.23,4.99,182.94,182.6,183.11,40780243.24
2024-01-17,AAPL,181.27,182.93,180.3,182.68,47317400,-1.93,-1.21,-0.72,-1.93,-1.21,-0.72,183.68,184.2,184.88,185.37,185.86,186.52,187.31,187.79,187.89,187.87,187.73,187.54,187.31,186.8,184.61,178.77,184.8,184.2,186.67,188.8,190.75,189.32,186.4,182.95,180.91,184.41,186.34,188.53,183.12,185.04,187.59,183.05,182.36,184.61,-0.09,-0.01,24.47,44.0,25.69,27.41,24.38,35.02,-86.96,-87.15,-5.63,-6.66,-2.96,-10.37,-14.89,-82.68,-86.23,36.48,52.1,5.25,17.32,26.31,-0.65,64.43,199.4,178.19,11.23,0.21,199.82,178.81,11.1,0.18,3.29,3.33,2.96,1.78,5.3,5.36,193.98,180.64,197.68,180.17,188.92,564040900,49863900.0,54408360.0,50632110.0,0.93,29.85,3270527912.9,152.33,0.12,46.99,12.64,42.06,16.0,72.0,-56.0,182.94,184.95,186.27,181.62,179.61,187.05,-0.95,-0.52,3.33,181.97,181.62,182.15,38321696.58
2024-01-18,AAPL,186.09,189.14,185.83,188.63,78005800,-1.56,-1.28,-0.28,-1.56,-1.28,-0.28,186.15,185.67,185.71,185.96,186.29,186.78,187.44,187.85,187.94,187.91,187.78,187.59,187.36,186.86,184.69,178.86,185.29,184.64,186.37,188.43,190.73,189.56,186.66,183.07,181.03,185.22,186.33,188.39,184.61,185.5,187.7,185.28,183.37,184.98,-0.1,-0.03,65.62,70.12,42.86,42.15,37.42,42.3,56.95,-6.09,-2.03,-2.36,4.38,-4.52,-7.26,-41.61,-51.68,94.31,60.36,162.22,58.39,33.2,108.76,66.2,198.5,178.37,10.68,0.51,199.41,179.7,10.4,0.45,3.58,3.62,3.2,2.27,5.03,5.37,194.68,180.19,197.68,180.17,188.92,642046700,56106480.0,56367490.0,51744805.0,1.51,38.87,3324495671.81,152.37,0.15,47.55,23.88,35.27,12.0,68.0,-56.0,181.97,183.64,184.6,181.01,179.34,180.3,5.95,3.26,6.46,187.87,187.48,188.06,53967758.91
2024-01-19,AAPL,189.33,191.95,188.82,191.56,68903000,-1.03,-1.23,0.2,-1.03,-1.23,0.2,188.86,187.64,187.01,186.98,187.1,187.38,187.83,188.12,188.17,188.11,187.96,187.76,187.52,187.01,184.83,178.99,186.48,185.61,186.27,188.16,190.67,189.8,186.97,183.2,181.15,186.47,186.63,188.44,186.71,186.43,188.17,188.14,185.0,185.84,-0.1,-0.04,70.57,77.46,62.67,46.77,44.11,41.82,151.5,41.83,3.19,-1.62,9.65,-2.02,-5.38,-19.96,-34.95,96.65,75.82,138.32,80.04,51.92,136.29,67.46,197.53,178.8,9.96,0.68,199.21,180.39,9.91,0.59,3.65,3.75,3.21,2.93,4.68,5.35,195.33,180.32,197.68,180.17,188.92,710949700,60061400.0,56059430.0,53154250.0,1.3,41.51,3376227956.15,152.41,0.16,48.07,26.19,34.06,8.0,64.0,-56.0,187.87,189.9,191.18,186.59,184.56,180.3,2.93,1.55,3.32,190.78,190.38,190.97,51732284.35
2024-01-22,AAPL,192.3,195.33,192.26,193.89,60133900,-0.41,-1.06,0.66,-0.41,-1.06,0.66,191.37,189.72,188.54,188.24,188.14,188.19,188.41,188.55,188.54,188.43,188.25,188.03,187.77,187.24,185.01,179.14,188.08,186.88,186.29,188.12,190.72,190.04,187.31,183.34,181.3,187.98,187.17,188.65,189.04,187.66,188.88,191.1,186.96,187.03,-0.1,-0.05,78.08,74.72,69.84,52.09,45.99,44.89,228.42,91.89,5.23,-2.06,12.71,1.36,-0.94,-9.5,-21.64,90.42,93.8,83.67,90.5,76.31,118.88,65.93,197.36,178.88,9.82,0.81,199.23,180.85,9.67,0.71,3.84,3.83,3.34,3.5,4.62,5.37,196.07,180.74,197.08,180.17,188.62,771083600,63992620.0,55834850.0,53548805.0,1.12,48.13,3379949598.17,152.45,0.21,46.89,31.96,30.67,4.0,60.0,-56.0,190.78,192.73,193.91,189.6,187.65,180.77,2.33,1.22,3.77,193.83,193.8,193.84,3721642.02
2024-01-23,AAPL,195.02,195.75,193.83,195.18,42355600,0.18,-0.81,1.0,0.18,-0.81,1.0,193.28,191.54,190.01,189.5,189.23,189.07,189.05,189.04,188.97,188.81,188.59,188.34,188.06,187.5,185.21,179.3,190.39,187.84,186.46,188.14,190.75,190.29,187.71,183.45,181.45,189.49,187.84,188.94,191.19,188.96,189.69,193.6,188.92,188.31,-0.08,-0.06,79.42,78.33,78.54,67.68,50.47,47.16,179.18,109.26,7.29,-1.48,9.62,9.54,0.5,-3.66,-11.24,96.31,94.46,100.01,96.34,88.96,111.1,69.35,197.46,178.83,9.9,0.88,199.35,181.22,9.53,0.77,3.62,3.35,3.3,4.32,4.66,5.39,195.75,182.35,195.75,180.17,187.96,813439200,59343140.0,54155960.0,53342460.0,0.79,56.03,3397156560.67,152.48,0.24,46.66,37.43,18.35,0.0,56.0,-56.0,193.83,195.39,196.9,192.32,190.76,181.64,1.29,0.67,1.92,194.92,194.79,194.98,17206962.5
2024-01-24,AAPL,195.42,196.38,194.34,194.5,53631300,0.59,-0.53,1.12,0.59,-0.53,1.12,193.89,192.53,191.01,190.41,190.04,189.75,189.57,189.45,189.33,189.13,188.88,188.6,188.32,187.73,185.39,179.45,192.75,188.78,187.05,188.19,190.71,190.53,188.17,183.52,181.6,190.7,188.45,189.18,192.54,189.96,190.33,194.86,190.35,189.31,-0.06,-0.06,88.46,73.95,78.71,69.51,49.76,48.31,136.15,109.15,7.35,-1.55,9.36,10.25,0.9,-11.6,-11.6,88.31,91.68,81.57,88.4,91.75,81.71,66.69,197.62,178.75,10.03,0.83,199.38,181.68,9.29,0.72,3.69,3.32,3.22,4.67,4.72,5.36,196.21,182.93,196.38,180.17,188.27,759807900,60605920.0,55234910.0,54166545.0,0.99,63.25,3351938013.61,152.52,0.21,46.11,39.12,17.53,0.0,52.0,-52.0,194.92,196.01,196.84,194.09,193.0,182.77,-0.68,-0.35,2.04,195.07,195.36,194.93,-45218547.06
2024-01-25,AAPL,195.22,196.27,193.11,194.17,54822100,0.88,-0.25,1.13,0.88,-0.25,1.13,194.03,193.07,191.71,191.09,190.67,190.3,190.01,189.8,189.64,189.41,189.14,188.85,188.55,187.94,185.57,179.6,193.86,189.58,187.72,188.24,190.74,190.69,188.61,183.58,181.76,191.68,189.02,189.4,193.39,190.76,190.87,195.44,191.44,190.13,-0.04,-0.06,92.52,75.12,72.48,75.27,50.77,46.57,103.67,97.94,4.64,-0.88,7.98,12.26,1.12,-13.63,-13.63,86.26,90.29,78.19,86.37,90.37,78.36,65.54,197.81,178.68,10.16,0.81,199.51,181.86,9.26,0.7,3.43,3.31,3.26,4.86,4.78,5.38,196.62,183.39,196.38,180.17,188.27,704985800,55969180.0,56037830.0,55461685.0,0.99,64.31,3333895297.16,152.55,0.21,44.16,39.3,14.75,8.0,48.0,-40.0,195.07,195.81,197.11,193.77,193.03,184.13,-0.33,-0.17,3.16,194.52,194.69,194.43,-18042716.46
2024-01-26,AAPL,194.27,194.76,191.94,192.42,44594000,0.95,-0.01,0.96,0.95,-0.01,0.96,193.22,192.86,191.87,191.33,190.94,190.56,190.24,189.99,189.82,189.57,189.3,189.0,188.7,188.09,185.7,179.72,194.03,190.26,188.42,188.21,190.66,190.84,188.97,183.61,181.92,192.2,189.42,189.51,193.41,191.12,191.14,194.91,191.86,190.53,-0.03,-0.05,70.35,67.57,67.77,72.23,49.18,46.99,67.82,74.86,3.93,-2.3,6.83,11.24,-0.73,-24.63,-24.43,75.37,83.31,59.49,75.37,83.38,59.36,61.15,197.7,178.71,10.09,0.72,199.51,182.17,9.09,0.59,3.36,3.32,3.34,4.71,4.75,5.34,196.88,183.59,196.38,180.17,188.27,660391800,51107380.0,55584390.0,55287000.0,0.81,65.54,3304482233.33,152.58,0.15,41.03,39.1,15.67,4.0,44.0,-40.0,194.52,195.92,197.68,192.76,191.36,185.35,-1.75,-0.9,2.82,193.04,193.35,192.88,-29413063.83
2024-01-29,AAPL,192.01,192.2,189.58,191.73,47145600,0.94,0.18,0.76,0.94,0.18,0.76,192.48,192.48,191.84,191.41,191.06,190.71,190.38,190.12,189.94,189.69,189.42,189.12,188.82,188.21,185.82,179.84,193.6,190.84,189.12,188.11,190.46,190.92,189.32,183.63,182.08,192.47,189.75,189.58,193.17,191.31,191.29,194.13,192.02,190.75,-0.01,-0.04,51.2,73.96,63.77,64.29,48.17,46.36,32.66,50.61,2.98,-1.59,5.81,6.17,-1.85,-28.92,-28.69,71.08,77.57,58.11,71.08,77.61,58.03,55.93,197.42,178.81,9.9,0.69,199.55,182.3,9.03,0.55,2.84,3.21,3.36,4.47,4.65,5.16,196.8,183.96,196.38,180.17,188.27,613246200,48509720.0,56251170.0,55941785.0,0.84,58.65,3334712999.74,152.61,0.19,38.02,34.16,21.47,0.0,40.0,-40.0,193.04,194.14,195.86,191.32,190.22,186.46,-0.69,-0.36,2.84,191.17,190.89,191.31,30230766.41
2024-01-30,AAPL,190.94,191.8,187.47,188.04,55859400,0.63,0.27,0.36,0.63,0.27,0.36,190.26,191.0,190.99,190.79,190.6,190.38,190.16,189.97,189.82,189.6,189.35,189.07,188.79,188.2,185.87,179.92,192.17,191.28,189.28,187.89,190.12,190.93,189.56,183.68,182.19,191.96,189.75,189.43,191.73,190.8,190.97,191.85,191.18,190.27,-0.0,-0.03,15.3,63.65,55.28,55.83,43.41,43.56,-5.66,22.55,1.32,-3.41,4.41,2.9,-4.49,-51.87,-51.45,20.95,55.8,-48.76,48.13,64.86,14.68,46.04,196.96,178.82,9.66,0.51,199.55,182.31,9.03,0.33,2.98,3.32,3.5,3.86,4.54,4.97,196.79,183.52,196.38,180.17,188.27,557386800,51210480.0,55276810.0,56601150.0,0.99,52.03,3293560231.61,152.64,0.17,34.61,33.05,25.32,0.0,36.0,-36.0,191.17,192.76,193.79,190.14,188.55,187.45,-3.69,-1.92,4.33,189.1,189.64,188.84,-41152768.13
2024-01-31,AAPL,187.04,187.1,184.35,184.4,55467800,0.09,0.23,-0.14,0.09,0.23,-0.14,187.33,188.8,189.53,189.63,189.64,189.63,189.61,189.55,189.47,189.31,189.11,188.87,188.61,188.08,185.84,179.97,190.15,191.45,189.24,187.83,189.68,190.82,189.67,183.75,182.29,190.71,189.41,189.06,189.45,189.69,190.22,188.62,189.53,189.19,-0.0,-0.03,0.0,37.8,47.13,46.74,40.9,40.64,-70.44,-39.02,-0.82,-4.75,1.72,-1.79,-1.24,-74.5,-73.9,0.42,30.82,-60.38,25.5,48.24,-19.98,37.75,196.98,178.67,9.75,0.31,199.63,182.01,9.23,0.14,2.97,3.4,3.54,3.45,4.58,4.87,196.42,182.8,196.38,180.17,188.27,501919000,51577780.0,56091850.0,55250105.0,1.0,45.45,3240109442.52,152.67,0.14,30.91,29.59,31.23,80.0,32.0,48.0,189.1,190.74,193.43,186.41,184.77,196.38,-3.64,-1.94,3.69,185.28,185.72,185.06,-53450789.09
2024-02-01,AAPL,183.99,186.95,183.82,186.86,64885400,-0.14,0.16,-0.3,-0.14,0.16,-0.3,187.09,188.15,188.94,189.13,189.22,189.28,189.35,189.35,189.3,189.18,189.0,188.78,188.55,188.04,185.86,180.04,188.69,191.28,189.28,187.96,189.38,190.76,189.84,183.84,182.4,189.87,189.32,188.87,188.57,189.18,189.84,187.58,188.82,188.69,-0.0,-0.02,19.59,36.06,56.05,52.17,51.52,43.53,-61.4,-30.95,1.76,-3.21,-1.77,1.27,2.61,-59.2,-58.73,24.2,15.19,42.23,40.8,38.14,46.1,42.45,196.97,178.95,9.59,0.44,199.64,181.89,9.31,0.28,3.14,3.38,3.28,3.65,4.51,4.75,196.11,182.58,196.38,180.17,188.27,566804400,53590440.0,54779810.0,55573650.0,1.17,52.72,3301263413.77,152.7,0.21,27.98,28.41,32.54,76.0,28.0,48.0,185.28,186.22,188.03,183.47,182.53,196.14,2.46,1.33,3.13,185.88,185.38,186.12,61153971.25
2024-02-02,AAPL,179.86,187.33,179.25,185.85,102551700,-0.4,0.05,-0.44,-0.4,0.05,-0.44,186.47,187.39,188.25,188.53,188.7,188.85,189.01,189.09,189.08,188.99,188.84,188.66,188.44,187.96,185.86,180.1,187.38,190.7,189.3,188.16,189.01,190.65,189.95,183.9,182.49,188.88,189.12,188.65,187.58,188.57,189.38,186.46,187.98,188.07,-0.01,-0.02,18.58,24.13,55.93,49.88,52.01,42.14,-86.09,-62.82,1.74,-3.78,-5.71,-0.07,3.94,-61.47,-61.47,38.53,21.05,73.49,38.53,34.94,45.71,53.05,196.78,179.54,9.16,0.37,199.63,181.67,9.42,0.23,4.01,3.85,3.55,4.02,4.31,4.57,196.71,181.32,196.38,179.25,187.82,464252700,65181980.0,58144680.0,57102055.0,1.8,44.21,3366246669.21,152.75,0.27,26.18,24.96,37.08,72.0,100.0,-28.0,185.88,187.93,189.01,184.8,182.75,195.65,-1.01,-0.54,8.08,184.14,183.29,184.57,64983255.45
2024-02-05,AAPL,188.15,189.25,185.84,187.68,69668800,-0.45,-0.05,-0.4,-0.45,-0.05,-0.4,187.08,187.48,188.12,188.38,188.54,188.71,188.89,188.99,188.99,188.92,188.79,188.61,188.41,187.96,185.89,180.17,186.57,190.08,189.41,188.48,188.77,190.59,190.05,184.02,182.59,188.33,189.07,188.56,187.48,188.37,189.18,186.6,187.77,187.86,-0.01,-0.02,32.21,26.68,47.9,56.86,57.34,45.15,-37.41,-10.56,-0.5,-3.05,-6.21,4.05,6.5,-50.79,-50.79,49.21,37.31,73.01,49.21,42.85,61.94,54.52,196.46,180.5,8.47,0.45,199.61,181.57,9.47,0.34,4.04,3.74,3.55,3.96,3.99,4.44,196.36,181.42,196.38,179.25,187.82,533921500,69686620.0,59098170.0,57466510.0,1.21,52.09,3371762967.16,152.79,0.28,22.49,29.39,30.06,68.0,96.0,-28.0,184.14,189.04,192.22,180.96,176.06,194.66,1.83,0.98,3.41,187.59,187.54,187.61,5516297.95
2024-02-06,AAPL,186.86,189.31,186.77,189.3,43490800,-0.35,-0.11,-0.24,-0.35,-0.11,-0.24,188.19,188.09,188.39,188.54,188.66,188.78,188.93,189.01,189.01,188.94,188.81,188.64,188.44,188.0,185.96,180.26,186.82,189.5,189.79,188.67,188.59,190.55,190.16,184.17,182.71,188.19,189.15,188.6,187.94,188.49,189.21,187.47,188.03,187.98,-0.02,-0.02,41.47,34.72,44.7,60.96,60.09,54.1,-34.38,1.35,-1.18,-1.68,-5.88,6.62,3.74,-41.33,-41.33,59.05,48.93,79.29,58.67,48.8,78.4,59.55,196.53,180.8,8.34,0.54,199.58,181.53,9.47,0.43,4.0,3.68,3.55,3.53,3.93,4.3,196.28,181.57,196.38,179.25,187.82,577412300,67212900.0,59211690.0,56683825.0,0.77,57.36,3414911319.92,152.82,0.27,18.73,29.96,29.3,64.0,92.0,-28.0,187.59,189.34,191.0,185.93,184.18,193.74,1.62,0.86,2.54,188.46,188.04,188.67,43148352.76
2024-02-07,AAPL,190.64,191.05,188.61,189.41,53439000,-0.27,-0.14,-0.13,-0.27,-0.14,-0.13,188.8,188.53,188.61,188.7,188.77,188.86,188.97,189.04,189.03,188.97,188.84,188.68,188.48,188.05,186.03,180.35,187.82,188.99,190.24,188.88,188.45,190.54,190.27,184.3,182.83,188.18,189.22,188.65,188.34,188.62,189.25,188.15,188.27,188.11,-0.02,-0.02,56.42,35.83,38.27,51.6,55.35,55.94,-12.06,20.15,-2.31,2.03,-5.09,0.78,4.27,-40.69,-40.69,65.51,57.92,80.67,59.31,55.73,66.47,55.43,196.57,181.19,8.14,0.53,199.57,181.51,9.48,0.44,3.95,3.39,3.46,3.06,3.85,4.2,195.76,182.19,196.38,179.25,187.82,630851300,66807140.0,59192460.0,57213685.0,0.93,56.12,3396514287.13,152.85,0.22,18.48,23.08,31.78,60.0,88.0,-28.0,188.46,190.15,191.0,187.61,185.92,192.87,0.11,0.06,2.44,189.69,189.83,189.62,-18397032.79
2024-02-08,AAPL,189.39,189.54,187.35,188.32,40962000,-0.28,-0.17,-0.11,-0.28,-0.17,-0.11,188.56,188.46,188.55,188.63,188.7,188.79,188.91,188.99,188.99,188.93,188.82,188.66,188.48,188.05,186.08,180.43,188.11,188.4,190.22,188.99,188.3,190.51,190.31,184.44,182.94,188.06,189.17,188.64,188.28,188.54,189.15,188.13,188.2,188.02,-0.02,-0.02,74.14,37.3,31.85,42.81,54.34,57.6,-35.41,-8.06,-3.51,2.21,-5.85,-3.24,2.13,-47.05,-47.05,70.04,64.86,80.39,52.95,56.98,44.89,58.2,196.58,181.39,8.04,0.46,199.56,181.46,9.5,0.38,3.64,3.31,3.42,2.46,3.8,4.11,195.53,182.29,196.38,179.25,187.82,589889300,62022460.0,57806450.0,56922140.0,0.72,49.37,3391838259.73,152.87,0.18,19.94,17.58,35.27,56.0,84.0,-28.0,189.69,190.77,192.13,188.33,187.25,192.05,-1.09,-0.58,2.19,188.4,188.44,188.38,-4676027.4
2024-02-09,AAPL,188.65,189.99,188.0,188.85,45155200,-0.25,-0.19,-0.06,-0.25,-0.19,-0.06,188.7,188.59,188.61,188.67,188.73,188.8,188.9,188.98,188.98,188.93,188.82,188.67,188.49,188.08,186.13,180.52,188.71,188.04,190.04,189.15,188.15,190.48,190.37,184.54,183.07,188.14,189.16,188.67,188.42,188.56,189.12,188.37,188.29,188.05,-0.02,-0.02,66.07,40.99,34.93,37.84,53.68,59.14,-18.21,-0.65,-2.9,3.82,-3.57,-5.04,3.26,-43.96,-43.96,76.49,70.68,88.12,56.04,56.1,55.93,62.37,196.58,181.73,7.85,0.48,199.54,181.42,9.51,0.41,3.4,3.18,3.4,2.04,3.71,4.01,195.27,182.54,196.38,179.25,187.82,635044500,50543160.0,57862570.0,56723480.0,0.8,48.29,3385257853.7,152.89,0.17,23.48,11.71,36.68,52.0,80.0,-28.0,188.4,189.46,190.59,187.27,186.21,191.28,0.53,0.28,1.99,188.95,189.0,188.92,-6580406.03
2024-02-12,AAPL,188.42,188.67,186.79,187.15,41781900,-0.36,-0.22,-0.14,-0.36,-0.22,-0.14,187.93,188.11,188.29,188.4,188.48,188.59,188.74,188.84,188.86,188.83,188.74,188.6,188.44,188.05,186.15,180.58,188.61,187.59,189.59,189.21,187.94,190.44,190.37,184.63,183.18,187.97,188.97,188.61,187.96,188.27,188.88,187.78,187.92,187.77,-0.02,-0.02,59.45,46.82,32.55,31.0,52.1,52.02,-44.47,-33.11,-3.62,3.3,-4.58,-8.03,1.23,-53.88,-53.88,66.95,71.16,58.53,46.12,51.7,34.95,57.19,196.54,181.88,7.75,0.36,199.54,181.33,9.56,0.32,3.24,3.19,3.34,1.58,3.67,3.88,195.13,182.35,196.38,179.25,187.82,593262600,44965780.0,57326200.0,56788685.0,0.74,42.77,3359477532.42,152.92,0.15,25.11,10.73,39.27,48.0,76.0,-28.0,188.95,189.89,190.94,187.9,186.96,190.56,-1.7,-0.9,2.06,187.54,187.73,187.44,-25780321.28
2024-02-13,AAPL,185.77,186.21,183.51,185.04,56529500,-0.61,-0.3,-0.31,-0.61,-0.3,-0.31,186.48,187.09,187.57,187.79,187.95,188.15,188.39,188.56,188.61,188.62,188.56,188.45,188.31,187.95,186.13,180.63,187.75,187.29,188.91,189.28,187.69,190.34,190.32,184.72,183.27,187.51,188.57,188.42,186.93,187.65,188.4,186.44,187.08,187.15,-0.03,-0.02,31.56,52.57,31.98,29.03,48.87,49.88,-106.38,-94.86,-3.84,-0.28,-3.0,-9.46,1.41,-65.98,-66.2,49.07,64.17,18.86,34.02,45.39,11.27,50.23,196.41,182.15,7.53,0.2,199.57,181.11,9.7,0.21,2.61,3.31,3.44,1.76,3.56,3.81,195.0,181.77,196.38,179.25,187.82,536733100,47573520.0,57393210.0,56335010.0,1.0,35.61,3367014799.09,152.95,0.12,27.15,9.0,44.99,44.0,72.0,-28.0,187.54,188.28,189.42,186.4,185.66,189.99,-2.11,-1.13,3.64,184.92,184.86,184.95,7537266.67
2024-02-14,AAPL,185.32,185.53,182.44,184.15,54630500,-0.87,-0.41,-0.45,-0.87,-0.41,-0.45,185.32,186.11,186.81,187.12,187.37,187.65,187.98,188.23,188.33,188.37,188.34,188.26,188.14,187.83,186.09,180.66,186.7,187.26,188.22,189.36,187.64,190.2,190.23,184.82,183.34,186.94,188.08,188.19,185.88,186.95,187.86,185.16,186.17,186.44,-0.03,-0.02,9.95,37.56,31.67,28.33,50.69,47.5,-117.01,-120.23,-3.95,-0.53,-0.25,-10.02,1.47,-68.41,-71.4,41.53,52.51,19.55,31.59,37.24,20.29,50.87,196.22,182.49,7.25,0.12,199.59,180.8,9.88,0.18,2.56,3.3,3.35,1.81,3.43,3.85,194.59,181.37,196.38,179.25,187.82,482102600,47811820.0,57309480.0,56700665.0,0.96,35.76,3372849124.33,152.97,0.09,28.65,9.02,44.71,40.0,68.0,-28.0,184.92,186.33,187.62,183.63,182.22,189.35,-0.89,-0.48,3.09,184.04,183.98,184.07,5834325.24
2024-02-15,AAPL,183.55,184.49,181.35,183.86,65434500,-1.08,-0.55,-0.54,-1.08,-0.55,-0.54,184.59,185.36,186.15,186.53,186.83,187.18,187.59,187.91,188.04,188.12,188.12,188.07,187.97,187.7,186.05,180.69,185.81,186.96,187.54,189.12,187.63,190.08,190.13,184.91,183.41,186.32,187.56,187.95,185.03,186.3,187.33,184.23,185.36,185.78,-0.04,-0.03,8.02,40.22,37.91,30.24,51.6,47.86,-120.7,-125.13,-2.22,-1.25,-3.0,-8.56,-4.77,-64.4,-73.09,25.88,38.82,-0.02,35.6,33.74,39.32,51.23,196.41,181.83,7.71,0.14,199.64,180.52,10.06,0.17,2.65,3.33,3.34,2.1,3.65,3.86,194.24,180.94,196.38,179.25,187.82,416668100,52706320.0,57364390.0,56072100.0,1.17,34.95,3412026468.28,153.0,0.08,30.34,8.95,44.23,36.0,64.0,-28.0,184.04,185.64,187.13,182.55,180.95,188.74,-0.29,-0.16,3.14,183.23,182.92,183.39,39177343.95
2024-02-16,AAPL,183.42,184.85,181.67,182.31,49752500,-1.36,-0.71,-0.65,-1.36,-0.71,-0.65,183.45,184.34,185.3,185.76,186.13,186.57,187.09,187.5,187.67,187.8,187.84,187.82,187.75,187.52,185.97,180.71,184.5,186.61,186.86,188.66,187.64,189.86,189.98,184.98,183.48,185.48,186.91,187.61,183.91,185.47,186.66,182.96,184.31,184.93,-0.05,-0.03,7.5,22.85,43.12,29.09,40.28,45.67,-111.44,-116.54,-1.13,-1.77,-3.54,-9.42,-9.25,-75.62,-82.14,9.9,25.77,-21.84,24.38,30.52,12.1,48.23,196.45,180.86,8.27,0.09,199.62,180.1,10.28,0.11,2.76,3.35,3.18,2.56,3.9,3.84,193.79,180.38,196.38,179.25,187.82,366915600,53625780.0,52084470.0,55114575.0,0.9,34.93,3382300131.8,153.03,0.01,33.01,9.66,38.88,32.0,60.0,-28.0,183.23,185.12,186.37,181.98,180.09,188.17,-1.55,-0.84,3.18,182.94,183.26,182.78,-29726336.48
2024-02-20,AAPL,181.79,182.43,180.0,181.56,53665600,-1.63,-0.89,-0.73,-1.63,-0.89,-0.73,182.5,183.41,184.47,185.0,185.43,185.94,186.56,187.06,187.27,187.45,187.53,187.55,187.51,187.32,185.88,180.72,183.38,186.0,186.19,188.04,187.65,189.65,189.83,185.07,183.55,184.56,186.23,187.22,182.86,184.62,185.96,181.85,183.28,184.06,-0.07,-0.04,0.0,7.1,30.34,33.45,33.52,47.42,-138.82,-134.1,-2.84,-2.35,-6.12,-6.48,-12.33,-80.42,-86.51,14.12,16.63,9.09,19.58,26.52,5.69,50.79,196.04,180.04,8.51,0.1,199.65,179.64,10.55,0.1,2.79,3.22,3.14,2.97,4.0,3.82,192.99,180.13,196.38,179.25,187.82,313250000,56002520.0,50484150.0,54791160.0,0.98,35.12,3397538512.05,153.05,0.02,36.31,10.06,39.55,28.0,56.0,-28.0,182.94,184.22,186.12,181.04,179.76,187.64,-0.75,-0.41,2.43,181.33,181.22,181.39,15238380.25
2024-02-21,AAPL,181.94,182.89,180.66,182.32,41371400,-1.75,-1.06,-0.69,-1.75,-1.06,-0.69,182.41,183.05,183.99,184.51,184.95,185.49,186.16,186.7,186.96,187.16,187.28,187.32,187.31,187.16,185.81,180.73,182.84,185.3,185.8,187.4,187.54,189.41,189.68,185.19,183.63,183.89,185.69,186.87,182.36,184.03,185.43,181.53,182.66,183.45,-0.08,-0.05,11.97,13.34,36.66,43.77,29.89,49.55,-101.52,-110.76,-1.9,-0.71,-6.98,-2.08,-12.86,-73.98,-82.08,23.22,15.75,38.18,26.02,23.33,31.4,54.32,195.04,179.75,8.16,0.17,199.53,179.28,10.69,0.15,2.82,3.11,3.06,2.93,3.82,3.93,192.38,179.93,196.38,179.25,187.82,354621400,52970900.0,50272210.0,54741950.0,0.76,40.97,3417760407.12,153.07,0.02,39.63,11.46,33.71,24.0,52.0,-28.0,181.33,182.66,183.76,180.23,178.9,187.13,0.76,0.42,2.23,181.96,181.77,182.05,20221895.07
2024-02-22,AAPL,183.48,184.96,182.46,184.37,52292200,-1.67,-1.19,-0.48,-1.67,-1.19,-0.48,183.39,183.49,184.07,184.49,184.86,185.35,185.99,186.53,186.79,187.01,187.14,187.19,187.19,187.07,185.79,180.77,182.88,184.79,185.8,186.89,187.52,189.18,189.58,185.33,183.69,183.72,185.4,186.67,182.7,183.91,185.2,182.33,182.72,183.3,-0.09,-0.06,44.67,31.42,37.7,42.36,31.7,44.1,-41.92,-63.06,-1.76,0.93,-5.04,-2.49,-10.13,-56.61,-70.11,43.74,27.03,77.17,43.39,29.66,70.85,57.87,193.86,179.91,7.46,0.32,199.24,179.12,10.63,0.26,2.91,3.08,3.1,2.55,3.49,3.94,192.14,179.83,196.27,179.25,187.76,406913600,52503240.0,50157530.0,54674995.0,0.96,39.96,3445370688.72,153.09,0.09,41.54,16.4,32.86,20.0,48.0,-28.0,181.96,183.25,184.19,181.02,179.73,186.66,2.05,1.12,2.64,183.93,183.71,184.04,27610281.6
2024-02-23,AAPL,185.01,185.04,182.23,182.52,45119700,-1.73,-1.29,-0.44,-1.73,-1.29,-0.44,182.96,183.17,183.73,184.13,184.5,185.0,185.66,186.23,186.51,186.76,186.91,186.99,187.01,186.92,185.72,180.79,182.62,184.21,185.51,186.31,187.4,188.97,189.46,185.44,183.73,183.31,184.98,186.34,182.38,183.48,184.77,182.09,182.31,182.85,-0.1,-0.06,38.76,23.51,25.22,40.28,30.49,37.09,-56.74,-71.58,-3.58,-3.24,-5.8,-3.33,-11.65,-77.19,-80.79,29.07,32.01,23.18,22.81,30.74,6.94,53.05,192.64,179.98,6.8,0.2,199.13,178.8,10.76,0.18,2.79,2.7,3.14,2.31,3.17,4.04,191.05,180.26,194.76,179.25,187.0,361793900,48440280.0,50573300.0,54189875.0,0.83,43.17,3409563951.71,153.11,0.07,41.31,18.68,25.96,16.0,44.0,-28.0,183.93,185.4,186.43,182.9,181.43,186.21,-1.85,-1.0,2.81,183.26,183.64,183.08,-35806737.01
2024-02-26,AAPL,182.24,182.76,180.65,181.16,40867400,-1.87,-1.41,-0.46,-1.87,-1.41,-0.46,182.06,182.5,183.16,183.59,183.99,184.52,185.23,185.86,186.17,186.45,186.63,186.74,186.78,186.73,185.63,180.79,182.39,183.44,185.2,185.74,187.25,188.7,189.31,185.52,183.78,182.75,184.49,185.94,181.71,182.87,184.22,181.38,181.65,182.22,-0.11,-0.07,33.77,24.2,22.37,30.43,29.5,31.3,-90.6,-107.19,-4.36,-5.43,-7.69,-6.52,-11.26,-89.5,-87.69,18.68,30.5,-4.95,10.5,25.56,-19.64,50.35,191.78,179.71,6.5,0.12,198.96,178.44,10.87,0.13,2.65,2.61,3.09,1.83,3.02,4.19,190.44,180.01,192.2,179.25,185.72,320926500,46663260.0,50144520.0,54003545.0,0.76,34.77,3388452356.45,153.13,0.08,43.93,14.09,31.21,12.0,40.0,-28.0,183.26,184.3,186.07,181.49,180.45,185.8,-1.36,-0.75,2.11,181.52,181.7,181.43,-21111595.26
2024-02-27,AAPL,181.1,183.92,179.56,182.63,54318900,-1.84,-1.5,-0.34,-1.84,-1.5,-0.34,182.34,182.54,183.04,183.41,183.78,184.28,184.98,185.62,185.94,186.24,186.44,186.56,186.62,186.6,185.57,180.81,182.6,182.99,184.86,185.29,187.14,188.39,189.19,185.62,183.82,182.61,184.2,185.64,181.74,182.62,183.9,181.63,181.52,181.95,-0.12,-0.08,51.94,39.02,31.42,29.8,34.44,31.66,-70.22,-88.18,-3.02,-5.81,-4.52,-6.67,-9.1,-73.28,-73.9,51.42,33.06,88.16,26.72,20.01,40.14,49.97,190.77,179.8,5.92,0.26,198.43,178.35,10.66,0.21,2.82,2.74,3.16,1.29,2.74,4.27,190.45,179.51,191.8,179.25,185.52,375245400,46793920.0,51398220.0,54362210.0,1.0,35.63,3410628421.13,153.16,0.07,45.93,16.29,29.73,8.0,36.0,-28.0,181.52,182.4,183.63,180.29,179.41,185.4,1.47,0.81,4.36,182.04,181.74,182.18,22176064.68
2024-02-28,AAPL,182.51,183.12,180.13,181.42,48953900,-1.89,-1.58,-0.32,-1.89,-1.58,-0.32,181.88,182.17,182.68,183.05,183.42,183.92,184.64,185.31,185.65,185.97,186.19,186.33,186.41,186.43,185.49,180.82,182.42,182.63,184.34,184.96,187.07,188.06,189.05,185.7,183.86,182.32,183.83,185.28,181.38,182.2,183.47,181.3,181.13,181.51,-0.12,-0.09,49.2,37.91,26.77,27.31,33.88,31.17,-80.64,-94.12,-3.93,-7.05,-3.62,-7.99,-6.62,-82.17,-82.71,33.94,34.68,32.46,17.83,18.35,16.8,51.85,190.54,179.37,6.04,0.18,197.89,178.22,10.46,0.16,2.8,2.78,3.17,1.15,2.79,4.35,190.19,179.09,191.05,179.25,185.15,326291500,48310420.0,50640660.0,54016935.0,0.91,28.0,3403915678.99,153.18,0.1,47.9,11.58,29.31,4.0,32.0,-28.0,182.04,184.51,186.4,180.15,177.68,185.03,-1.21,-0.66,2.99,181.56,181.62,181.52,-6712742.14
2024-02-29,AAPL,181.27,182.57,179.53,180.75,136682600,-1.97,-1.65,-0.31,-1.97,-1.65,-0.31,181.32,181.7,182.25,182.63,183.01,183.53,184.27,184.97,185.33,185.68,185.93,186.09,186.19,186.24,185.39,180.81,181.7,182.29,183.76,184.78,187.0,187.72,188.88,185.75,183.9,181.98,183.43,184.87,180.93,181.73,183.0,180.83,180.66,181.02,-0.13,-0.1,40.88,36.68,28.61,27.98,37.41,30.87,-95.49,-99.8,-3.42,-7.07,-3.4,-7.57,-3.65,-88.34,-87.29,22.14,35.84,-5.25,11.66,18.74,-2.49,49.59,190.67,178.88,6.38,0.16,197.37,178.07,10.28,0.14,2.88,2.84,3.1,1.15,2.95,4.43,189.94,178.6,191.05,179.25,185.15,189608900,65188500.0,58845870.0,58077675.0,2.35,24.69,3376938850.04,153.24,0.12,48.43,11.33,27.02,0.0,28.0,-28.0,181.56,182.98,184.55,179.99,178.57,184.69,-0.67,-0.37,3.04,180.95,181.05,180.9,-26976828.95
2024-03-01,AAPL,179.55,180.53,177.38,179.66,73563100,-2.09,-1.74,-0.35,-2.09,-1.74,-0.35,180.49,181.02,181.68,182.09,182.49,183.04,183.83,184.58,184.97,185.34,185.62,185.81,185.93,186.03,185.28,180.8,181.12,181.87,183.18,184.42,186.7,187.39,188.71,185.78,183.94,181.5,182.94,184.39,180.25,181.14,182.44,180.06,180.03,180.41,-0.14,-0.11,19.22,38.18,30.7,24.11,41.02,31.46,-155.54,-132.76,-2.91,-7.47,-4.2,-9.19,-7.2,-79.81,-83.32,29.77,28.62,32.06,20.19,16.56,27.46,50.28,190.64,178.19,6.75,0.12,197.02,177.77,10.27,0.1,3.05,2.94,3.09,1.27,3.11,4.61,189.7,177.96,191.05,177.38,184.22,116045800,70877180.0,59658730.0,58511560.0,1.26,18.18,3409867094.8,153.27,0.09,48.47,9.86,31.35,0.0,100.0,-100.0,180.95,182.37,183.99,179.33,177.91,184.36,-1.09,-0.6,3.37,179.19,178.96,179.31,32928244.76
2024-03-04,AAPL,176.15,176.9,173.79,175.1,81510100,-2.52,-1.9,-0.63,-2.52,-1.9,-0.63,177.79,179.04,180.21,180.82,181.35,182.05,183.0,183.88,184.33,184.78,185.11,185.35,185.51,185.67,185.08,180.75,179.91,181.15,182.27,183.88,186.15,186.96,188.41,185.74,183.96,180.27,182.05,183.65,178.28,179.81,181.37,177.54,178.36,179.07,-0.15,-0.11,14.19,28.5,24.3,20.77,29.37,28.28,-270.6,-197.31,-4.91,-9.0,-7.21,-12.05,-10.75,-89.45,-92.41,11.64,21.18,-7.43,10.55,14.14,3.37,43.84,191.32,176.44,8.09,-0.09,196.79,177.12,10.52,-0.1,3.51,3.21,3.22,2.47,3.72,4.98,189.41,176.59,191.05,173.79,182.42,34535700,79005720.0,62834490.0,57459480.0,1.42,17.43,3397024667.47,153.29,0.03,48.54,9.02,33.99,0.0,100.0,-100.0,179.19,181.0,182.34,177.85,176.04,183.8,-4.56,-2.54,5.87,175.26,175.34,175.22,-12842427.33
2024-03-05,AAPL,170.76,172.04,169.62,170.12,95132400,-3.23,-2.16,-1.07,-3.23,-2.16,-1.07,173.96,176.07,177.97,178.88,179.63,180.56,181.77,182.86,183.41,183.96,184.38,184.68,184.91,185.16,184.78,180.64,177.41,180.0,181.13,183.0,185.36,186.46,188.04,185.65,183.94,178.26,180.74,182.61,175.2,177.78,179.79,173.68,175.74,177.01,-0.17,-0.12,10.52,18.3,19.19,18.23,25.78,27.36,-273.59,-253.94,-7.47,-11.27,-11.44,-14.92,-17.56,-96.86,-97.67,3.24,14.88,-20.04,3.14,11.3,-13.16,40.63,192.43,173.57,10.31,-0.18,197.13,175.8,11.44,-0.27,3.89,3.34,3.1,4.26,4.72,5.56,188.45,175.1,191.05,169.62,180.34,-60596700,87168420.0,66981170.0,58732660.0,1.62,16.8,3341203176.56,153.32,-0.03,48.06,8.66,34.55,0.0,100.0,-100.0,175.26,176.74,178.37,173.63,172.15,182.8,-4.98,-2.84,5.48,170.59,170.83,170.48,-55821490.91
2024-03-06,AAPL,171.06,171.24,168.68,169.12,68587700,-3.83,-2.5,-1.33,-3.83,-2.5,-1.33,171.54,173.75,176.0,177.1,178.01,179.13,180.57,181.84,182.49,183.14,183.63,184.01,184.29,184.63,184.47,180.53,174.95,178.68,180.07,181.99,184.49,185.95,187.62,185.55,183.91,176.29,179.42,181.56,172.64,175.86,178.24,170.76,173.37,175.05,-0.19,-0.14,0.0,8.08,19.68,18.14,20.67,29.32,-192.75,-226.46,-7.23,-10.06,-13.2,-15.03,-20.18,-97.31,-98.03,2.69,5.86,-3.65,2.69,5.46,-2.85,39.44,192.8,171.18,11.88,-0.1,197.43,174.47,12.35,-0.23,3.95,3.3,3.06,5.37,5.4,6.0,187.17,173.97,191.05,168.68,179.86,-129184400,91095180.0,69702800.0,59987505.0,1.14,16.64,3296192498.44,153.34,-0.1,47.57,8.76,34.67,0.0,100.0,-100.0,170.59,171.57,173.01,169.15,168.17,181.22,-1.0,-0.59,2.56,169.68,169.96,169.54,-45010678.13
2024-03-07,AAPL,169.15,170.73,168.49,169.0,71765100,-4.26,-2.85,-1.41,-4.26,-2.85,-1.41,170.27,172.17,174.45,175.63,176.62,177.86,179.47,180.89,181.62,182.35,182.92,183.35,183.69,184.12,184.17,180.41,172.6,177.15,179.06,180.97,183.64,185.46,187.18,185.43,183.88,174.52,178.18,180.56,170.78,174.21,176.83,168.91,171.46,173.34,-0.22,-0.15,0.0,8.93,20.27,18.27,16.32,24.19,-144.77,-188.49,-6.92,-8.35,-15.37,-14.86,-20.41,-96.92,-97.74,3.31,3.08,3.76,3.08,2.97,3.3,34.47,192.65,169.29,12.91,-0.01,197.69,173.23,13.19,-0.17,3.65,3.24,3.04,5.74,5.84,6.33,185.94,172.99,189.99,168.49,179.24,-200949500,78111680.0,71650090.0,60903810.0,1.18,16.62,3257106149.33,153.35,-0.11,46.96,8.94,33.37,20.0,100.0,-80.0,169.68,170.68,172.24,168.12,167.12,179.46,-0.12,-0.07,2.24,169.41,169.61,169.3,-39086349.11
2024-03-08,AAPL,169.0,173.7,168.94,170.73,76267000,-4.42,-3.16,-1.25,-4.42,-3.16,-1.25,170.5,171.69,173.62,174.74,175.72,176.97,178.63,180.14,180.92,181.71,182.32,182.81,183.18,183.68,183.9,180.32,170.81,175.97,178.18,180.09,182.86,185.01,186.8,185.35,183.87,173.36,177.21,179.73,170.04,173.13,175.78,168.64,170.41,172.19,-0.24,-0.17,12.83,19.01,23.77,25.47,20.59,28.6,-94.57,-131.79,-6.36,-8.63,-11.79,-11.58,-17.59,-86.47,-89.58,14.52,6.84,29.88,13.53,6.44,27.73,34.57,192.08,168.1,13.32,0.11,197.73,172.3,13.75,-0.06,3.9,3.35,3.15,5.73,6.0,6.43,185.33,171.94,189.99,168.49,179.24,-124682500,78652460.0,74764820.0,62669060.0,1.22,24.06,3238199624.12,153.37,-0.12,45.43,14.2,32.25,16.0,96.0,-80.0,169.41,170.32,171.65,168.08,167.17,177.71,1.73,1.02,4.76,171.12,171.32,171.02,-18906525.21
2024-03-11,AAPL,172.94,174.38,172.05,172.75,60139500,-4.33,-3.4,-0.93,-4.33,-3.4,-0.93,171.62,172.04,173.43,174.38,175.26,176.44,178.07,179.59,180.39,181.21,181.86,182.37,182.77,183.32,183.68,180.24,170.34,175.13,177.55,179.29,182.21,184.61,186.43,185.29,183.87,172.77,176.51,179.08,170.24,172.58,175.09,169.55,170.14,171.58,-0.26,-0.19,26.02,21.58,23.66,32.29,26.19,28.98,-57.4,-88.99,-6.3,-7.05,-8.41,-8.81,-16.1,-74.26,-80.19,29.12,15.65,56.06,25.74,14.12,48.98,36.09,190.96,167.61,13.02,0.22,197.56,171.65,14.04,0.04,3.99,3.44,3.22,5.49,5.84,6.42,184.95,171.2,188.67,168.49,178.58,-64543000,74378340.0,76692030.0,63418275.0,0.95,30.18,3214195446.01,153.39,-0.13,43.29,15.26,27.96,12.0,92.0,-80.0,171.12,173.31,175.88,168.55,166.36,176.23,2.02,1.18,3.65,173.06,173.22,172.98,-24004178.11
2024-03-12,AAPL,173.15,174.03,171.01,173.23,59825400,-4.17,-3.55,-0.62,-4.17,-3.55,-0.62,172.43,172.44,173.38,174.17,174.95,176.04,177.61,179.12,179.93,180.76,181.44,181.97,182.4,182.99,183.47,180.17,170.97,174.19,176.99,178.59,181.59,184.2,186.02,185.25,183.88,172.43,175.93,178.5,170.61,172.23,174.54,170.52,170.12,171.17,-0.28,-0.21,40.95,25.41,27.55,31.52,26.07,26.62,-52.66,-80.71,-5.09,-7.7,-9.4,-9.09,-13.92,-71.36,-76.51,33.66,25.77,49.46,28.64,22.64,40.64,36.73,189.95,167.23,12.72,0.26,197.28,171.11,14.21,0.08,3.94,3.49,3.27,4.83,5.68,6.36,184.6,170.63,186.21,168.49,177.35,-4717600,67316940.0,77242680.0,64320450.0,0.93,25.26,3242325269.85,153.41,-0.09,42.31,14.07,29.63,8.0,88.0,-80.0,173.06,174.07,175.39,171.74,170.73,174.99,0.48,0.28,3.02,172.76,172.52,172.88,28129823.84
2024-03-13,AAPL,172.77,173.19,170.76,171.13,52488700,-4.17,-3.67,-0.49,-4.17,-3.67,-0.49,171.78,172.0,172.88,173.62,174.36,175.43,177.0,178.53,179.36,180.23,180.93,181.5,181.95,182.6,183.23,180.08,171.37,173.16,176.25,177.89,181.02,183.77,185.57,185.2,183.87,171.87,175.22,177.82,170.25,171.56,173.79,170.34,169.61,170.47,-0.29,-0.22,56.78,23.4,26.6,23.13,25.76,24.86,-58.39,-83.38,-5.54,-9.6,-10.29,-13.24,-13.91,-84.05,-85.1,21.93,28.24,9.31,15.95,23.44,0.97,35.76,189.29,166.5,12.81,0.2,197.14,170.4,14.55,0.03,3.45,3.48,3.29,4.17,5.7,6.52,183.96,170.03,185.53,168.49,177.01,-57206300,64097140.0,77596160.0,64118410.0,0.82,19.67,3205820783.02,153.42,-0.13,43.55,9.87,30.25,4.0,84.0,-80.0,172.76,174.5,175.78,171.48,169.74,174.38,-2.1,-1.21,2.47,171.69,171.98,171.55,-36504486.83
2024-03-14,AAPL,172.91,174.31,172.05,173.0,72913500,-3.97,-3.73,-0.23,-3.97,-3.73,-0.23,172.39,172.33,172.91,173.5,174.15,175.12,176.61,178.12,178.95,179.83,180.55,181.13,181.6,182.29,183.03,180.01,172.17,172.38,175.49,177.34,180.64,183.52,185.16,185.18,183.86,171.84,174.76,177.31,170.66,171.36,173.35,171.16,169.75,170.22,-0.3,-0.24,73.32,32.34,27.94,30.7,31.65,29.38,-31.75,-57.27,-5.27,-8.66,-7.75,-9.52,-11.15,-70.77,-73.53,53.63,36.41,88.07,29.23,24.61,38.47,41.73,188.54,166.14,12.63,0.31,197.22,169.82,14.93,0.12,3.13,3.51,3.27,3.22,5.6,6.65,183.63,169.6,185.04,168.49,176.76,15707200,64326820.0,71219250.0,65032560.0,1.12,26.44,3194206243.19,153.45,-0.14,45.39,12.08,29.55,0.0,80.0,-80.0,171.69,172.63,174.12,170.2,169.26,168.49,1.87,1.09,3.18,173.12,173.18,173.09,-11614539.82
2024-03-15,AAPL,171.17,172.62,170.29,172.62,121752700,-3.79,-3.74,-0.05,-3.79,-3.74,-0.05,172.5,172.43,172.84,173.34,173.92,174.81,176.23,177.71,178.54,179.43,180.16,180.76,181.25,181.97,182.82,179.94,172.55,171.68,174.83,176.78,180.17,183.29,184.78,185.18,183.83,171.89,174.31,176.79,170.89,171.13,172.92,171.61,169.82,169.98,-0.3,-0.25,71.1,41.55,29.05,31.97,32.15,28.06,-45.43,-66.81,-4.85,-8.34,-7.04,-8.54,-11.24,-73.23,-75.05,70.12,48.56,113.24,26.77,23.98,32.33,47.51,187.72,165.83,12.38,0.31,197.32,169.25,15.32,0.12,3.15,3.55,3.25,1.98,5.47,6.7,183.33,169.13,185.04,168.49,176.76,-106045500,73423960.0,76038210.0,67848470.0,1.79,24.54,3315958943.19,153.48,-0.07,45.72,11.93,29.56,4.0,76.0,-72.0,173.12,174.19,175.38,171.93,170.86,168.61,-0.38,-0.22,2.71,171.84,171.46,172.04,121752700.0
2024-03-18,AAPL,175.57,177.71,173.52,173.72,75604200,-3.53,-3.7,0.17,-3.53,-3.7,0.17,173.11,172.86,173.04,173.41,173.89,174.67,175.99,177.41,178.23,179.11,179.84,180.45,180.96,181.7,182.64,179.87,172.74,171.54,174.33,176.35,179.77,183.12,184.39,185.18,183.82,172.26,174.02,176.37,171.46,171.16,172.68,172.46,170.22,169.99,-0.3,-0.26,68.81,66.67,33.6,30.89,34.68,31.55,21.82,-20.74,-3.89,-8.01,-1.38,-8.91,-8.59,-64.25,-68.4,56.72,60.16,49.86,35.75,30.58,46.08,43.86,187.05,165.64,12.14,0.38,197.42,168.83,15.61,0.17,3.55,3.6,3.34,1.75,5.35,6.71,183.2,168.79,185.04,168.49,176.76,-30441300,76516900.0,75447620.0,69141055.0,1.09,25.86,3247572327.92,153.5,-0.1,45.04,19.55,29.13,0.0,72.0,-72.0,171.84,173.4,174.17,171.07,169.51,168.72,1.1,0.64,5.09,174.98,175.62,174.67,-68386615.27
2024-03-19,AAPL,174.34,176.61,173.03,176.08,55215200,-3.09,-3.58,0.49,-3.09,-3.58,0.49,174.6,173.93,173.72,173.9,174.22,174.85,176.0,177.32,178.09,178.94,179.66,180.26,180.76,181.52,182.51,179.84,173.31,172.14,173.9,176.07,179.38,183.02,184.08,185.21,183.8,173.08,173.99,176.14,172.69,171.64,172.77,174.13,171.21,170.47,-0.29,-0.27,70.08,78.62,42.11,39.08,40.81,37.77,44.89,-13.57,-1.99,-5.92,5.96,-5.34,-5.48,-46.09,-54.14,82.32,69.72,107.52,53.91,38.81,84.1,49.37,186.49,165.65,11.83,0.5,197.44,168.6,15.76,0.26,3.39,3.64,3.36,2.17,5.21,6.57,183.29,168.71,185.04,168.49,176.76,24773900,75594860.0,71455900.0,69218535.0,0.8,30.81,3286438893.28,153.52,-0.08,43.46,19.33,29.75,0.0,68.0,-68.0,174.98,176.45,179.17,172.26,170.79,169.08,2.36,1.36,3.58,175.24,174.82,175.45,38866565.36
2024-03-20,AAPL,175.72,178.67,175.09,178.67,53423100,-2.51,-3.37,0.86,-2.51,-3.37,0.86,176.63,175.51,174.82,174.76,174.91,175.33,176.26,177.42,178.13,178.93,179.61,180.19,180.68,181.42,182.43,179.83,174.82,173.09,173.71,175.89,179.02,182.88,183.81,185.28,183.79,174.27,174.24,176.09,174.49,172.54,173.19,176.43,172.73,171.39,-0.28,-0.27,76.15,83.05,58.61,46.06,45.96,42.85,123.98,24.22,2.04,-3.44,9.55,-2.08,-3.65,-15.45,-38.49,100.0,79.68,140.64,84.55,58.07,137.52,54.73,185.97,165.81,11.46,0.64,197.34,168.43,15.81,0.35,3.38,3.68,3.42,2.73,5.04,6.3,183.62,168.89,185.04,168.49,176.76,78197000,75781740.0,69939440.0,69821120.0,0.77,38.85,3339861993.28,153.54,-0.06,41.25,23.12,28.28,0.0,64.0,-64.0,175.24,177.45,178.82,173.87,171.66,169.43,2.59,1.47,3.58,177.48,176.88,177.77,53423100.0
2024-03-21,AAPL,177.05,177.49,170.84,171.37,106181300,-2.6,-3.21,0.61,-2.6,-3.21,0.61,174.0,174.13,174.05,174.15,174.36,174.83,175.79,176.97,177.69,178.51,179.21,179.81,180.32,181.09,182.21,179.74,174.49,173.33,173.09,175.24,178.42,182.61,183.44,185.33,183.74,173.96,173.81,175.6,173.42,172.01,172.66,174.63,172.12,170.9,-0.27,-0.27,50.77,51.58,52.71,37.28,37.05,36.23,15.28,-37.81,0.73,-6.94,2.37,-8.29,-13.0,-71.71,-82.6,12.89,65.07,-91.48,28.29,55.58,-26.29,43.03,184.67,165.81,10.76,0.29,197.41,167.81,16.21,0.12,4.06,4.0,3.68,2.42,4.72,6.13,183.79,167.79,185.04,168.49,176.76,-27984300,82435300.0,73381060.0,72515575.0,1.46,37.74,3250605832.83,153.57,-0.13,38.72,21.28,29.78,0.0,60.0,-60.0,177.48,179.86,181.06,176.28,173.9,169.98,-7.3,-4.09,7.83,173.23,174.17,172.77,-89256160.45
2024-03-22,AAPL,171.76,173.05,170.06,172.28,71160100,-2.58,-3.09,0.51,-2.58,-3.09,0.51,173.14,173.51,173.66,173.81,174.04,174.51,175.46,176.62,177.34,178.16,178.87,179.48,180.0,180.8,182.02,179.67,174.42,173.48,172.59,174.73,177.89,182.33,183.09,185.37,183.71,173.76,173.52,175.2,172.93,171.73,172.31,173.8,171.88,170.66,-0.26,-0.27,47.54,48.77,56.88,45.13,35.31,38.78,-30.49,-58.07,1.87,-6.3,1.55,-2.82,-10.24,-62.77,-77.1,25.78,46.22,-15.1,37.23,50.02,11.64,47.51,183.59,165.87,10.14,0.36,197.37,167.28,16.5,0.17,4.14,3.8,3.7,2.28,4.43,5.93,183.05,167.87,183.92,168.49,176.2,43175800,72316780.0,72870370.0,73817595.0,0.96,38.17,3285114911.43,153.59,-0.08,35.11,22.43,26.1,20.0,56.0,-36.0,173.23,175.63,179.88,168.98,166.58,178.67,0.91,0.53,2.99,171.8,171.56,171.92,34509078.6
2024-03-25,AAPL,170.57,171.94,169.45,170.85,54288300,-2.64,-3.0,0.36,-2.64,-3.0,0.36,172.0,172.63,173.03,173.27,173.55,174.06,175.02,176.19,176.93,177.75,178.48,179.11,179.64,180.48,181.8,179.58,173.85,173.3,172.31,174.21,177.29,182.03,182.72,185.38,183.68,173.29,173.16,174.75,172.11,171.25,171.82,172.6,171.35,170.21,-0.26,-0.27,44.36,44.06,53.81,51.44,35.67,38.2,-72.68,-72.86,1.09,-6.29,-1.9,0.73,-10.31,-76.82,-84.71,15.18,17.95,9.65,23.18,29.57,10.41,48.11,182.69,165.73,9.73,0.3,197.39,166.67,16.88,0.14,4.09,3.61,3.7,2.42,4.24,5.69,182.23,167.81,183.92,168.49,176.2,-11112500,68053600.0,72285250.0,74488640.0,0.73,39.71,3291873695.76,153.61,-0.06,31.35,23.61,20.42,16.0,52.0,-36.0,171.8,173.53,174.79,170.54,168.81,178.5,-1.43,-0.83,2.83,170.75,170.7,170.77,6758784.34
2024-03-26,AAPL,170.0,171.42,169.58,169.71,57388400,-2.75,-2.95,0.2,-2.75,-2.95,0.2,170.85,171.65,172.29,172.62,172.96,173.51,174.51,175.71,176.46,177.31,178.05,178.7,179.25,180.12,181.56,179.48,172.58,172.94,172.28,173.57,176.71,181.71,182.32,185.36,183.62,172.63,172.73,174.26,171.15,170.64,171.25,171.28,170.65,169.65,-0.25,-0.26,37.25,46.28,47.85,51.16,35.87,36.22,-96.72,-80.17,-0.6,-6.53,-3.52,0.59,-12.92,-88.02,-92.09,2.82,14.6,-20.73,11.98,24.13,-12.31,44.33,181.28,165.86,8.88,0.25,197.41,166.0,17.29,0.12,3.96,3.55,3.69,2.67,3.86,5.54,181.62,167.4,183.12,168.49,175.8,-68500900,68488240.0,72041550.0,74642115.0,0.77,40.14,3242594526.2,153.62,-0.11,27.94,23.95,18.83,12.0,48.0,-36.0,170.75,172.04,173.24,169.55,168.26,178.14,-1.14,-0.67,1.84,170.24,170.5,170.1,-49279169.57
2024-03-27,AAPL,170.41,173.6,170.11,173.31,60273300,-2.52,-2.86,0.34,-2.52,-2.86,0.34,172.08,172.21,172.52,172.75,173.01,173.49,174.4,175.53,176.26,177.09,177.82,178.46,179.02,179.9,181.39,179.42,171.5,173.16,172.56,173.16,176.32,181.5,182.0,185.36,183.58,172.7,172.7,174.04,171.64,170.79,171.19,172.06,171.04,169.83,-0.24,-0.26,41.84,50.74,51.11,57.43,39.07,38.31,-22.69,-25.24,0.32,-4.94,2.18,4.31,-8.11,-55.09,-67.05,41.87,19.96,85.68,44.91,26.69,81.35,52.24,179.93,166.39,7.81,0.51,197.38,165.63,17.49,0.24,3.79,3.67,3.67,2.6,3.38,5.34,181.74,167.05,182.57,168.49,175.53,-8227600,69858280.0,72820010.0,75208085.0,0.8,46.72,3292851060.01,153.64,-0.07,25.33,27.42,17.85,8.0,44.0,-36.0,170.24,170.89,172.08,169.05,168.4,177.79,3.6,2.12,3.89,172.34,171.86,172.58,50256533.81
2024-03-28,AAPL,171.75,172.23,170.51,171.48,65672700,-2.46,-2.78,0.33,-2.46,-2.78,0.33,171.78,171.96,172.29,172.52,172.78,173.24,174.12,175.23,175.95,176.77,177.51,178.16,178.72,179.62,181.2,179.34,171.53,173.01,172.73,172.7,175.89,181.28,181.77,185.3,183.52,172.4,172.54,173.72,171.43,170.61,170.92,171.77,170.91,169.68,-0.24,-0.25,27.82,47.44,46.71,51.29,38.51,38.33,-67.47,-46.27,-1.01,-6.99,-1.52,0.75,-9.27,-77.98,-78.76,22.02,22.23,21.58,22.02,26.3,13.44,48.74,178.47,166.92,6.69,0.39,197.4,165.16,17.78,0.2,3.68,3.53,3.66,2.65,2.89,5.2,181.19,167.05,180.53,168.49,174.51,-73900300,61756560.0,72095930.0,71657590.0,0.92,39.41,3301251056.52,153.66,-0.05,23.24,22.5,18.56,4.0,40.0,-36.0,172.34,174.57,175.83,171.08,168.85,177.45,-1.83,-1.06,2.8,171.41,171.37,171.42,8399996.51
2024-04-01,AAPL,171.19,171.25,169.48,170.03,46240500,-2.49,-2.72,0.23,-2.49,-2.72,0.23,170.91,171.32,171.79,172.07,172.36,172.84,173.73,174.85,175.57,176.4,177.15,177.81,178.38,179.31,180.98,179.25,171.08,172.75,172.68,172.22,175.43,180.91,181.53,185.23,183.45,171.85,172.29,173.35,170.8,170.2,170.51,170.95,170.46,169.32,-0.23,-0.25,43.53,41.84,47.88,45.23,37.83,38.26,-102.7,-82.41,-0.64,-6.84,-2.59,-2.72,-9.63,-93.71,-87.21,6.29,23.39,-27.91,6.29,24.41,-29.94,42.89,177.08,167.35,5.65,0.28,197.19,164.62,18.0,0.17,3.45,3.42,3.61,2.82,2.43,5.08,180.56,166.9,178.67,168.49,173.58,-120140800,56772640.0,64544710.0,70291460.0,0.66,33.69,3283747590.42,153.67,-0.09,21.22,21.86,21.36,0.0,36.0,-36.0,171.41,172.3,173.13,170.58,169.69,177.13,-1.45,-0.85,2.0,170.25,170.36,170.2,-17503466.1
2024-04-02,AAPL,169.08,169.34,168.23,168.84,49329500,-2.59,-2.7,0.11,-2.59,-2.7,0.11,169.87,170.49,171.13,171.48,171.81,172.34,173.26,174.4,175.13,175.98,176.74,177.42,178.01,178.97,180.74,179.14,170.67,172.26,172.42,171.9,174.98,180.45,181.31,185.13,183.38,171.14,171.97,172.92,169.96,169.65,170.0,169.88,169.81,168.81,-0.23,-0.25,33.83,33.12,41.77,42.5,37.74,35.36,-136.35,-130.38,-2.4,-6.8,-4.88,-4.39,-6.26,-94.16,-94.16,5.84,11.38,-5.24,5.84,11.38,-5.24,49.78,176.79,167.01,5.69,0.19,196.79,164.11,18.11,0.14,2.59,3.33,3.53,3.04,2.44,5.05,179.92,166.61,178.67,168.23,173.45,-169470300,55780880.0,61917240.0,68682430.0,0.72,34.1,3288636099.43,153.68,-0.08,18.69,22.43,22.37,4.0,100.0,-96.0,170.25,171.03,172.02,169.26,168.48,176.83,-1.19,-0.7,1.8,168.8,168.78,168.81,4888509.01
2024-04-03,AAPL,168.79,170.68,168.58,169.65,47691700,-2.57,-2.67,0.1,-2.57,-2.67,0.1,169.76,170.21,170.8,171.15,171.48,172.0,172.92,174.05,174.78,175.63,176.4,177.08,177.68,178.66,180.52,179.05,170.66,171.62,172.18,171.88,174.59,179.97,181.12,185.01,183.3,170.67,171.75,172.58,169.64,169.34,169.64,169.57,169.51,168.53,-0.22,-0.24,44.01,27.06,44.22,47.35,43.25,37.4,-92.42,-92.16,-1.72,-7.11,-6.43,-1.48,-0.47,-86.4,-86.4,15.33,9.16,27.69,13.6,8.58,23.65,47.95,176.81,166.95,5.73,0.27,196.12,163.82,17.95,0.18,2.47,3.3,3.35,2.82,2.46,4.98,179.52,166.32,178.67,168.23,173.45,-121778600,53841540.0,61164890.0,66310395.0,0.72,39.31,3289544512.76,153.69,-0.04,15.59,25.51,22.0,0.0,96.0,-96.0,168.8,169.38,169.91,168.27,167.69,176.31,0.81,0.48,2.1,169.64,169.63,169.64,908413.33
2024-04-04,AAPL,170.29,171.92,168.82,168.82,53704400,-2.59,-2.66,0.06,-2.59,-2.66,0.06,169.29,169.75,170.36,170.72,171.07,171.6,172.53,173.66,174.39,175.25,176.03,176.72,177.33,178.34,180.29,178.95,169.76,170.63,172.03,171.86,174.14,179.44,180.84,184.86,183.22,170.16,171.46,172.21,169.14,168.94,169.23,169.03,169.08,168.16,-0.22,-0.24,45.42,40.33,40.37,42.24,48.21,37.27,-74.79,-84.19,-2.82,-6.95,-9.85,-4.18,-0.3,-94.35,-94.35,10.99,10.72,11.52,5.65,8.37,0.22,41.76,176.83,166.9,5.78,0.19,195.28,163.6,17.65,0.16,2.5,3.3,3.24,1.49,2.48,4.87,179.12,165.94,178.67,168.23,173.45,-175483000,52527760.0,61193020.0,65566230.0,0.82,37.96,3235840112.76,153.7,-0.05,13.15,25.81,22.04,0.0,92.0,-92.0,169.64,170.69,171.74,168.59,167.54,175.83,-0.83,-0.49,3.1,169.85,170.37,169.6,-53704400.0
2024-04-05,AAPL,169.59,170.39,168.95,169.58,42104800,-2.52,-2.63,0.11,-2.52,-2.63,0.11,169.44,169.69,170.19,170.52,170.84,171.35,172.25,173.36,174.08,174.93,175.71,176.41,177.03,178.05,180.07,178.85,169.38,170.46,171.8,171.89,173.64,178.94,180.58,184.74,183.14,169.97,171.24,171.91,169.05,168.74,168.96,169.05,168.95,168.0,-0.22,-0.23,22.85,39.65,36.37,44.43,50.64,39.17,-72.47,-93.75,-3.69,-6.18,-1.79,-3.04,0.58,-87.07,-87.07,25.14,17.15,41.11,12.93,10.73,17.34,43.61,176.79,166.99,5.7,0.26,194.41,163.47,17.29,0.2,2.47,3.21,3.19,1.5,2.45,4.53,178.68,165.82,178.67,168.23,173.45,-133378200,47814180.0,54785370.0,64083215.0,0.66,41.59,3230577012.76,153.71,-0.02,11.35,26.47,18.69,0.0,88.0,-88.0,169.85,170.89,172.95,167.79,166.75,175.37,0.76,0.45,1.57,169.64,169.67,169.62,-5263100.0
2024-04-08,AAPL,169.03,169.2,168.24,168.45,37425500,-2.52,-2.61,0.08,-2.52,-2.61,0.08,168.94,169.28,169.8,170.14,170.47,170.99,171.89,173.0,173.72,174.57,175.36,176.06,176.69,177.74,179.84,178.75,169.07,170.07,171.52,171.78,173.18,178.43,180.29,184.56,183.06,169.6,170.92,171.58,168.63,168.39,168.59,168.6,168.58,167.68,-0.22,-0.23,25.45,40.58,27.17,40.36,49.26,42.29,-96.97,-122.08,-5.72,-6.24,-3.83,-5.27,-2.28,-97.89,-97.89,4.1,13.41,-14.53,2.11,6.9,-7.47,35.05,176.89,166.66,5.96,0.17,193.54,163.32,16.94,0.17,2.1,2.95,3.15,1.47,2.56,4.3,177.78,165.99,178.67,168.23,173.45,-170803700,46051180.0,51411910.0,62141140.0,0.6,34.05,3209525169.01,153.72,-0.02,10.98,16.53,22.11,0.0,84.0,-84.0,169.64,170.33,171.08,168.89,168.2,174.94,-1.13,-0.67,1.34,168.63,168.72,168.58,-21051843.75
2024-04-09,AAPL,168.7,170.08,168.35,169.67,42373800,-2.4,-2.57,0.17,-2.4,-2.57,0.17,169.31,169.41,169.77,170.05,170.35,170.82,171.68,172.75,173.46,174.3,175.08,175.79,176.42,177.47,179.64,178.66,169.23,169.95,171.25,171.62,172.79,177.97,180.02,184.41,182.98,169.53,170.72,171.35,168.75,168.32,168.41,168.89,168.62,167.65,-0.21,-0.23,46.97,49.84,44.79,37.76,48.55,49.43,-64.82,-84.89,-0.99,-3.1,-1.18,-6.41,-3.08,-86.21,-86.21,26.82,18.68,43.08,13.79,9.61,22.16,37.22,176.8,166.45,6.03,0.31,192.73,163.22,16.58,0.22,1.95,2.81,3.0,1.44,2.59,4.07,177.3,166.05,178.67,168.23,173.45,-128429900,44660040.0,50220460.0,61252855.0,0.69,32.83,3231814277.68,153.73,0.01,9.86,19.54,21.9,48.0,80.0,-32.0,168.63,169.02,169.59,168.06,167.67,174.54,1.22,0.72,1.73,169.37,169.22,169.44,22289108.67
2024-04-10,AAPL,168.8,169.09,167.11,167.78,49709300,-2.43,-2.54,0.11,-2.43,-2.54,0.11,168.54,168.87,169.33,169.64,169.96,170.44,171.31,172.38,173.09,173.94,174.72,175.44,176.08,177.15,179.41,178.55,168.86,169.76,170.7,171.35,172.3,177.49,179.72,184.21,182.88,169.13,170.35,171.03,168.24,167.93,168.03,168.27,168.19,167.3,-0.21,-0.22,42.02,25.11,36.98,28.64,43.17,48.33,-131.53,-120.08,-2.61,-1.38,-1.93,-10.89,-5.45,-93.55,-94.2,13.09,14.67,9.93,6.45,7.45,4.46,35.07,176.74,165.96,6.29,0.17,191.98,163.01,16.32,0.16,2.03,2.74,2.95,1.6,2.7,3.72,176.79,165.82,178.67,167.11,172.89,-178139200,45063560.0,49452550.0,60747050.0,0.82,26.01,3215746625.16,153.74,-0.02,11.1,14.7,25.72,44.0,100.0,-56.0,169.37,170.38,171.1,168.65,167.64,174.16,-1.89,-1.11,2.56,167.99,168.1,167.94,-16067652.53
2024-04-11,AAPL,168.34,175.46,168.16,175.04,91070300,-1.84,-2.4,0.56,-1.84,-2.4,0.56,171.79,170.92,170.6,170.62,170.74,171.02,171.66,172.58,173.22,174.0,174.74,175.42,176.04,177.09,179.32,178.52,170.1,169.93,170.46,171.55,172.08,177.23,179.58,184.08,182.83,170.09,170.7,171.2,170.28,168.93,168.6,171.17,169.75,168.33,-0.2,-0.22,70.59,60.76,59.07,57.21,52.1,56.37,155.48,47.91,2.45,3.5,1.73,3.67,3.91,-5.03,-31.4,94.97,44.96,195.0,94.97,38.41,208.1,54.08,177.18,165.91,6.57,0.81,191.41,163.06,16.0,0.42,2.87,2.73,3.17,2.06,2.82,3.35,177.12,166.2,178.67,167.11,172.89,-87068900,52536740.0,52532250.0,62676130.0,1.45,38.55,3296337602.96,153.77,0.07,12.5,31.42,14.7,40.0,96.0,-56.0,167.99,168.88,169.97,166.9,166.01,167.11,7.26,4.33,7.68,172.89,171.81,173.42,80590977.81
2024-04-12,AAPL,174.26,178.36,174.21,176.55,101670900,-1.24,-2.17,0.93,-1.24,-2.17,0.93,174.17,172.8,171.92,171.7,171.63,171.71,172.13,172.87,173.43,174.14,174.83,175.47,176.06,177.07,179.27,178.5,171.5,170.44,170.8,171.72,171.94,177.08,179.47,183.95,182.77,171.3,171.18,171.49,172.3,170.08,169.31,173.8,171.43,169.53,-0.18,-0.21,78.07,69.64,64.57,58.2,56.37,56.17,249.34,147.27,4.03,4.47,5.07,4.27,3.55,-16.09,-18.34,83.91,63.99,123.76,83.91,61.78,128.18,54.29,177.76,165.69,7.03,0.9,191.1,163.05,15.84,0.48,3.16,2.81,3.25,2.92,3.02,3.05,177.75,166.5,178.67,167.11,172.89,14602000,64449960.0,56132070.0,64114000.0,1.59,50.06,3309322079.35,153.8,0.09,15.6,37.85,12.29,36.0,92.0,-56.0,172.89,177.61,180.19,170.31,165.59,167.11,1.51,0.86,4.15,176.37,176.29,176.42,12984476.39
2024-04-15,AAPL,175.36,176.63,172.5,172.69,73531800,-1.07,-1.95,0.88,-1.07,-1.95,0.88,173.43,172.76,172.09,171.88,171.79,171.83,172.18,172.86,173.39,174.06,174.72,175.35,175.93,176.92,179.14,178.44,172.35,170.71,170.83,171.73,171.71,176.79,179.21,183.78,182.69,171.71,171.27,171.54,172.52,170.37,169.49,173.78,171.82,169.89,-0.17,-0.2,59.22,59.99,48.69,53.23,49.65,49.94,113.27,64.86,-0.36,1.15,2.66,1.84,0.07,-50.4,-51.73,49.6,76.16,-3.52,49.6,76.16,-3.52,52.03,177.77,165.69,7.03,0.58,190.58,163.01,15.6,0.35,3.31,2.91,3.3,3.0,3.02,2.68,177.99,166.37,178.67,167.11,172.89,-58929800,71671220.0,58861200.0,61702955.0,1.19,48.8,3242555917.12,153.83,-0.06,18.15,36.64,14.6,32.0,88.0,-56.0,176.37,178.54,180.52,174.39,172.22,167.56,-3.86,-2.19,4.13,173.94,174.56,173.63,-66766162.23
2024-04-16,AAPL,171.75,173.76,168.27,169.38,73711200,-1.18,-1.79,0.61,-1.18,-1.79,0.61,171.41,171.64,171.49,171.43,171.42,171.53,171.91,172.6,173.13,173.8,174.46,175.09,175.67,176.68,178.94,178.35,172.29,170.76,170.73,171.51,171.52,176.46,178.84,183.56,182.59,171.46,171.05,171.39,171.58,170.04,169.24,172.21,171.29,169.63,-0.15,-0.19,52.44,49.38,45.84,49.46,46.59,46.29,-13.05,-32.96,-1.22,-1.95,0.54,-0.33,-4.34,-79.82,-80.36,20.18,51.23,-41.93,20.18,51.23,-41.93,47.6,177.56,165.46,7.06,0.32,190.16,162.77,15.52,0.24,3.87,3.17,3.43,2.97,3.03,2.64,178.25,165.58,178.67,167.11,172.89,-132641000,77938700.0,61299370.0,61608305.0,1.2,47.85,3198651431.88,153.84,-0.04,18.65,33.63,22.94,28.0,84.0,-56.0,173.94,175.38,178.07,171.25,169.81,167.99,-3.31,-1.92,5.49,170.47,171.02,170.2,-43904485.25
2024-04-17,AAPL,169.61,170.65,168.0,168.0,50901200,-1.37,-1.71,0.34,-1.37,-1.71,0.34,169.7,170.42,170.71,170.8,170.9,171.08,171.54,172.26,172.8,173.48,174.15,174.78,175.37,176.39,178.73,178.25,172.33,170.6,170.62,171.11,171.45,176.07,178.41,183.33,182.46,170.96,170.71,171.16,170.42,169.51,168.85,170.49,170.49,169.16,-0.15,-0.18,45.65,48.16,45.96,40.66,44.01,46.94,-64.51,-77.68,-1.19,-3.02,-1.65,-5.31,-8.08,-92.09,-92.3,7.91,25.9,-28.06,7.91,25.9,-28.06,43.79,176.95,165.27,6.83,0.23,189.58,162.56,15.34,0.2,4.06,3.08,3.32,3.08,2.92,2.7,177.7,165.38,178.67,167.11,172.89,-183542200,78177080.0,61620320.0,61392605.0,0.83,41.1,3147750231.88,153.86,-0.11,17.84,29.54,24.22,24.0,80.0,-56.0,170.47,172.67,175.96,167.18,164.98,178.36,-1.38,-0.81,2.65,168.88,169.32,168.66,-50901200.0
2024-04-18,AAPL,168.03,168.64,166.55,167.04,43122900,-1.57,-1.68,0.11,-1.57,-1.68,0.11,168.37,169.3,169.9,170.12,170.3,170.58,171.11,171.87,172.42,173.12,173.8,174.44,175.04,176.09,178.49,178.14,170.73,170.42,170.2,170.53,171.38,175.63,177.94,183.09,182.33,170.32,170.32,170.88,169.24,168.88,168.39,168.91,169.6,168.59,-0.14,-0.17,47.98,44.36,46.39,41.94,40.25,44.06,-107.84,-127.6,-1.07,-2.39,-1.78,-4.44,-11.63,-95.85,-95.96,4.15,10.75,-9.04,4.15,10.75,-9.04,41.67,175.44,165.61,5.76,0.15,188.82,162.44,15.02,0.17,4.11,3.03,3.25,3.24,2.46,2.79,177.17,165.06,178.36,166.55,172.46,-226665100,68587600.0,60562170.0,60877595.0,0.71,42.31,3124847639.05,153.86,-0.18,17.4,30.03,28.05,20.0,100.0,-80.0,168.88,169.77,171.53,167.12,166.23,178.15,-0.96,-0.57,2.09,167.41,167.6,167.32,-22902592.82
2024-04-19,AAPL,166.21,166.4,164.08,165.0,68149400,-1.88,-1.72,-0.16,-1.88,-1.72,-0.16,166.69,167.86,168.81,169.19,169.49,169.88,170.53,171.37,171.95,172.67,173.37,174.03,174.65,175.72,178.23,178.0,168.42,169.96,169.77,170.21,171.25,175.14,177.45,182.84,182.2,169.33,169.8,170.47,167.71,167.99,167.72,166.94,168.35,167.73,-0.14,-0.17,11.56,42.64,41.11,41.07,35.08,42.65,-159.72,-194.05,-2.74,-4.62,-4.58,-5.03,-6.37,-93.56,-93.56,6.44,6.17,6.99,6.44,6.17,6.99,41.71,175.68,164.73,6.43,0.02,188.05,162.23,14.74,0.11,4.16,3.1,3.22,3.67,2.74,2.99,176.72,164.34,178.36,164.08,171.22,-294814500,61883300.0,63166630.0,58976000.0,1.16,41.29,3110747763.19,153.88,-0.12,17.48,29.37,30.75,16.0,100.0,-84.0,167.41,168.27,169.5,166.18,165.32,177.69,-2.04,-1.22,2.96,165.16,165.24,165.12,-14099875.86
2024-04-22,AAPL,165.52,167.26,164.77,165.84,48116400,-2.03,-1.78,-0.25,-2.03,-1.78,-0.25,166.26,167.19,168.15,168.58,168.93,169.38,170.08,170.96,171.55,172.29,173.0,173.68,174.3,175.4,177.98,177.88,167.05,169.7,169.49,169.89,171.09,174.69,176.97,182.6,182.07,168.58,169.38,170.12,166.87,167.38,167.23,166.06,167.56,167.15,-0.14,-0.16,6.78,41.69,44.3,44.6,42.97,42.36,-118.29,-144.44,-1.77,-3.93,-2.61,-3.0,-6.44,-87.68,-87.68,12.32,7.64,21.7,12.32,7.64,21.7,32.15,175.6,164.17,6.73,0.15,187.29,162.09,14.43,0.15,3.42,3.15,2.96,3.87,2.86,3.15,176.37,163.79,178.36,164.08,171.22,-246698100,56800220.0,64235720.0,57823815.0,0.83,47.08,3103984413.79,153.88,-0.16,17.89,30.86,27.43,12.0,96.0,-84.0,165.16,166.24,167.48,163.92,162.84,176.87,0.84,0.51,2.49,165.96,166.02,165.93,-6763349.4
2024-04-23,AAPL,165.35,167.05,164.92,166.9,49537800,-2.04,-1.83,-0.21,-2.04,-1.83,-0.21,166.58,167.09,167.87,168.27,168.61,169.07,169.78,170.66,171.25,171.99,172.71,173.38,174.01,175.12,177.76,177.77,166.56,169.42,169.36,169.69,170.89,174.25,176.55,182.36,181.95,168.07,169.1,169.85,166.63,167.06,166.93,166.01,167.21,166.85,-0.15,-0.16,19.81,48.02,44.94,45.1,43.19,40.87,-92.02,-117.56,-1.58,-3.93,-2.77,-2.75,-3.95,-80.25,-80.25,19.75,12.84,33.57,19.75,12.84,33.57,33.42,175.53,163.84,6.89,0.26,186.35,162.14,13.89,0.2,3.13,3.15,2.92,3.97,2.92,3.23,176.08,163.48,178.36,164.08,171.22,-197160300,51965540.0,64952120.0,57586290.0,0.86,47.14,3146545058.86,153.89,-0.13,17.42,27.8,27.41,8.0,92.0,-84.0,165.96,167.14,168.45,164.65,163.47,176.1,1.06,0.64,2.13,166.29,165.98,166.44,42560645.07
2024-04-24,AAPL,166.54,169.3,166.21,169.02,48251800,-1.86,-1.84,-0.02,-1.86,-1.84,-0.02,167.8,167.74,168.13,168.41,168.68,169.06,169.71,170.53,171.11,171.83,172.53,173.19,173.82,174.92,177.59,177.69,166.76,169.55,169.32,169.65,170.75,173.89,176.17,182.16,181.85,168.0,169.03,169.73,167.17,167.18,166.93,167.0,167.49,166.99,-0.15,-0.16,47.86,32.38,51.04,50.34,47.72,40.32,-33.82,-49.56,0.34,-4.01,1.24,0.2,-0.69,-65.41,-65.41,34.59,22.22,59.34,34.59,22.22,59.34,43.31,175.51,163.8,6.9,0.45,185.49,162.28,13.35,0.29,2.99,3.15,2.93,3.94,2.93,3.21,176.0,163.41,178.36,164.08,171.22,-148908500,51435660.0,64806370.0,57129460.0,0.84,46.76,3186052196.08,153.9,-0.05,17.19,30.1,27.42,4.0,88.0,-84.0,166.29,167.66,168.42,165.53,164.16,175.38,2.12,1.27,3.09,168.18,167.76,168.39,39507137.22
2024-04-25,AAPL,169.53,170.61,168.15,169.89,50558300,-1.62,-1.8,0.17,-1.62,-1.8,0.17,168.85,168.45,168.52,168.68,168.86,169.16,169.73,170.49,171.03,171.72,172.4,173.05,173.66,174.75,177.44,177.61,167.33,169.03,169.39,169.48,170.71,173.58,175.87,181.96,181.76,168.06,169.06,169.67,167.89,167.45,167.05,168.11,167.97,167.29,-0.14,-0.16,61.98,29.74,50.41,50.53,50.23,48.29,5.31,0.57,0.13,-4.91,-5.15,0.31,-3.42,-59.31,-59.31,46.29,33.55,71.79,40.69,31.68,58.71,49.48,175.08,163.88,6.61,0.54,184.78,162.38,12.9,0.34,2.55,3.21,2.96,3.44,2.8,3.22,176.15,163.3,178.36,164.08,171.22,-98350200,52922740.0,60755170.0,56643710.0,0.89,52.37,3207015393.64,153.92,-0.08,16.62,32.41,26.87,0.0,84.0,-84.0,168.18,170.14,171.27,167.05,165.09,174.7,0.87,0.51,2.46,169.55,169.38,169.64,20963197.56
2024-04-26,AAPL,169.88,171.34,169.18,169.3,44838400,-1.47,-1.73,0.26,-1.47,-1.73,0.26,169.07,168.74,168.69,168.79,168.93,169.18,169.68,170.4,170.92,171.58,172.25,172.89,173.49,174.58,177.28,177.53,168.19,168.31,169.37,169.37,170.59,173.29,175.62,181.74,181.66,168.11,169.04,169.58,168.24,167.59,167.09,168.61,168.22,167.46,-0.14,-0.15,65.03,37.13,52.95,51.47,44.57,46.54,13.73,17.82,0.91,-1.21,-7.25,0.85,-2.18,-63.45,-63.45,53.93,44.94,71.9,36.55,37.28,35.11,50.45,174.89,163.85,6.52,0.49,184.12,162.45,12.51,0.32,2.48,3.27,2.88,2.24,2.76,3.2,176.22,163.15,178.36,164.08,171.22,-143188600,48260540.0,55071920.0,55601995.0,0.81,57.25,3167159038.09,153.93,-0.12,16.65,33.43,24.84,60.0,80.0,-20.0,169.55,170.95,172.01,168.49,167.09,174.07,-0.59,-0.35,2.16,169.94,170.26,169.78,-39856355.56
2024-04-29,AAPL,173.37,176.03,173.1,173.5,68169400,-1.0,-1.58,0.59,-1.0,-1.58,0.59,171.29,170.32,169.76,169.65,169.63,169.72,170.05,170.63,171.08,171.69,172.31,172.91,173.49,174.54,177.2,177.49,169.72,168.39,169.71,169.55,170.61,173.08,175.39,181.58,181.57,169.06,169.43,169.77,169.89,168.48,167.66,170.86,169.53,168.38,-0.13,-0.15,93.9,64.65,46.61,56.01,52.57,52.89,108.23,151.23,-0.88,0.71,0.81,3.83,3.47,-34.03,-34.03,78.83,59.68,117.12,65.97,47.74,102.43,53.96,175.36,163.73,6.86,0.84,183.48,162.68,12.02,0.52,3.15,3.63,3.07,2.42,2.91,3.22,177.3,162.8,178.36,164.08,171.22,-75019200,52271140.0,54535680.0,56698440.0,1.2,58.62,3117602443.55,153.95,-0.15,18.05,37.64,22.4,56.0,76.0,-20.0,169.94,170.7,172.1,168.54,167.78,164.08,4.2,2.48,6.73,174.21,174.56,174.03,-49556594.54
2024-04-30,AAPL,173.33,174.99,170.0,170.33,65934800,-0.87,-1.44,0.57,-0.87,-1.44,0.57,170.81,170.33,169.89,169.77,169.74,169.8,170.07,170.61,171.04,171.62,172.21,172.8,173.37,174.4,177.06,177.42,170.41,168.48,169.75,169.62,170.5,172.84,175.13,181.35,181.47,169.41,169.51,169.75,170.07,168.68,167.78,170.91,169.79,168.63,-0.12,-0.14,68.69,57.35,37.25,53.84,50.37,50.65,41.3,62.45,-3.52,-0.3,0.95,2.55,1.49,-56.23,-56.23,52.3,61.69,33.53,43.77,48.76,33.78,48.32,175.44,163.81,6.86,0.56,182.92,162.76,11.66,0.38,3.44,3.8,3.21,2.48,2.91,3.17,177.67,162.47,178.36,164.08,171.22,-140954000,55550540.0,53758040.0,57528705.0,1.15,57.45,3060388478.82,153.96,-0.2,17.4,35.92,24.87,52.0,72.0,-20.0,174.21,175.32,177.14,172.39,171.28,164.32,-3.17,-1.83,4.99,171.77,172.5,171.41,-57213964.73
2024-05-01,AAPL,169.58,172.71,169.11,169.3,50383100,-0.84,-1.32,0.48,-0.84,-1.32,0.48,170.05,169.98,169.76,169.69,169.67,169.74,170.0,170.51,170.92,171.49,172.07,172.65,173.21,174.24,176.91,177.34,170.46,168.61,169.85,169.6,170.28,172.59,174.83,181.12,181.35,169.56,169.48,169.67,169.86,168.68,167.78,170.44,169.73,168.66,-0.11,-0.14,60.02,57.1,42.14,39.35,50.56,45.57,12.57,16.63,-1.96,-0.24,1.3,-5.74,-0.35,-63.45,-63.45,43.68,58.27,14.5,36.55,48.76,12.14,42.25,175.42,163.79,6.86,0.47,182.4,162.79,11.36,0.33,3.59,3.51,3.3,2.49,2.91,2.99,177.02,162.98,178.36,164.08,171.22,-191337100,55976800.0,53706230.0,57663275.0,0.87,49.3,3015323594.93,153.98,-0.24,15.18,25.94,28.75,48.0,68.0,-20.0,171.77,173.55,176.76,168.56,166.78,164.55,-1.03,-0.6,3.6,170.37,170.91,170.1,-45064883.89
2024-05-02,AAPL,172.51,173.42,170.89,173.03,94214900,-0.51,-1.16,0.65,-0.51,-1.16,0.65,171.54,171.0,170.48,170.29,170.19,170.15,170.29,170.7,171.06,171.57,172.12,172.67,173.2,174.2,176.83,177.29,171.09,169.21,169.72,169.81,170.09,172.41,174.56,180.91,181.25,170.36,169.8,169.85,170.94,169.35,168.24,171.79,170.66,169.38,-0.1,-0.13,64.75,72.8,58.3,43.96,53.86,51.64,83.36,72.68,2.15,-0.16,5.99,-3.52,4.21,-28.69,-37.32,73.36,56.45,107.18,71.31,50.55,112.85,45.02,175.81,163.81,7.07,0.77,181.81,163.01,10.9,0.53,3.88,3.51,3.39,2.77,3.0,2.6,177.3,163.28,178.36,164.08,171.22,-97122200,64708120.0,58815430.0,59688800.0,1.58,48.69,3080492004.02,154.0,-0.13,12.57,21.49,28.76,44.0,64.0,-20.0,170.37,171.64,173.97,168.04,166.77,164.78,3.73,2.2,4.12,172.45,172.15,172.59,65168409.09
2024-05-03,AAPL,186.65,187.0,182.66,183.38,163224100,0.58,-0.81,1.39,0.58,-0.81,1.39,177.46,175.13,173.35,172.67,172.22,171.8,171.54,171.64,171.85,172.23,172.67,173.13,173.6,174.5,176.96,177.35,173.91,171.05,170.17,170.5,170.49,172.39,174.46,180.78,181.19,172.94,171.09,170.71,175.15,171.82,169.96,177.34,174.1,171.89,-0.07,-0.12,79.24,82.34,74.84,64.99,63.66,61.9,303.91,293.15,9.15,6.94,18.38,10.69,13.8,-15.79,-15.79,83.61,66.88,117.05,84.21,64.03,124.57,52.11,179.03,161.98,10.0,1.25,181.69,163.09,10.79,1.09,5.43,4.21,3.91,4.93,4.26,3.55,179.95,163.12,187.0,164.08,175.54,66101900,88385260.0,68322900.0,65744765.0,2.48,62.38,2971425209.09,154.07,-0.2,11.79,40.95,21.06,100.0,60.0,40.0,172.45,174.0,174.98,171.47,169.92,165.01,10.35,5.98,13.97,184.35,184.83,184.1,-109066794.93
2024-05-06,AAPL,182.35,184.2,180.42,181.71,78569700,1.3,-0.39,1.68,1.3,-0.39,1.68,179.59,177.32,175.21,174.32,173.68,173.04,172.51,172.38,172.49,172.76,173.11,173.5,173.92,174.73,177.06,177.4,175.55,172.64,170.77,171.17,170.8,172.37,174.35,180.67,181.13,174.88,172.16,171.43,177.68,173.64,171.32,180.21,176.47,173.79,-0.04,-0.1,75.69,76.7,73.16,68.13,61.19,61.37,176.07,193.16,8.78,6.87,15.87,12.33,13.26,-23.08,-23.08,74.56,77.17,69.32,76.92,77.48,75.8,50.95,180.99,161.35,11.47,1.04,181.6,163.14,10.71,1.01,5.62,4.09,4.01,5.58,4.91,4.09,180.68,164.33,187.0,164.08,175.54,-12467800,90465320.0,71368230.0,67801975.0,1.16,61.7,2946482447.18,154.11,-0.19,13.28,42.17,18.21,96.0,56.0,40.0,184.35,186.03,188.69,181.69,180.01,165.89,-1.67,-0.91,3.78,182.11,182.31,182.01,-24942761.9
2024-05-07,AAPL,183.45,184.9,181.32,182.4,77305800,1.9,0.07,1.83,1.9,0.07,1.83,180.99,179.01,176.81,175.79,175.02,174.21,173.45,173.12,173.13,173.29,173.56,173.89,174.25,174.98,177.16,177.45,177.96,174.19,171.64,171.8,171.19,172.4,174.24,180.55,181.08,176.65,173.23,172.18,179.74,175.32,172.63,182.3,178.56,175.58,-0.0,-0.08,71.56,75.44,78.69,71.61,62.98,61.29,142.27,168.77,10.55,8.03,15.5,14.4,12.73,-20.07,-20.07,75.6,77.92,70.95,79.93,80.35,79.09,51.24,182.8,160.81,12.8,0.98,181.73,163.07,10.82,1.04,5.82,4.15,4.12,5.95,5.5,4.61,181.75,165.14,187.0,164.08,175.54,64838000,92739520.0,74145030.0,69548575.0,1.11,68.18,2915819252.77,154.14,-0.23,15.57,42.7,17.45,92.0,52.0,40.0,182.11,183.8,185.89,180.02,178.33,166.73,0.69,0.38,3.58,182.87,183.11,182.76,-30663194.41
2024-05-08,AAPL,182.85,183.07,181.45,182.74,45057100,2.37,0.53,1.84,2.37,0.53,1.84,181.87,180.26,178.12,177.05,176.21,175.28,174.33,173.84,173.75,173.82,174.01,174.28,174.58,175.24,177.27,177.5,180.65,175.56,172.63,172.55,171.62,172.4,174.16,180.39,181.03,178.21,174.27,172.92,181.32,176.83,173.86,183.67,180.32,177.19,0.04,-0.06,84.84,74.93,78.34,74.01,62.36,62.43,107.78,136.97,10.19,7.72,13.72,15.7,14.96,-18.59,-18.59,76.19,75.45,77.67,81.41,79.42,85.4,51.47,184.39,160.71,13.73,0.93,181.74,163.06,10.84,1.05,5.09,4.12,4.12,6.2,5.92,5.06,182.57,166.09,187.0,164.08,175.54,109895100,91674320.0,73825560.0,69315965.0,0.65,67.77,2942519756.47,154.16,-0.2,18.76,43.05,15.08,88.0,48.0,40.0,182.87,184.43,186.45,180.85,179.29,167.54,0.34,0.19,1.62,182.42,182.26,182.5,26700503.7
2024-05-09,AAPL,182.56,184.66,182.11,184.57,48983000,2.86,1.0,1.87,2.86,1.0,1.87,183.22,181.69,179.56,178.42,177.49,176.44,175.31,174.63,174.45,174.41,174.52,174.72,174.98,175.54,177.42,177.57,182.96,177.03,173.79,173.03,172.0,172.46,174.16,180.26,180.99,179.84,175.42,173.76,183.03,178.45,175.2,185.23,182.19,178.92,0.08,-0.03,91.03,78.27,78.88,80.12,65.9,63.14,100.72,130.39,10.59,9.33,14.68,19.57,9.53,-10.93,-10.6,86.42,79.4,100.45,89.07,83.47,100.26,58.4,186.0,160.05,15.0,0.94,182.09,162.84,11.16,1.13,4.75,4.09,4.12,6.44,6.49,5.58,183.49,167.13,187.0,164.08,175.54,158878100,82627940.0,73668030.0,67211600.0,0.73,74.17,2988045132.95,154.18,-0.23,23.01,46.13,10.88,84.0,44.0,40.0,182.42,183.39,184.04,181.77,180.8,168.32,1.83,1.0,2.55,183.78,183.38,183.98,45525376.47
2024-05-10,AAPL,184.9,185.09,182.13,183.05,50759500,3.09,1.42,1.68,3.09,1.42,1.68,183.13,182.15,180.33,179.26,178.35,177.26,176.04,175.26,175.0,174.89,174.94,175.09,175.29,175.79,177.53,177.62,182.89,178.4,175.0,173.35,172.38,172.51,174.14,180.11,180.93,180.94,176.37,174.47,183.72,179.55,176.23,185.4,183.27,180.15,0.11,-0.0,80.55,69.63,73.39,75.94,58.51,62.71,80.59,112.63,8.3,7.94,13.75,17.21,6.5,-17.89,-17.23,77.92,80.18,73.41,82.11,84.2,77.94,60.12,187.01,159.7,15.75,0.86,182.32,162.7,11.37,1.04,4.65,4.12,3.89,6.07,6.83,5.93,184.29,167.8,187.0,164.08,175.54,108118600,60135020.0,74260140.0,64666030.0,0.78,68.76,2968838835.65,154.2,-0.26,26.97,45.01,10.79,80.0,40.0,40.0,183.78,185.45,186.33,182.9,181.23,169.07,-1.52,-0.82,2.96,183.42,183.61,183.33,-19206297.3
2024-05-13,AAPL,185.44,187.1,184.62,186.28,72044800,3.5,1.83,1.67,3.5,1.83,1.67,184.71,183.52,181.65,180.54,179.57,178.39,177.02,176.07,175.73,175.53,175.49,175.57,175.72,176.13,177.7,177.71,183.81,179.68,176.36,174.03,172.92,172.64,174.18,180.02,180.9,182.37,177.6,175.37,185.23,181.08,177.56,186.8,184.94,181.79,0.15,0.03,65.63,82.7,75.33,77.42,59.97,63.97,92.35,120.22,9.65,10.58,12.78,19.38,13.59,-3.93,-3.56,95.44,86.59,113.14,96.07,89.08,110.05,59.57,188.85,159.21,17.03,0.91,183.01,162.27,12.01,1.16,4.64,4.26,3.89,6.26,7.41,6.43,185.54,168.5,187.1,164.08,175.59,180163400,58830040.0,74647680.0,64591680.0,1.12,69.7,2993241106.62,154.24,-0.19,31.47,46.93,10.44,100.0,36.0,64.0,183.42,184.72,186.38,181.76,180.46,169.79,3.23,1.76,4.05,186.0,185.86,186.07,24402270.97
2024-05-14,AAPL,187.51,188.3,186.29,187.43,52393600,3.87,2.24,1.63,3.87,2.24,1.63,186.07,184.83,182.94,181.79,180.78,179.52,178.01,176.91,176.49,176.19,176.07,176.09,176.18,176.51,177.9,177.81,184.81,181.39,177.73,174.94,173.54,172.89,174.26,179.92,180.85,183.78,178.88,176.31,186.66,182.58,178.9,188.08,186.53,183.41,0.18,0.06,82.65,86.98,77.54,76.78,65.99,66.73,93.86,114.22,10.71,10.47,17.1,18.41,18.05,-4.32,-3.59,95.0,89.46,106.1,95.68,91.29,104.47,54.79,190.73,159.14,18.05,0.9,184.05,161.73,12.91,1.15,2.94,4.18,3.79,5.74,7.9,6.9,186.38,169.64,188.3,164.08,176.19,232557000,53847600.0,73293560.0,63525800.0,0.82,70.0,3000279052.88,154.26,-0.16,35.59,46.0,10.63,100.0,32.0,68.0,186.0,187.38,188.48,184.9,183.52,170.82,1.15,0.62,2.02,187.34,187.3,187.36,7037946.27
2024-05-15,AAPL,187.91,190.65,187.37,189.72,70400000,4.29,2.65,1.64,4.29,2.65,1.64,187.89,186.46,184.45,183.23,182.15,180.8,179.13,177.86,177.34,176.94,176.74,176.68,176.71,176.94,178.13,177.92,186.21,183.43,179.11,176.02,174.21,173.28,174.4,179.87,180.82,185.3,180.29,177.35,188.39,184.27,180.4,189.8,188.37,185.22,0.22,0.09,85.33,86.17,76.16,77.7,72.57,63.66,104.11,114.56,9.35,13.08,20.42,19.83,21.72,-4.32,-3.5,90.91,93.78,85.16,95.68,95.81,95.42,58.77,192.76,159.28,19.02,0.91,185.38,161.18,13.97,1.18,2.87,4.24,3.68,4.44,8.37,7.46,187.61,170.64,190.65,164.08,177.36,302957000,58916180.0,75295250.0,64500740.0,1.09,70.81,3030757101.67,154.3,-0.09,39.47,47.11,10.49,100.0,28.0,72.0,187.34,188.39,189.35,186.38,185.33,172.22,2.29,1.22,3.28,189.25,189.01,189.36,30478048.78
2024-05-16,AAPL,190.47,191.1,189.66,189.84,52845200,4.59,3.04,1.55,4.59,3.04,1.55,188.87,187.58,185.64,184.43,183.34,181.93,180.15,178.75,178.15,177.66,177.38,177.25,177.23,177.36,178.36,178.04,187.26,185.11,180.44,177.16,174.91,173.69,174.53,179.82,180.79,186.46,181.6,178.36,189.64,185.72,181.76,190.82,189.82,186.79,0.25,0.12,85.01,75.16,84.9,79.08,74.93,62.69,109.94,109.12,11.45,8.46,16.81,20.54,22.8,-5.73,-4.66,88.2,91.37,81.86,94.27,95.21,92.39,60.36,194.43,159.9,19.49,0.87,186.61,160.78,14.87,1.13,2.56,4.19,3.62,3.03,8.63,7.91,188.53,171.76,191.1,164.08,177.59,355802200,59688620.0,71158280.0,64986855.0,0.81,71.2,2991123201.67,154.32,-0.1,42.94,47.21,10.62,100.0,24.0,76.0,189.25,191.12,192.53,187.84,185.97,174.07,0.12,0.06,1.44,190.2,190.38,190.11,-39633900.0
2024-05-17,AAPL,189.51,190.81,189.18,189.87,41282900,4.77,3.38,1.39,4.77,3.38,1.39,189.37,188.35,186.58,185.42,184.34,182.92,181.07,179.57,178.9,178.33,177.99,177.8,177.72,177.77,178.59,178.16,188.63,185.76,181.81,178.4,175.59,174.11,174.62,179.79,180.78,187.33,182.81,179.32,190.49,186.95,182.99,191.35,190.94,188.14,0.28,0.16,81.77,86.43,88.16,76.28,76.63,67.7,101.53,97.76,12.15,7.54,6.49,16.37,24.87,-5.59,-4.55,87.42,88.84,84.58,94.41,94.79,93.65,57.99,195.56,161.25,19.24,0.83,187.73,160.49,15.65,1.08,2.56,3.83,3.6,3.3,8.58,8.29,188.73,173.42,191.1,164.77,177.94,397085100,57793300.0,58964160.0,63643530.0,0.65,66.08,2984791468.54,154.35,-0.1,45.04,42.96,12.52,96.0,20.0,76.0,190.2,190.74,191.64,189.3,188.76,176.11,0.03,0.02,1.63,189.95,190.0,189.93,-6331733.13
2024-05-20,AAPL,189.33,191.92,189.01,191.04,44361300,4.95,3.7,1.25,4.95,3.7,1.25,190.2,189.24,187.57,186.44,185.37,183.93,182.02,180.42,179.68,179.04,178.63,178.38,178.25,178.21,178.84,178.29,189.58,186.69,182.98,179.67,176.34,174.52,174.76,179.77,180.78,188.29,184.02,180.32,191.43,188.2,184.24,192.06,192.08,189.5,0.31,0.19,100.0,86.99,86.92,85.52,81.0,73.35,103.92,96.53,10.41,10.63,9.33,20.71,25.2,-3.86,-3.24,91.6,89.07,96.64,96.14,94.94,98.55,57.69,196.64,162.69,18.89,0.84,188.92,160.12,16.5,1.07,2.61,3.68,3.6,3.34,8.49,8.64,189.38,174.66,191.92,164.92,178.42,441446400,52256600.0,55543320.0,63455775.0,0.7,72.07,3002322566.47,154.37,-0.08,49.03,46.85,7.01,100.0,16.0,84.0,189.95,190.73,191.58,189.1,188.32,177.91,1.17,0.62,2.91,190.66,190.46,190.75,17531097.94
2024-05-21,AAPL,191.09,192.73,190.92,192.35,42309400,5.14,3.99,1.15,5.14,3.99,1.15,191.28,190.28,188.63,187.52,186.45,184.99,183.01,181.31,180.5,179.78,179.29,178.98,178.8,178.67,179.1,178.43,190.56,187.69,184.45,180.94,177.1,174.91,174.95,179.76,180.83,189.31,185.22,181.35,192.47,189.49,185.53,192.97,193.27,190.89,0.34,0.22,100.0,87.98,79.22,89.16,81.21,76.29,112.6,103.17,4.89,13.56,9.95,23.05,25.45,-1.74,-1.37,96.42,91.81,105.64,98.26,96.27,102.24,62.54,197.7,164.18,18.52,0.84,190.15,159.66,17.43,1.07,2.45,3.55,3.57,3.4,8.38,9.02,190.11,175.9,192.73,166.21,179.47,483755800,50239760.0,52043680.0,63094355.0,0.67,76.97,3026866693.55,154.39,-0.09,54.4,50.16,5.47,100.0,12.0,88.0,190.66,192.3,193.57,189.39,187.75,179.87,1.31,0.69,1.81,192.0,191.82,192.09,24544127.07
2024-05-22,AAPL,192.27,192.82,190.27,190.9,34648500,5.11,4.21,0.9,5.11,4.21,0.9,191.09,190.49,189.14,188.13,187.13,185.73,183.76,182.02,181.17,180.4,179.86,179.5,179.27,179.07,179.34,178.55,190.8,188.5,185.89,182.03,177.87,175.26,175.08,179.73,180.89,189.9,186.17,182.24,192.69,190.3,186.51,192.77,193.78,191.8,0.36,0.24,77.24,75.79,80.37,82.91,78.0,75.49,91.67,93.67,5.06,13.63,8.16,17.87,21.88,-15.48,-7.22,82.04,90.02,66.08,84.52,92.97,67.6,55.21,198.37,165.7,17.95,0.77,191.15,159.37,18.14,0.99,2.23,3.44,3.59,3.04,8.17,9.18,190.64,176.88,192.82,168.15,180.48,449107300,43089460.0,51002820.0,62414190.0,0.56,71.54,3009338628.84,154.41,-0.14,58.76,50.32,7.0,100.0,8.0,92.0,192.0,193.08,193.81,191.27,190.19,181.93,-1.45,-0.75,2.55,191.33,191.54,191.22,-17528064.71
2024-05-23,AAPL,190.98,191.0,186.63,186.88,51005900,4.72,4.31,0.4,4.72,4.31,0.4,188.98,189.28,188.64,187.9,187.09,185.87,184.05,182.38,181.54,180.76,180.2,179.82,179.57,179.33,179.49,178.64,190.21,188.74,186.81,182.88,178.26,175.58,175.17,179.67,180.92,189.6,186.63,182.82,191.45,190.25,186.87,190.68,193.07,191.83,0.37,0.27,32.47,62.97,62.13,58.41,69.95,72.43,22.5,57.06,2.46,11.88,2.31,3.5,16.99,-47.9,-24.08,27.56,68.67,-54.67,52.1,78.29,-0.29,45.12,198.3,167.46,16.86,0.63,191.76,159.4,18.43,0.85,2.57,2.75,3.65,2.79,7.71,9.31,189.56,178.55,192.82,169.11,180.96,398101400,42721600.0,51205110.0,62436570.0,0.82,60.69,2964168644.17,154.44,-0.19,57.94,27.63,18.18,96.0,4.0,92.0,191.33,192.39,193.88,189.84,188.78,183.89,-4.02,-2.11,4.37,188.17,188.82,187.85,-45169984.67
2024-05-24,AAPL,188.82,190.58,188.04,189.98,36327000,4.6,4.37,0.23,4.6,4.37,0.23,189.48,189.52,188.94,188.28,187.54,186.38,184.62,182.94,182.09,181.27,180.68,180.26,179.98,179.68,179.69,178.75,190.23,189.43,187.25,183.92,178.71,175.92,175.33,179.72,180.98,189.83,187.31,183.58,191.49,190.73,187.58,190.59,193.22,192.37,0.37,0.29,50.63,62.64,67.06,68.58,71.38,73.65,44.26,67.5,3.96,15.14,6.93,8.27,20.68,-24.7,-11.98,56.51,55.37,58.79,75.3,70.64,84.63,48.7,198.23,169.6,15.57,0.71,192.58,159.25,18.95,0.92,2.63,2.75,3.71,1.96,7.16,9.55,190.11,179.12,192.82,169.11,180.96,434428400,41730420.0,49761860.0,62011000.0,0.59,69.14,2983333281.97,154.46,-0.15,57.83,27.68,12.4,92.0,0.0,92.0,188.17,189.71,192.54,185.34,183.8,185.5,3.1,1.66,3.7,189.53,189.31,189.64,19164637.8
2024-05-28,AAPL,191.51,193.0,189.1,189.99,52280100,4.45,4.39,0.07,4.45,4.39,0.07,189.74,189.67,189.17,188.59,187.91,186.83,185.13,183.46,182.6,181.75,181.13,180.69,180.37,180.01,179.9,178.86,190.02,189.8,187.8,184.74,179.29,176.26,175.5,179.78,181.04,189.93,187.89,184.31,191.47,191.12,188.22,190.46,193.26,192.81,0.38,0.31,50.54,59.48,63.97,67.59,72.29,73.09,64.66,75.55,2.94,14.56,3.71,7.59,16.49,-26.06,-12.6,52.75,45.61,67.03,73.94,67.11,87.59,47.37,198.42,171.06,14.81,0.69,193.37,159.16,19.41,0.9,2.98,2.77,3.79,1.62,6.84,9.69,190.67,179.59,193.0,169.11,181.06,486708500,43314180.0,47785390.0,61216535.0,0.85,68.15,2954914355.81,154.48,-0.13,58.0,31.89,12.3,100.0,0.0,100.0,189.53,191.03,192.07,188.49,186.99,186.63,0.01,0.01,3.9,190.7,191.05,190.52,-28418926.15
2024-05-29,AAPL,189.61,192.25,189.51,190.29,53068000,4.31,4.37,-0.06,4.31,4.37,-0.06,190.01,189.88,189.42,188.9,188.28,187.27,185.62,183.97,183.09,182.23,181.58,181.11,180.76,180.35,180.1,178.97,189.61,190.09,188.33,185.74,179.99,176.6,175.75,179.86,181.11,190.02,188.42,185.02,191.51,191.49,188.81,190.46,193.31,193.21,0.38,0.32,46.32,52.48,69.91,67.53,69.75,72.08,58.15,70.76,3.96,14.01,2.86,7.55,19.96,-24.89,-11.34,57.46,55.57,61.23,75.11,74.79,75.77,45.56,197.8,173.67,12.99,0.69,194.13,159.06,19.86,0.89,3.14,2.85,3.6,1.39,6.03,9.71,191.32,179.92,193.0,169.11,181.06,539776500,45465900.0,47852830.0,60573195.0,0.88,67.18,2932060253.62,154.51,-0.11,57.73,30.99,11.95,96.0,0.0,96.0,190.7,192.29,194.6,188.39,186.8,187.9,0.3,0.16,2.74,190.68,190.88,190.58,-22854102.19
2024-05-30,AAPL,190.76,192.18,190.63,191.29,49889100,4.23,4.34,-0.11,4.23,4.34,-0.11,190.65,190.35,189.83,189.34,188.74,187.77,186.16,184.51,183.62,182.73,182.05,181.55,181.17,180.71,180.33,179.1,189.69,190.24,188.9,186.84,180.76,176.9,176.11,179.96,181.16,190.24,188.95,185.75,191.82,191.96,189.47,190.87,193.54,193.69,0.37,0.33,44.64,55.85,65.71,66.23,75.98,72.15,76.32,77.79,2.69,13.18,1.57,6.72,21.99,-15.73,-7.16,73.16,61.12,97.23,84.27,77.77,97.26,43.18,196.33,177.34,10.16,0.73,194.92,158.88,20.38,0.9,2.99,2.8,3.45,1.43,4.75,9.65,191.77,180.55,193.0,170.89,181.94,589665600,48514020.0,45801740.0,60548495.0,0.82,67.31,2924657354.91,154.54,-0.07,56.08,27.46,12.15,92.0,0.0,92.0,190.68,191.86,193.42,189.12,187.94,188.92,1.0,0.53,1.89,191.37,191.4,191.35,-7402898.71
2024-05-31,AAPL,191.44,192.57,189.91,192.25,75158300,4.2,4.31,-0.12,4.2,4.31,-0.12,191.45,190.98,190.37,189.87,189.28,188.33,186.74,185.08,184.18,183.26,182.55,182.01,181.61,181.09,180.56,179.23,190.76,190.48,189.41,187.8,181.6,177.17,176.49,180.03,181.24,190.6,189.46,186.49,192.34,192.51,190.17,191.54,193.92,194.26,0.37,0.34,57.19,58.93,65.29,72.84,78.5,73.58,83.9,79.93,2.57,13.16,2.41,9.2,19.22,-8.95,-3.39,88.23,72.95,118.79,91.05,83.48,106.19,46.02,195.03,180.57,7.7,0.81,195.7,158.64,20.92,0.91,3.12,2.78,3.41,1.55,3.62,9.51,192.31,181.18,193.0,180.42,186.71,664823900,53344500.0,48033050.0,59595665.0,1.26,75.25,2981732454.91,154.58,-0.08,53.89,26.57,14.09,88.0,0.0,88.0,191.37,192.1,192.92,190.55,189.82,189.51,0.96,0.5,2.66,191.58,191.24,191.74,57075100.0
2024-06-03,AAPL,192.9,194.99,192.52,194.03,50080500,4.27,4.3,-0.04,4.27,4.3,-0.04,192.74,192.0,191.18,190.62,190.01,189.04,187.44,185.75,184.81,183.86,183.11,182.54,182.1,181.51,180.83,179.38,191.57,190.9,190.14,188.33,182.57,177.62,176.91,180.12,181.33,191.25,190.06,187.29,193.26,193.28,191.01,192.75,194.63,195.03,0.37,0.35,100.0,60.73,64.13,70.73,77.4,72.19,187.84,118.88,2.27,14.61,4.16,7.75,10.65,-11.03,-6.59,88.52,83.3,98.95,88.97,88.09,90.71,48.14,195.76,180.9,7.89,0.88,196.68,158.57,21.46,0.93,3.14,2.69,3.34,1.89,3.71,9.23,192.81,182.06,194.99,180.42,187.7,714904400,56095200.0,48912810.0,53938485.0,0.93,74.58,2992883983.25,154.61,0.02,51.66,28.59,14.59,100.0,12.0,88.0,191.58,193.24,194.24,190.58,188.92,189.91,1.78,0.93,2.74,193.85,193.76,193.89,11151528.34
2024-06-04,AAPL,194.64,195.32,193.03,194.35,47471400,4.3,4.3,-0.01,4.3,4.3,-0.01,193.55,192.78,191.89,191.3,190.68,189.71,188.09,186.38,185.43,184.44,183.66,183.05,182.58,181.93,181.1,179.52,192.44,191.23,190.68,188.96,183.52,178.07,177.3,180.2,181.43,191.88,190.63,188.05,194.02,193.98,191.8,193.66,195.23,195.73,0.37,0.35,100.0,57.73,64.6,69.37,69.39,77.67,178.03,122.09,2.38,12.02,3.31,6.92,12.64,-11.16,-6.51,88.84,88.53,89.46,88.84,89.62,87.28,53.83,196.17,181.76,7.62,0.87,197.63,158.5,21.98,0.92,2.85,2.71,2.78,2.18,3.6,8.91,193.51,182.68,195.32,181.32,188.32,762375800,55133460.0,49223820.0,52383570.0,0.91,74.46,3000139437.4,154.63,0.05,49.24,26.09,14.48,100.0,8.0,92.0,193.85,195.17,196.32,192.7,191.38,189.91,0.32,0.16,2.29,194.23,194.18,194.26,7255454.15
2024-06-05,AAPL,195.4,196.9,194.87,195.87,54156800,4.39,4.32,0.07,4.39,4.32,0.07,194.71,193.81,192.77,192.13,191.48,190.48,188.83,187.09,186.1,185.08,184.26,183.61,183.1,182.39,181.39,179.69,193.56,191.58,191.24,189.64,184.49,178.57,177.69,180.3,181.53,192.72,191.29,188.85,195.03,194.83,192.7,194.89,196.06,196.57,0.37,0.35,100.0,69.1,67.71,67.99,75.16,80.27,200.33,154.52,3.16,14.99,3.52,6.15,13.47,-10.03,-6.61,89.97,89.11,91.7,89.97,89.26,91.4,50.59,196.77,182.5,7.53,0.94,198.65,158.48,22.5,0.93,2.68,2.66,2.73,2.62,3.57,8.61,194.15,183.52,196.9,181.45,189.18,816532600,55351220.0,50408560.0,51226120.0,1.06,73.93,2999339090.6,154.67,0.08,46.48,24.53,14.77,100.0,4.0,96.0,194.23,195.44,196.52,193.15,191.94,190.99,1.52,0.78,2.55,195.88,195.88,195.88,-800346.8
2024-06-06,AAPL,195.69,196.5,194.17,194.48,41181800,4.31,4.32,-0.01,4.31,4.32,-0.01,194.59,194.03,193.15,192.56,191.94,190.98,189.37,187.63,186.64,185.6,184.75,184.08,183.54,182.79,181.65,179.83,194.2,191.94,191.56,190.22,185.33,179.06,178.04,180.39,181.63,193.25,191.75,189.49,195.28,195.28,193.32,195.02,196.32,197.02,0.37,0.36,80.06,86.61,60.02,62.64,70.94,75.81,126.07,130.19,1.8,14.87,3.58,4.64,11.74,-23.56,-15.66,72.69,83.83,50.4,76.44,85.08,59.15,51.13,196.89,183.56,7.01,0.82,199.47,158.65,22.8,0.88,2.46,2.72,2.67,2.76,3.33,8.28,194.81,183.93,196.9,182.11,189.5,775350800,53609760.0,51061890.0,51032355.0,0.81,67.31,2969115537.81,154.69,0.03,43.15,22.77,16.26,96.0,0.0,96.0,195.88,196.89,197.91,194.86,193.85,192.17,-1.39,-0.71,2.33,195.05,195.33,194.91,-30223552.79
2024-06-07,AAPL,194.65,196.94,194.14,196.89,53103900,4.38,4.33,0.05,4.38,4.33,0.05,195.74,194.99,193.98,193.35,192.7,191.72,190.09,188.32,187.3,186.23,185.35,184.64,184.07,183.25,181.95,180.0,195.12,192.94,192.03,190.84,186.23,179.53,178.47,180.52,181.73,194.15,192.38,190.24,196.22,196.08,194.17,196.13,197.1,197.8,0.36,0.36,83.41,85.66,62.43,66.92,72.89,70.1,126.51,145.29,2.36,13.79,10.01,7.02,12.32,-0.48,-0.34,99.36,87.34,123.41,99.52,88.64,121.26,58.74,197.58,184.1,7.07,0.95,200.49,158.58,23.34,0.91,2.47,2.8,2.72,2.53,3.37,8.01,195.69,184.48,196.94,182.13,189.54,828454700,49198880.0,51271690.0,51238400.0,1.04,73.9,3020322869.96,154.72,0.03,40.87,23.22,14.55,100.0,0.0,100.0,195.05,195.93,197.38,193.6,192.72,193.12,2.41,1.24,2.8,195.99,195.54,196.21,51207332.14
2024-06-10,AAPL,196.9,197.3,192.15,193.12,97010200,4.09,4.28,-0.19,4.09,4.28,-0.19,194.43,194.36,193.79,193.3,192.77,191.89,190.38,188.68,187.68,186.61,185.73,185.01,184.42,183.57,182.17,180.13,194.94,193.26,192.25,191.34,187.03,179.97,178.81,180.62,181.79,194.18,192.6,190.68,195.62,196.06,194.45,195.09,196.7,197.77,0.36,0.36,53.89,61.64,55.39,54.46,63.01,65.98,55.88,86.24,1.16,5.31,3.14,2.08,10.07,-39.18,-27.55,46.34,72.8,-6.57,60.82,78.93,24.62,51.42,197.06,185.62,5.98,0.66,201.13,158.8,23.52,0.81,2.93,2.96,2.85,2.3,2.86,7.43,196.3,184.45,197.3,184.62,190.96,731444500,58584820.0,57340010.0,53550935.0,1.81,62.55,2959856318.11,154.78,-0.01,35.72,19.29,18.56,100.0,4.0,96.0,195.99,197.84,198.79,195.04,193.19,197.3,-3.77,-1.91,5.15,194.19,194.73,193.92,-60466551.84
2024-06-11,AAPL,193.65,207.16,193.63,207.15,172373300,4.94,4.41,0.52,4.94,4.41,0.52,200.79,198.63,196.76,195.82,194.98,193.8,191.97,190.04,188.94,187.75,186.77,185.97,185.31,184.35,182.67,180.4,197.5,194.97,193.32,192.39,188.15,180.71,179.38,180.81,181.94,196.7,194.11,191.98,199.78,198.56,196.44,200.68,199.96,200.24,0.36,0.36,77.99,81.02,83.13,70.52,76.57,75.23,228.45,264.76,10.85,14.0,17.16,14.8,20.87,-0.05,-0.04,99.94,81.88,136.06,99.95,86.76,126.33,66.29,201.07,183.71,9.02,1.35,203.03,158.39,24.7,1.09,4.56,3.84,3.37,4.72,4.34,7.85,199.65,184.3,207.16,186.29,196.72,903817800,83565200.0,69349330.0,58567360.0,2.94,68.49,3131974816.49,154.9,0.12,32.68,31.74,14.34,100.0,0.0,100.0,194.19,196.23,199.34,191.08,189.04,192.15,14.03,7.26,14.04,202.65,200.4,203.77,172118498.37
2024-06-12,AAPL,207.37,220.2,206.9,213.07,198134300,6.01,4.73,1.28,6.01,4.73,1.28,206.93,203.44,200.38,198.96,197.76,196.21,193.98,191.75,190.49,189.16,188.05,187.15,186.4,185.29,183.27,180.73,200.94,197.25,194.7,193.67,189.58,181.59,180.04,181.02,182.11,200.0,196.08,193.59,204.76,201.76,198.97,207.01,204.1,203.43,0.38,0.36,82.23,83.93,84.56,77.35,77.88,77.76,299.73,358.09,12.15,16.81,22.78,22.17,25.64,-21.24,-21.03,76.46,74.25,80.89,78.76,79.85,76.59,61.33,206.05,181.29,12.79,1.28,205.44,157.74,26.27,1.16,6.07,4.6,3.81,7.11,6.19,8.37,203.19,184.78,220.2,186.63,203.42,1101952100,112360700.0,83855960.0,65854395.0,3.01,77.22,3117673393.33,155.06,0.09,31.71,46.68,10.94,100.0,0.0,100.0,202.65,211.66,216.18,198.13,189.12,192.15,5.92,2.86,13.3,213.39,213.55,213.31,-14301423.16
2024-06-13,AAPL,214.74,216.75,211.6,214.24,97862700,6.88,5.16,1.72,6.88,5.16,1.72,210.59,207.04,203.46,201.74,200.3,198.46,195.91,193.42,192.02,190.55,189.33,188.32,187.49,186.24,183.88,181.06,204.89,199.54,196.26,194.89,191.07,182.49,180.67,181.23,182.28,203.08,198.03,195.18,208.76,204.7,201.39,211.6,207.72,206.39,0.41,0.37,82.01,84.03,85.07,86.31,77.89,77.49,203.32,267.03,12.76,17.24,22.95,27.36,24.52,-18.53,-17.75,78.75,85.05,66.15,81.47,86.73,70.95,61.2,210.15,179.64,15.66,1.13,207.8,157.17,27.75,1.13,6.47,4.66,3.96,8.53,7.63,8.63,205.23,186.59,220.2,186.63,203.42,1199814800,123696880.0,88653320.0,67227530.0,1.46,82.87,3120143713.91,155.15,0.07,35.93,46.12,5.23,96.0,0.0,96.0,213.39,219.88,226.69,206.58,200.09,193.27,1.17,0.55,5.15,214.2,214.18,214.21,2470320.58
2024-06-14,AAPL,213.85,215.17,211.3,212.49,70122700,7.34,5.6,1.75,7.34,5.6,1.75,211.54,208.86,205.47,203.69,202.17,200.22,197.49,194.83,193.34,191.77,190.46,189.38,188.47,187.1,184.45,181.37,208.01,201.57,197.97,196.03,192.39,183.36,181.24,181.4,182.42,205.44,199.71,196.56,211.04,206.87,203.34,213.62,210.14,208.61,0.44,0.39,81.0,78.59,80.82,80.98,73.95,77.16,137.08,190.86,11.67,15.13,20.24,22.51,22.65,-24.79,-22.97,72.51,75.91,65.72,75.21,78.48,68.67,58.88,212.97,179.08,17.29,0.99,209.74,156.98,28.78,1.05,6.66,4.67,3.99,9.0,8.47,8.79,206.84,188.15,220.2,186.63,203.42,1129692100,127100640.0,88149760.0,68091405.0,1.03,76.81,3093145568.43,155.2,0.07,38.78,46.0,5.67,92.0,0.0,92.0,214.2,216.79,219.35,211.64,209.05,194.35,-1.75,-0.82,3.87,212.99,213.24,212.86,-26998145.48
2024-06-17,AAPL,213.37,218.95,212.72,216.67,93728300,7.96,6.07,1.89,7.96,6.07,1.89,214.1,211.46,207.96,206.05,204.4,202.27,199.32,196.45,194.85,193.15,191.74,190.56,189.58,188.07,185.09,181.73,212.72,203.83,199.75,197.37,193.5,184.3,181.99,181.62,182.57,208.18,201.68,198.13,213.99,209.45,205.61,216.6,213.1,211.25,0.47,0.4,82.09,80.88,82.37,82.94,76.0,77.55,127.17,172.01,13.27,18.37,22.64,26.68,26.8,-11.5,-10.52,87.42,79.56,103.13,88.5,81.72,102.04,61.4,216.38,178.36,19.26,1.01,212.0,156.6,30.06,1.08,7.25,4.85,4.23,9.71,9.51,9.67,209.03,189.61,220.2,186.63,203.42,1223420400,126444260.0,92514540.0,70713675.0,1.33,77.83,3118270168.92,155.28,0.09,41.25,46.27,5.46,88.0,0.0,88.0,212.99,214.67,216.86,210.8,209.12,195.38,4.18,1.97,6.46,216.11,215.83,216.25,25124600.48
2024-06-18,AAPL,217.59,218.63,213.0,214.29,79943300,8.16,6.49,1.67,8.16,6.49,1.67,214.2,212.4,209.37,207.55,205.92,203.77,200.74,197.77,196.1,194.33,192.84,191.59,190.55,188.93,185.66,182.05,214.15,205.83,201.37,198.53,194.58,185.22,182.69,181.82,182.7,210.09,203.29,199.47,215.27,211.2,207.34,217.22,214.8,213.07,0.5,0.42,85.97,74.89,77.13,78.18,72.64,73.82,98.96,133.89,11.46,15.04,19.94,24.0,23.25,-19.51,-17.61,78.93,79.62,77.55,80.49,81.4,78.67,57.15,218.72,178.34,20.34,0.89,213.8,156.63,30.86,1.01,7.66,5.06,4.42,9.59,10.09,10.12,210.87,190.62,220.2,186.63,203.42,1143477100,107958260.0,95761730.0,72492775.0,1.1,75.55,3074961631.62,155.35,0.05,43.72,44.38,5.24,84.0,0.0,84.0,216.11,219.51,222.34,213.28,209.88,196.38,-2.38,-1.1,5.63,215.31,215.82,215.05,-43308537.3
2024-06-20,AAPL,213.93,214.24,208.85,209.68,86172500,7.85,6.76,1.09,7.85,6.76,1.09,211.94,211.5,209.44,207.94,206.5,204.51,201.6,198.65,196.98,195.18,193.66,192.38,191.3,189.61,186.14,182.32,213.47,207.21,202.66,199.4,195.49,186.02,183.34,182.0,182.8,210.79,204.35,200.44,214.57,211.83,208.31,215.28,214.88,213.76,0.52,0.44,56.32,68.9,68.01,69.91,66.24,67.0,56.35,85.58,8.07,11.87,13.81,18.39,17.33,-34.73,-31.34,62.5,76.28,34.93,65.27,78.09,39.64,55.56,219.95,178.84,20.62,0.75,215.06,156.97,31.23,0.91,7.7,5.31,4.54,8.97,10.28,10.21,212.23,190.97,220.2,186.63,203.42,1057304600,85565900.0,98963300.0,74685930.0,1.15,69.12,3015328343.12,155.42,-0.01,45.24,42.27,10.56,80.0,0.0,80.0,215.31,217.61,220.94,211.98,209.68,197.33,-4.61,-2.15,5.44,210.92,211.54,210.61,-59633288.5
2024-06-21,AAPL,210.39,211.89,207.11,207.49,241805100,7.35,6.88,0.47,7.35,6.88,0.47,209.71,210.16,209.0,207.86,206.65,204.88,202.16,199.31,197.66,195.86,194.34,193.04,191.93,190.19,186.56,182.57,212.12,208.51,203.74,200.22,196.32,186.81,183.97,182.15,182.89,210.84,205.12,201.21,213.22,211.92,208.89,212.76,214.26,213.9,0.53,0.46,32.86,63.25,64.5,66.07,62.99,64.52,33.38,61.85,6.76,9.37,13.01,15.24,16.59,-45.31,-37.86,54.69,65.37,33.32,54.69,66.82,30.43,43.4,220.68,179.77,20.43,0.68,215.99,157.63,31.24,0.85,6.38,5.47,4.68,7.79,10.23,10.15,213.09,191.22,220.2,186.63,203.42,815499500,114354380.0,119025630.0,85043760.0,2.84,55.36,2811969242.28,155.61,-0.12,47.05,41.09,11.6,76.0,24.0,52.0,210.92,213.0,216.31,207.61,205.53,198.24,-2.19,-1.04,4.78,208.83,209.5,208.5,-203359100.84
2024-06-24,AAPL,207.72,212.7,206.59,208.14,80727000,6.92,6.89,0.04,6.92,6.89,0.04,208.93,209.49,208.81,207.91,206.88,205.29,202.73,199.96,198.33,196.55,195.01,193.69,192.57,190.78,186.99,182.83,211.25,209.63,204.8,201.29,197.1,187.47,184.55,182.35,183.02,210.77,205.88,201.98,212.34,212.08,209.48,211.2,213.82,214.07,0.53,0.47,30.65,70.36,63.8,65.24,65.0,64.88,29.34,56.89,6.26,9.64,11.25,14.11,21.26,-42.99,-35.92,54.61,57.26,49.3,57.01,58.99,53.04,39.42,221.02,181.56,19.6,0.67,217.06,157.89,31.57,0.85,5.35,5.71,4.85,6.65,9.86,10.12,214.14,191.31,220.2,188.04,204.12,896226500,116475240.0,121787940.0,86529815.0,0.93,56.46,2772200294.65,155.67,-0.11,48.6,37.35,11.11,72.0,20.0,52.0,208.83,210.55,213.61,205.77,204.05,199.12,0.65,0.31,6.11,209.14,209.64,208.89,-39768947.63
2024-06-25,AAPL,209.15,211.38,208.61,209.07,55549700,6.58,6.83,-0.24,6.58,6.83,-0.24,209.0,209.35,208.87,208.12,207.22,205.76,203.33,200.63,199.03,197.24,195.69,194.36,193.22,191.38,187.43,183.09,209.73,211.23,205.8,202.24,197.97,188.12,185.18,182.6,183.18,210.67,206.62,202.75,211.92,212.34,210.1,210.47,213.6,214.33,0.53,0.48,38.55,54.04,66.58,65.69,70.41,64.74,27.56,54.53,7.5,10.11,15.95,14.72,19.09,-39.68,-34.61,18.22,42.51,-30.35,60.32,57.34,66.29,37.25,221.51,182.98,19.05,0.68,218.16,158.09,31.93,0.85,5.08,5.77,4.8,3.34,9.63,9.99,214.88,191.78,220.2,189.1,204.65,951776200,108839520.0,117641890.0,87490950.0,0.63,56.81,2735100314.51,155.71,-0.14,50.39,36.5,10.98,68.0,16.0,52.0,209.14,211.7,215.25,205.59,203.03,199.97,0.93,0.45,3.24,209.69,210.0,209.53,-37099980.14
2024-06-26,AAPL,211.5,214.86,210.64,213.25,66213200,6.58,6.78,-0.2,6.58,6.78,-0.2,211.12,210.65,209.84,209.05,208.15,206.7,204.28,201.57,199.94,198.13,196.55,195.18,194.0,192.1,187.94,183.39,209.53,211.84,207.06,203.41,198.87,188.94,185.9,182.86,183.35,211.03,207.66,203.74,212.92,213.28,211.16,211.79,214.42,215.25,0.52,0.49,38.55,50.41,67.88,67.53,70.98,66.32,52.69,70.92,8.31,11.63,6.1,17.38,23.26,-24.78,-22.35,53.88,42.24,77.17,75.22,64.18,97.3,41.41,222.36,184.45,18.64,0.76,219.46,158.42,32.31,0.9,5.35,6.01,4.9,3.05,9.48,10.11,216.29,192.26,220.2,189.51,204.86,1017989400,106093500.0,107025880.0,88187605.0,0.75,57.32,2750790646.26,155.76,-0.12,52.61,37.35,10.56,64.0,12.0,52.0,209.69,210.76,212.46,207.99,206.92,200.77,4.18,2.0,5.79,212.92,212.75,213.0,15690331.75
2024-06-27,AAPL,214.69,215.74,212.35,214.1,49772700,6.57,6.73,-0.17,6.57,6.73,-0.17,212.61,211.8,210.79,209.97,209.06,207.62,205.21,202.5,200.86,199.02,197.41,196.01,194.79,192.82,188.46,183.7,210.41,211.94,208.28,204.6,199.76,189.83,186.65,183.15,183.52,211.45,208.68,204.72,213.89,214.21,212.21,213.0,215.23,216.16,0.52,0.5,49.29,49.68,74.49,70.01,71.42,68.29,61.98,72.58,10.86,11.31,1.03,19.62,23.81,-21.75,-19.88,60.76,44.29,93.7,78.25,71.27,92.23,39.57,223.07,186.12,18.06,0.76,220.63,159.03,32.45,0.89,4.91,6.08,4.87,3.12,9.24,10.24,217.38,193.05,220.2,189.91,205.06,1067762100,98813540.0,92189720.0,88022840.0,0.57,60.35,2752405689.63,155.8,-0.1,55.68,37.92,9.61,60.0,8.0,52.0,212.92,215.19,217.14,210.97,208.7,201.55,0.85,0.4,3.39,214.06,214.04,214.07,1615043.36
2024-06-28,AAPL,215.77,216.07,210.3,210.62,82542700,6.2,6.63,-0.42,6.2,6.63,-0.42,211.62,211.41,210.75,210.09,209.3,208.0,205.73,203.1,201.49,199.66,198.05,196.64,195.41,193.4,188.9,183.96,211.04,211.58,209.35,205.56,200.46,190.68,187.33,183.38,183.7,211.21,209.26,205.42,213.39,214.33,212.69,212.16,214.9,216.25,0.51,0.5,53.83,46.01,55.37,63.71,67.09,68.88,30.93,54.25,1.68,10.33,-3.62,13.73,19.33,-34.15,-31.63,32.61,49.08,-0.35,65.85,73.11,51.33,36.35,223.1,188.02,17.07,0.64,221.38,159.99,32.19,0.82,4.93,6.29,5.02,3.03,8.77,10.25,218.31,193.14,220.2,189.91,205.06,985219400,66961060.0,90657720.0,89655520.0,0.92,55.59,2679018505.74,155.87,-0.14,57.71,36.14,11.61,56.0,4.0,52.0,214.06,215.78,217.45,212.39,210.67,202.3,-3.48,-1.63,5.77,212.33,213.18,211.9,-73387183.88
2024-07-01,AAPL,212.09,217.51,211.92,216.75,60402900,6.34,6.57,-0.23,6.34,6.57,-0.23,214.18,213.19,212.08,211.3,210.45,209.09,206.78,204.11,202.47,200.61,198.96,197.52,196.25,194.17,189.45,184.29,212.76,212.01,210.68,206.79,201.35,191.68,188.13,183.65,183.91,212.15,210.32,206.47,214.99,215.51,213.88,214.31,216.14,217.39,0.5,0.5,78.55,50.16,55.66,72.53,69.71,70.31,84.61,74.74,1.73,15.98,4.26,23.63,24.5,-12.98,-11.39,84.39,59.25,134.66,87.02,77.04,106.97,45.73,223.83,189.75,16.48,0.79,222.46,160.89,32.12,0.91,5.14,6.42,5.26,3.44,8.52,10.46,219.61,193.94,220.2,192.15,206.18,1045622300,62896240.0,89685740.0,88917750.0,0.68,60.95,2722997003.6,155.92,-0.15,61.88,37.05,9.17,52.0,0.0,52.0,212.33,214.36,218.1,208.59,206.56,203.01,6.13,2.91,6.89,215.39,214.71,215.73,43978497.85
2024-07-02,AAPL,216.15,220.38,215.1,220.27,58046200,6.65,6.59,0.07,6.65,6.59,0.07,217.23,215.55,213.9,212.93,211.96,210.49,208.06,205.31,203.62,201.7,200.0,198.5,197.19,195.03,190.06,184.65,215.0,212.37,212.49,208.1,202.37,192.78,188.98,183.96,184.13,213.65,211.61,207.69,217.29,217.13,215.36,217.27,218.0,218.97,0.5,0.5,81.77,61.27,58.65,65.64,70.86,71.81,168.27,99.11,2.81,15.94,3.6,13.12,26.24,-0.8,-0.39,99.2,72.06,153.48,99.2,84.02,129.56,51.56,225.05,191.15,16.29,0.86,223.63,161.93,32.0,0.95,5.21,5.79,5.38,4.11,8.47,10.78,219.65,196.48,220.38,192.15,206.26,1103668500,63395540.0,86117530.0,89316035.0,0.65,57.86,2778624611.93,155.97,-0.12,62.92,32.43,10.16,100.0,0.0,100.0,215.39,218.87,220.98,213.28,209.8,203.7,3.52,1.62,5.28,218.58,217.74,219.0,55627608.33
2024-07-03,AAPL,220.0,221.55,219.03,221.55,37369800,6.92,6.65,0.27,6.92,6.65,0.27,219.39,217.55,215.6,214.5,213.43,211.87,209.35,206.51,204.78,202.81,201.05,199.51,198.15,195.89,190.68,185.02,216.66,213.09,213.45,209.46,203.38,193.9,189.86,184.29,184.36,215.32,212.89,208.93,219.34,218.71,216.84,219.73,219.77,220.52,0.5,0.5,82.1,75.57,63.18,61.37,70.64,72.2,175.33,117.3,4.26,16.61,7.26,8.48,27.2,-0.0,-0.0,100.0,94.53,110.94,100.0,95.41,109.19,57.38,226.12,192.8,15.91,0.86,224.8,163.0,31.87,0.95,4.7,5.02,5.37,5.03,8.33,11.11,219.39,199.3,221.55,192.15,206.85,1141038300,57626860.0,81860180.0,88810955.0,0.42,52.05,2815994411.93,156.01,-0.1,60.44,20.52,11.72,100.0,0.0,100.0,218.58,222.07,223.86,216.79,213.3,204.7,1.28,0.58,2.52,220.71,220.29,220.92,37369800.0
2024-07-05,AAPL,221.65,226.45,221.65,226.34,60412400,7.44,6.81,0.63,7.44,6.81,0.63,222.86,220.48,217.99,216.65,215.42,213.68,210.96,207.98,206.17,204.11,202.29,200.67,199.25,196.89,191.39,185.43,219.11,214.76,214.33,210.98,204.52,195.08,190.81,184.67,184.61,217.73,214.5,210.41,222.38,220.9,218.76,223.41,222.38,222.69,0.51,0.5,82.64,86.52,63.82,64.78,72.49,73.62,198.61,153.71,4.46,18.94,16.66,12.1,30.47,-0.55,-0.32,99.45,99.55,99.24,99.45,99.55,99.24,63.38,227.98,193.98,16.12,0.95,226.32,163.85,32.02,1.0,4.93,5.0,5.49,6.35,8.5,11.66,220.97,200.95,226.45,192.15,209.3,1201450700,59754800.0,79284170.0,89123735.0,0.68,50.57,2873637910.26,156.07,-0.07,57.62,27.59,11.76,100.0,0.0,100.0,220.71,222.39,223.23,219.87,218.19,206.05,4.79,2.16,4.9,224.81,224.05,225.2,57643498.33
2024-07-08,AAPL,227.09,227.85,223.25,227.82,59085900,7.88,7.03,0.85,7.88,7.03,0.85,225.34,222.93,220.17,218.68,217.33,215.45,212.57,209.45,207.57,205.43,203.53,201.85,200.37,197.91,192.11,185.85,222.55,216.79,215.24,212.65,205.75,196.26,191.81,185.07,184.85,220.1,216.1,211.91,225.03,223.01,220.65,226.38,224.81,224.79,0.52,0.5,83.17,86.94,69.84,68.86,72.47,73.81,171.76,166.23,6.31,19.1,20.33,15.33,33.34,-0.14,-0.08,99.84,99.76,100.01,99.86,99.77,100.04,66.84,229.37,195.93,15.73,0.95,227.91,164.61,32.25,1.0,4.76,5.06,5.59,6.99,8.36,12.11,222.68,202.46,227.85,192.15,210.0,1260536600,55063440.0,61012250.0,90018940.0,0.66,56.52,2931953124.61,156.12,-0.02,55.23,29.28,11.21,100.0,4.0,96.0,224.81,227.98,229.61,223.18,220.01,208.09,1.48,0.65,4.6,226.31,225.55,226.68,58315214.35
2024-07-09,AAPL,227.93,229.4,226.37,228.68,48076100,8.2,7.26,0.94,8.2,7.26,0.94,227.01,224.84,222.06,220.5,219.07,217.1,214.1,210.87,208.93,206.72,204.76,203.02,201.48,198.92,192.83,186.27,224.93,218.85,216.31,214.24,207.14,197.44,192.7,185.51,185.12,222.26,217.63,213.39,227.18,224.94,222.44,228.56,226.92,226.72,0.53,0.51,100.0,86.9,81.31,66.09,74.23,73.48,148.65,176.57,9.06,18.95,20.54,12.01,31.79,-3.16,-1.93,96.23,98.51,91.68,96.84,98.72,93.1,68.48,230.7,197.78,15.36,0.94,229.46,165.42,32.43,0.99,4.71,4.81,5.63,7.18,8.23,12.27,223.73,204.48,229.4,192.15,210.78,1308612700,52598080.0,57747160.0,89767550.0,0.54,54.76,2957181177.09,156.17,-0.04,52.45,27.46,11.79,100.0,0.0,100.0,226.31,229.36,230.91,224.76,221.71,210.46,0.86,0.38,3.03,228.15,227.88,228.28,25228052.48
2024-07-10,AAPL,229.3,233.08,229.25,232.98,62627700,8.7,7.55,1.15,8.7,7.55,1.15,230.0,227.56,224.49,222.77,221.21,219.09,215.9,212.51,210.48,208.18,206.14,204.32,202.72,200.03,193.63,186.74,227.47,221.24,217.4,216.23,208.57,198.71,193.64,186.0,185.41,224.83,219.41,215.06,230.09,227.33,224.57,231.75,229.66,229.11,0.54,0.52,100.0,86.96,89.28,73.81,74.91,74.84,146.01,192.01,12.28,20.07,23.91,18.69,39.86,-0.38,-0.24,99.56,98.55,101.59,99.62,98.77,101.32,79.47,231.53,200.93,14.15,1.05,231.22,166.2,32.72,1.03,4.52,4.72,5.7,7.54,7.65,12.7,225.35,206.45,233.08,193.63,213.36,1371240400,53514380.0,58454960.0,88048425.0,0.71,61.84,3016538501.11,156.24,0.03,50.19,33.53,12.0,100.0,20.0,80.0,228.15,229.93,231.18,226.9,225.12,213.11,4.3,1.88,4.4,231.77,231.17,232.07,59357324.02
2024-07-11,AAPL,231.39,232.39,225.77,227.57,64710600,8.57,7.75,0.81,8.57,7.75,0.81,228.78,227.56,225.17,223.64,222.19,220.15,217.01,213.63,211.58,209.26,207.18,205.33,203.69,200.94,194.3,187.15,228.68,222.67,218.29,217.25,209.83,199.79,194.56,186.44,185.67,225.98,220.49,216.28,230.35,228.36,225.8,231.2,230.39,230.16,0.56,0.52,70.14,71.55,76.11,72.33,73.25,69.41,95.69,129.67,9.34,17.09,14.32,17.89,20.42,-20.8,-13.97,75.81,90.53,46.37,79.2,91.89,53.82,70.91,232.73,201.78,14.25,0.83,232.48,167.1,32.72,0.92,4.56,4.85,5.8,7.2,7.74,12.66,226.71,207.31,233.08,206.59,219.84,1306529800,58982540.0,58304700.0,82665290.0,0.78,62.78,2987017955.49,156.31,-0.09,49.52,32.66,10.71,96.0,16.0,80.0,231.77,234.29,235.6,230.46,227.94,216.31,-5.41,-2.32,7.21,228.58,229.08,228.32,-29520545.62
2024-07-12,AAPL,228.92,232.64,228.68,230.54,53046500,8.6,7.92,0.68,8.6,7.92,0.68,229.66,228.55,226.37,224.9,223.48,221.45,218.3,214.88,212.8,210.44,208.32,206.43,204.74,201.91,195.02,187.58,229.52,224.31,219.68,218.13,211.17,201.0,195.58,186.92,185.95,227.42,221.76,217.62,231.41,229.73,227.25,231.95,231.65,231.54,0.56,0.53,72.69,82.4,77.35,78.23,68.55,71.66,98.23,128.78,10.27,17.7,16.44,23.05,17.47,-9.59,-9.59,88.0,87.79,88.41,90.41,89.74,91.75,68.18,234.55,201.7,15.06,0.88,233.69,168.3,32.53,0.95,4.53,4.87,5.37,6.9,8.21,12.65,228.04,208.56,233.08,206.59,219.84,1359576300,57509360.0,58632080.0,75410900.0,0.7,82.46,2983803016.09,156.36,-0.09,49.84,32.89,8.11,92.0,12.0,80.0,228.58,231.38,235.2,224.76,221.96,218.99,2.97,1.31,5.07,230.62,230.66,230.6,-3214939.39
2024-07-15,AAPL,236.48,237.23,233.09,234.4,62631300,8.83,8.1,0.73,8.83,8.1,0.73,232.03,230.5,228.15,226.62,225.16,223.07,219.83,216.33,214.2,211.77,209.59,207.65,205.91,202.97,195.8,188.04,230.83,226.69,221.47,219.14,212.6,202.3,196.68,187.45,186.26,229.25,223.31,219.12,233.37,231.57,229.01,233.99,233.57,233.38,0.57,0.54,71.35,81.0,77.16,79.81,67.49,72.15,118.19,144.29,9.92,20.53,23.78,26.26,20.16,-9.89,-9.24,87.21,83.67,94.29,90.11,86.57,97.19,66.24,236.97,201.3,16.28,0.93,235.02,169.57,32.35,0.99,5.13,4.91,5.06,5.64,8.92,12.76,229.66,210.01,237.23,206.59,221.91,1422207600,58218440.0,56640940.0,73649330.0,0.85,82.25,2960807949.43,156.43,-0.11,50.63,38.11,8.04,100.0,8.0,92.0,230.62,232.56,234.58,228.6,226.66,221.25,3.86,1.67,6.69,234.91,235.16,234.78,-22995066.67
2024-07-16,AAPL,235.0,236.27,232.33,234.82,43234300,8.95,8.27,0.68,8.95,8.27,0.68,233.43,231.94,229.63,228.11,226.64,224.53,221.26,217.7,215.53,213.05,210.82,208.83,207.04,204.02,196.57,188.51,232.06,228.5,223.25,220.25,214.02,203.53,197.81,187.97,186.58,230.73,224.8,220.55,234.85,233.17,230.63,235.36,235.14,234.98,0.58,0.55,69.64,78.68,76.91,79.58,67.09,75.63,101.41,121.07,9.68,19.26,18.07,25.75,22.33,-8.95,-7.87,86.76,87.32,85.63,91.05,90.52,92.1,64.03,239.1,201.4,17.12,0.89,236.42,170.65,32.31,0.98,4.99,4.96,5.0,4.96,9.42,12.79,231.19,211.34,237.23,206.59,221.91,1465441900,57250080.0,54924080.0,72304910.0,0.6,76.48,2972220048.92,156.48,-0.08,51.17,37.72,9.05,96.0,4.0,92.0,234.91,236.72,239.05,232.58,230.77,224.12,0.42,0.18,3.94,234.47,234.3,234.56,11412099.49
2024-07-17,AAPL,229.45,231.46,226.64,228.88,57345900,8.46,8.31,0.15,8.46,8.31,0.15,231.15,230.92,229.47,228.25,226.99,225.08,221.99,218.52,216.39,213.93,211.7,209.7,207.9,204.83,197.21,188.91,231.24,229.36,224.57,220.86,215.19,204.44,198.88,188.42,186.87,230.8,225.62,221.51,233.88,233.41,231.33,233.39,234.76,235.24,0.58,0.56,50.44,62.2,72.29,67.26,62.72,64.83,42.61,67.08,8.67,18.52,8.61,15.63,12.21,-31.01,-27.25,46.41,73.46,-7.7,68.99,83.39,40.21,55.54,240.01,201.71,17.34,0.71,237.57,171.32,32.4,0.87,5.5,5.13,5.21,4.03,9.57,12.49,232.25,211.72,237.23,206.59,221.91,1408096000,56193720.0,54854050.0,70485790.0,0.81,69.04,2968174902.45,156.54,-0.11,49.39,31.63,16.67,92.0,0.0,92.0,234.47,236.62,238.41,232.68,230.53,226.48,-5.94,-2.53,8.18,228.99,229.05,228.96,-4045146.47
2024-07-18,AAPL,230.28,230.44,222.27,224.18,66034600,7.61,8.17,-0.56,7.61,8.17,-0.56,227.67,228.67,228.29,227.51,226.56,224.97,222.2,218.94,216.89,214.5,212.31,210.33,208.54,205.47,197.74,189.26,230.56,229.62,225.3,221.36,216.18,205.29,199.85,188.83,187.14,229.86,225.94,222.09,231.51,232.72,231.33,229.77,233.13,234.53,0.57,0.56,31.12,46.39,59.4,60.26,55.78,57.71,-2.17,35.37,3.43,8.22,2.63,10.08,9.89,-48.46,-42.59,12.77,48.64,-58.99,51.54,70.53,13.57,50.32,240.3,202.41,17.12,0.57,238.21,172.37,32.07,0.79,6.24,5.47,5.29,3.52,9.47,11.95,233.15,211.25,237.23,206.59,221.91,1342061400,56458520.0,57720530.0,69790355.0,0.95,61.65,2933015721.3,156.6,-0.1,46.16,28.51,21.33,88.0,0.0,88.0,228.99,231.35,233.81,226.53,224.17,237.23,-4.7,-2.05,8.17,225.63,226.36,225.27,-35159181.15
2024-07-19,AAPL,224.82,226.8,223.28,224.31,49151500,6.87,7.91,-1.04,6.87,7.91,-1.04,225.99,227.22,227.41,226.93,226.21,224.88,222.4,219.34,217.37,215.05,212.9,210.94,209.15,206.08,198.27,189.61,229.32,229.42,225.98,222.09,217.13,206.13,200.81,189.26,187.39,228.89,226.22,222.62,229.72,232.11,231.33,227.32,231.73,233.87,0.56,0.56,40.95,43.86,55.59,64.95,57.99,57.09,-28.92,24.02,1.83,5.28,-2.03,13.69,14.63,-51.05,-42.17,13.64,24.27,-7.63,48.95,56.5,33.87,47.08,240.25,203.93,16.35,0.56,238.81,173.46,31.7,0.78,6.11,5.31,5.19,3.78,9.08,11.4,233.03,211.77,237.23,206.59,221.91,1391212900,55679520.0,56594440.0,67939305.0,0.72,63.91,2912629019.59,156.65,-0.08,43.98,29.37,19.22,84.0,28.0,56.0,225.63,228.99,233.8,220.82,217.46,236.93,0.13,0.06,3.52,224.8,225.04,224.68,-20386701.7
2024-07-22,AAPL,227.01,227.78,223.09,223.96,48201800,6.18,7.56,-1.38,6.18,7.56,-1.38,224.97,226.13,226.64,226.39,225.86,224.77,222.55,219.68,217.8,215.54,213.44,211.5,209.74,206.67,198.78,189.95,227.23,229.03,226.87,222.91,218.11,206.96,201.72,189.68,187.65,227.9,226.4,223.06,228.23,231.46,231.25,225.49,230.41,233.16,0.53,0.55,28.64,41.6,53.42,59.01,62.22,58.24,-43.92,20.06,1.09,4.54,-3.86,7.21,16.47,-59.96,-43.31,11.3,12.57,8.76,40.04,46.84,26.42,45.59,239.73,206.1,15.09,0.53,239.3,174.61,31.26,0.76,5.75,5.16,5.15,4.14,8.41,10.62,232.86,212.23,237.23,206.59,221.91,1343011100,52793620.0,55506030.0,58259140.0,0.83,63.46,2882310190.17,156.69,0.06,41.09,29.63,19.81,80.0,24.0,56.0,224.8,226.31,228.32,222.79,221.28,236.64,-0.35,-0.16,4.69,224.94,225.44,224.7,-30318829.42
2024-07-23,AAPL,224.37,226.94,222.68,225.01,39960300,5.66,7.18,-1.53,5.66,7.18,-1.53,224.99,225.76,226.28,226.14,225.73,224.8,222.78,220.08,218.26,216.07,214.0,212.09,210.33,207.27,199.3,190.3,225.27,228.66,227.42,223.75,219.05,207.76,202.64,190.11,187.9,227.17,226.6,223.5,227.44,231.06,231.28,224.75,229.53,232.66,0.5,0.54,12.71,33.95,47.89,56.31,65.29,56.27,-60.62,13.5,-0.59,5.89,-3.67,4.74,16.87,-67.14,-39.88,18.32,14.42,26.11,32.86,40.62,17.34,43.59,239.08,208.43,13.7,0.54,239.85,175.68,30.88,0.77,5.64,5.08,5.13,4.33,7.66,9.9,232.95,212.61,237.23,208.61,222.92,1382971400,52138820.0,54694450.0,56220805.0,0.71,57.43,2886062331.01,156.73,0.1,38.18,26.02,20.67,76.0,20.0,56.0,224.94,226.8,229.63,222.11,220.25,236.35,1.05,0.47,4.26,224.88,224.81,224.91,3752140.85
2024-07-24,AAPL,224.0,224.8,217.13,218.54,61777600,4.66,6.68,-2.02,4.66,6.68,-2.02,221.77,223.35,224.56,224.76,224.63,224.02,222.38,219.96,218.28,216.2,214.22,212.37,210.66,207.64,199.68,190.58,223.2,227.22,227.31,224.23,219.9,208.47,203.46,190.49,188.12,225.33,226.1,223.47,224.69,229.5,230.48,221.38,227.08,231.0,0.47,0.53,6.33,32.56,37.27,46.48,58.24,53.01,-154.92,-48.5,-4.07,0.86,-14.44,-3.01,9.47,-92.99,-65.3,7.01,12.21,-3.37,7.01,26.64,-32.23,37.84,238.16,210.3,12.43,0.3,239.89,177.06,30.14,0.66,5.81,5.47,5.21,5.07,6.97,8.61,233.31,211.44,237.23,210.3,223.76,1321193800,53025160.0,54609440.0,56532200.0,1.09,51.03,2846998268.43,156.79,0.1,36.78,22.67,26.47,72.0,16.0,56.0,224.88,227.07,229.14,222.81,220.62,236.07,-6.47,-2.88,7.88,220.16,220.96,219.75,-39064062.58
2024-07-25,AAPL,218.93,220.85,214.62,217.49,51391200,3.75,6.09,-2.34,3.75,6.09,-2.34,219.63,221.4,222.99,223.44,223.53,223.2,221.91,219.78,218.23,216.28,214.38,212.59,210.92,207.96,200.03,190.85,221.86,226.21,227.03,224.44,220.24,209.1,204.2,190.87,188.32,223.56,225.46,223.31,222.3,227.94,229.59,218.71,224.75,229.3,0.43,0.51,8.58,22.78,34.73,38.65,56.66,55.83,-169.04,-86.63,-4.89,1.49,-10.08,-8.85,4.24,-87.31,-73.3,12.69,12.67,12.73,12.69,17.52,3.04,36.45,237.79,211.09,11.89,0.24,239.95,178.25,29.51,0.64,6.13,5.56,5.35,5.93,6.67,8.28,233.04,210.79,237.23,210.3,223.76,1269802600,50096480.0,53277500.0,55791100.0,0.92,43.94,2842956263.94,156.83,0.08,36.0,15.99,29.24,68.0,12.0,56.0,220.16,223.18,227.83,215.51,212.49,235.31,-1.05,-0.48,6.23,217.65,217.74,217.61,-4042004.49
2024-07-26,AAPL,218.7,219.49,216.01,217.96,41601300,3.03,5.48,-2.45,3.03,5.48,-2.45,218.79,220.25,221.87,222.44,222.67,222.55,221.54,219.65,218.21,216.37,214.56,212.83,211.2,208.29,200.39,191.12,220.59,224.96,226.48,224.63,220.4,209.71,204.99,191.3,188.52,222.06,224.84,223.17,220.7,226.65,228.83,217.26,222.93,227.85,0.39,0.49,17.33,10.06,27.12,37.02,53.96,58.02,-134.05,-91.2,-6.45,3.95,-12.58,-9.86,3.86,-85.23,-71.56,15.43,11.71,22.86,14.77,11.49,21.33,37.4,237.45,211.82,11.41,0.24,240.01,179.41,28.9,0.64,5.46,5.48,5.24,6.23,6.41,8.18,232.5,210.57,237.23,210.3,223.76,1311403900,48586440.0,52132980.0,55382530.0,0.75,42.52,2847977110.49,156.86,0.09,35.29,14.4,29.67,64.0,8.0,56.0,217.65,220.69,223.88,214.46,211.42,234.07,0.47,0.22,3.48,217.82,217.75,217.86,5020846.55
2024-07-29,AAPL,216.96,219.3,215.75,218.24,36311800,2.45,4.87,-2.42,2.45,4.87,-2.42,218.52,219.58,221.06,221.68,221.99,222.01,221.22,219.54,218.21,216.47,214.74,213.06,211.48,208.62,200.74,191.39,219.45,223.34,225.84,225.01,220.54,210.28,205.8,191.78,188.72,220.84,224.23,223.03,219.63,225.56,228.14,216.56,221.5,226.59,0.35,0.46,18.61,9.44,33.15,36.04,53.51,57.78,-112.79,-102.81,-4.1,5.18,-16.16,-10.44,7.62,-83.99,-70.52,21.5,16.54,31.41,16.01,14.49,19.05,40.88,236.46,213.57,10.17,0.2,240.11,180.44,28.38,0.63,4.8,5.52,5.25,5.57,5.72,8.11,232.26,210.18,237.23,211.92,224.58,1347715700,46208440.0,49501030.0,53070985.0,0.68,36.73,2862604117.25,156.9,0.17,35.4,12.29,29.8,60.0,4.0,56.0,217.82,219.63,221.3,216.15,214.34,232.9,0.28,0.13,3.55,217.76,217.52,217.88,14627006.76
2024-07-30,AAPL,219.19,220.33,216.12,218.8,41643800,2.01,4.3,-2.29,2.01,4.3,-2.29,218.66,219.32,220.56,221.15,221.5,221.61,220.99,219.49,218.25,216.6,214.94,213.31,211.76,208.95,201.1,191.66,218.21,221.74,225.18,225.12,220.75,210.86,206.57,192.28,188.91,220.01,223.64,222.92,219.05,224.71,227.58,216.5,220.48,225.56,0.31,0.43,23.89,16.53,26.78,28.94,57.3,57.54,-91.72,-98.72,-5.09,5.12,-16.02,-14.18,2.05,-81.51,-72.82,26.42,21.12,37.04,18.49,16.42,22.62,42.82,236.28,213.95,9.92,0.22,240.19,181.52,27.82,0.64,4.9,5.51,5.18,3.98,5.58,7.98,232.0,209.98,237.23,214.62,225.92,1389359500,46545140.0,49341980.0,52133030.0,0.8,34.61,2873979502.05,156.93,0.14,35.9,8.89,29.88,56.0,0.0,56.0,217.76,219.78,221.31,216.23,214.21,231.81,0.56,0.26,4.21,218.42,218.23,218.51,11375384.8
2024-07-31,AAPL,221.44,223.82,220.63,222.08,50036300,1.91,3.82,-1.91,1.91,3.82,-1.91,220.37,220.24,220.9,221.32,221.59,221.67,221.09,219.68,218.5,216.91,215.28,213.69,212.17,209.38,201.51,191.96,218.91,221.06,224.45,225.21,220.93,211.5,207.21,192.81,189.12,220.07,223.35,223.0,219.74,224.55,227.45,218.08,220.49,225.22,0.27,0.4,37.9,42.3,25.06,41.29,55.01,56.94,-32.97,-46.71,-5.26,6.22,-6.8,-5.49,1.81,-67.01,-67.01,56.69,34.87,100.32,32.99,22.5,53.99,47.73,236.24,214.18,9.79,0.36,240.37,182.64,27.3,0.68,4.95,5.35,5.09,3.11,5.51,7.94,231.79,210.4,237.23,214.62,225.92,1439395800,44196880.0,48611020.0,51732535.0,0.97,42.46,2869430747.5,156.98,0.09,34.48,13.81,26.1,52.0,0.0,52.0,218.42,220.71,222.63,216.5,214.21,230.77,3.28,1.5,5.02,222.18,222.22,222.15,-4548754.55
2024-08-01,AAPL,224.37,224.48,217.02,218.36,62501000,1.51,3.36,-1.85,1.51,3.36,-1.85,219.36,219.61,220.33,220.78,221.09,221.25,220.83,219.58,218.49,216.99,215.43,213.9,212.41,209.68,201.85,192.23,219.09,220.48,223.84,225.05,221.06,212.05,207.82,193.28,189.32,219.58,222.7,222.84,219.05,223.73,226.86,217.56,219.54,224.22,0.24,0.36,49.04,32.73,20.61,31.13,48.21,53.2,-54.85,-80.1,-7.01,2.4,-5.82,-12.18,-3.19,-83.46,-83.46,28.42,37.18,10.91,16.54,22.67,4.28,42.84,236.39,213.71,10.08,0.21,240.36,183.74,26.7,0.61,5.4,5.52,5.19,3.0,5.67,7.86,231.87,209.79,237.23,214.62,225.92,1376894800,46418840.0,48257660.0,52989095.0,1.18,34.38,2829383189.86,157.03,0.01,32.97,13.06,29.97,48.0,8.0,40.0,222.18,223.72,225.37,220.53,218.99,229.81,-3.72,-1.68,7.46,219.95,220.75,219.56,-40047557.64
2024-08-02,AAPL,219.15,225.6,217.71,219.86,105568600,1.3,2.95,-1.65,1.3,2.95,-1.65,219.61,219.7,220.23,220.62,220.9,221.08,220.74,219.6,218.58,217.15,215.65,214.15,212.7,210.01,202.2,192.5,219.47,220.03,223.13,224.72,221.4,212.6,208.45,193.75,189.52,219.47,222.2,222.76,219.06,223.28,226.49,217.99,219.16,223.59,0.21,0.33,62.08,38.85,30.86,25.7,48.42,57.16,-29.39,-57.89,-3.94,2.69,-4.45,-14.54,-6.48,-75.8,-76.82,42.53,42.55,42.5,24.2,24.58,23.45,43.12,236.28,213.17,10.28,0.29,240.42,184.78,26.17,0.63,5.41,5.61,5.45,2.69,5.78,7.56,231.95,209.53,237.23,214.62,225.92,1482463400,59212300.0,53899370.0,55246905.0,1.91,37.75,2781348807.86,157.13,-0.08,32.28,8.44,29.51,44.0,4.0,40.0,219.95,222.89,227.41,215.43,212.49,228.89,1.5,0.69,7.89,221.06,221.66,220.76,-48034382.0
2024-08-05,AAPL,199.09,213.5,196.0,209.27,119548600,0.28,2.41,-2.14,0.28,2.41,-2.14,214.44,216.22,217.79,218.55,219.11,219.6,219.65,218.84,217.98,216.71,215.34,213.94,212.57,209.99,202.34,192.67,217.67,218.56,221.45,223.8,221.46,212.97,208.89,194.11,189.68,217.51,220.73,221.98,215.59,220.95,224.82,213.57,216.12,221.1,0.17,0.3,28.2,21.81,24.69,18.13,35.63,44.58,-248.41,-217.25,-6.65,-0.64,-14.69,-25.55,-18.55,-62.58,-67.81,44.83,38.59,57.3,37.42,26.06,60.16,46.94,237.14,210.45,11.93,-0.04,240.09,185.84,25.47,0.43,7.92,7.03,6.35,4.0,6.67,7.46,233.71,205.59,237.23,196.0,216.62,1362914800,75859660.0,61034050.0,58270040.0,2.05,34.75,2843104198.94,157.21,-0.08,33.18,6.73,44.83,40.0,100.0,-60.0,221.06,224.4,228.95,216.51,213.17,228.04,-10.59,-4.82,23.86,206.26,204.75,207.01,61755391.09
2024-08-06,AAPL,205.3,209.99,201.07,207.23,69660500,-0.69,1.79,-2.48,-0.69,1.79,-2.48,210.84,213.22,215.45,216.49,217.28,218.06,218.47,217.98,217.28,216.18,214.94,213.65,212.36,209.9,202.44,192.81,215.36,216.78,219.61,222.72,221.43,213.37,209.27,194.48,189.84,215.45,219.15,221.06,212.39,218.58,223.03,209.79,213.12,218.54,0.13,0.27,24.62,25.93,22.77,20.09,32.83,40.34,-198.02,-182.71,-7.61,-4.39,-17.78,-21.65,-21.45,-67.39,-72.76,37.94,41.77,30.28,32.61,31.41,35.0,49.47,237.76,207.69,13.5,-0.02,239.49,187.26,24.48,0.38,8.7,7.08,6.56,4.7,7.52,7.52,232.63,204.3,237.23,196.0,216.62,1293254300,81463000.0,64004070.0,59349260.0,1.17,34.51,2869656407.46,157.25,-0.07,36.02,6.68,38.75,36.0,96.0,-60.0,206.26,216.51,223.76,199.01,188.76,225.6,-2.04,-0.97,8.92,206.1,205.53,206.38,26552208.52
2024-08-07,AAPL,206.9,213.64,206.39,209.82,63516400,-1.24,1.19,-2.42,-1.24,1.19,-2.42,210.33,212.09,214.2,215.28,216.14,217.03,217.64,217.37,216.8,215.83,214.69,213.48,212.26,209.89,202.59,192.98,212.91,215.91,218.34,221.57,221.46,213.77,209.71,194.84,190.01,214.19,217.93,220.31,210.93,217.0,221.73,208.6,211.38,216.76,0.08,0.23,31.07,34.68,28.96,28.93,34.71,41.48,-115.77,-126.06,-6.31,-4.74,-8.72,-14.36,-23.16,-56.51,-66.48,46.69,43.15,53.76,43.49,37.84,54.78,49.15,236.84,206.29,13.79,0.12,239.03,188.52,23.63,0.42,9.23,7.02,6.76,5.13,7.64,7.47,231.67,203.61,237.23,196.0,216.62,1356770700,84159020.0,64177950.0,59393695.0,1.07,42.13,2866239663.19,157.3,-0.13,38.82,10.46,34.67,32.0,92.0,-60.0,206.1,211.12,215.02,202.2,197.18,223.23,2.59,1.25,7.25,209.95,210.02,209.92,-3416744.28
2024-08-08,AAPL,213.11,214.2,208.83,213.31,47161100,-1.37,0.68,-2.05,-1.37,0.68,-2.05,211.82,212.5,214.0,214.92,215.7,216.56,217.23,217.07,216.58,215.69,214.63,213.48,212.3,210.0,202.8,193.19,211.9,215.49,217.62,220.85,221.46,214.24,210.16,195.25,190.21,213.72,217.14,219.78,211.07,216.27,220.98,209.57,210.9,215.83,0.05,0.19,31.68,41.71,33.77,35.31,33.84,40.35,-68.41,-93.11,-5.2,-3.72,-4.18,-11.0,-14.26,-45.53,-58.02,58.48,47.7,80.03,54.47,43.52,76.36,51.31,236.28,205.43,13.97,0.26,238.54,189.93,22.69,0.48,9.4,7.15,6.8,5.16,7.71,7.47,231.53,202.93,237.23,196.0,216.62,1403931800,81091040.0,63754940.0,58516220.0,0.81,47.89,2897768219.8,157.34,-0.08,41.02,10.82,34.03,28.0,88.0,-60.0,209.95,213.51,217.2,206.26,202.7,221.05,3.49,1.66,5.37,212.11,211.52,212.41,31528556.61
2024-08-09,AAPL,212.1,216.78,211.97,216.24,42201600,-1.23,0.3,-1.52,-1.23,0.3,-1.52,214.03,213.74,214.5,215.16,215.78,216.52,217.14,217.01,216.56,215.72,214.7,213.6,212.45,210.21,203.06,193.41,211.17,215.32,217.08,220.14,221.53,214.76,210.64,195.68,190.43,213.85,216.7,219.45,212.2,216.18,220.65,211.72,211.33,215.55,0.02,0.16,45.42,46.74,46.46,40.35,40.3,41.6,-19.84,-56.81,-1.05,-4.46,-1.72,-7.72,-14.3,-34.58,-50.91,68.38,57.85,89.44,65.42,54.46,87.34,53.16,234.99,205.29,13.49,0.37,238.06,191.45,21.7,0.53,9.37,7.16,6.69,5.09,7.42,7.41,231.45,202.82,237.23,196.0,216.62,1446133400,68417640.0,63814970.0,57973975.0,0.73,47.38,2930494200.67,157.37,-0.05,42.93,12.41,33.99,24.0,84.0,-60.0,212.11,215.4,217.48,210.03,206.74,219.05,2.93,1.37,4.81,215.0,214.38,215.31,32725980.87
2024-08-12,AAPL,216.07,219.51,215.6,217.53,38028100,-1.0,0.04,-1.03,-1.0,0.04,-1.03,215.78,215.01,215.17,215.59,216.05,216.65,217.17,217.05,216.62,215.82,214.84,213.77,212.65,210.45,203.35,193.65,212.83,215.25,216.65,219.29,221.76,215.28,211.11,196.09,190.65,214.25,216.45,219.19,213.52,216.35,220.51,213.85,212.07,215.55,-0.0,0.13,44.92,47.98,50.06,40.71,38.53,41.97,26.46,-21.35,0.02,-4.52,-0.71,-7.48,-16.87,-27.26,-47.78,72.74,66.53,85.15,72.74,64.21,89.8,55.18,232.56,206.03,12.1,0.43,237.59,192.97,20.73,0.55,8.86,7.13,6.63,5.05,6.63,7.16,231.44,202.91,236.27,196.0,216.14,1484161500,52113540.0,63986600.0,56743815.0,0.67,52.19,2930007907.83,157.4,-0.03,44.81,15.18,33.69,20.0,80.0,-60.0,215.0,218.02,219.81,213.21,210.19,196.0,1.29,0.6,3.91,217.55,217.56,217.54,-486292.84
2024-08-13,AAPL,219.01,221.89,219.01,221.27,44155300,-0.51,-0.07,-0.43,-0.51,-0.07,-0.43,218.52,217.09,216.53,216.62,216.86,217.23,217.56,217.36,216.92,216.12,215.16,214.09,212.99,210.8,203.71,193.93,215.63,215.5,216.4,218.62,221.91,215.86,211.63,196.52,190.9,215.35,216.64,219.16,215.78,217.17,220.84,217.05,213.69,216.22,-0.01,0.1,87.31,48.73,54.6,53.64,38.4,41.49,74.97,29.95,1.52,-3.24,2.47,2.73,-13.55,-14.63,-37.25,85.37,75.5,105.12,85.37,74.51,107.1,59.97,229.76,207.47,10.2,0.62,237.21,194.51,19.78,0.63,8.35,6.88,6.52,5.3,5.57,7.1,231.32,203.8,231.46,196.0,213.73,1528316800,47012500.0,64237750.0,56789865.0,0.78,58.92,2955151898.11,157.44,-0.02,45.91,18.21,29.16,16.0,76.0,-60.0,217.55,219.49,221.46,215.58,213.64,196.47,3.74,1.72,4.36,220.72,220.45,220.86,25143990.28
2024-08-14,AAPL,220.57,223.03,219.7,221.72,41960600,-0.08,-0.07,-0.01,-0.08,-0.07,-0.01,220.12,218.64,217.68,217.55,217.6,217.79,217.96,217.68,217.23,216.43,215.48,214.43,213.33,211.16,204.06,194.21,218.01,215.46,216.61,218.26,221.96,216.42,212.16,197.02,191.17,216.48,216.94,219.14,217.62,217.96,221.19,219.4,215.17,216.9,-0.02,0.07,100.0,55.87,54.81,55.73,38.43,45.42,78.93,49.68,1.59,-4.83,-0.36,4.23,-7.16,-13.11,-27.47,86.89,81.67,97.34,86.89,81.67,97.34,62.81,228.43,208.08,9.32,0.67,236.88,195.95,18.91,0.63,5.42,6.67,6.49,5.25,5.09,7.09,231.3,204.61,230.44,196.0,213.22,1570277400,42701340.0,63430180.0,56020600.0,0.75,64.93,2964098452.47,157.48,-0.0,44.93,20.0,27.38,12.0,72.0,-60.0,220.72,222.44,223.6,219.56,217.84,197.49,0.45,0.2,3.33,221.48,221.36,221.54,8946554.35
2024-08-15,AAPL,224.6,225.35,222.76,224.72,46414000,0.49,0.04,0.45,0.49,0.04,0.45,222.42,220.66,219.24,218.85,218.7,218.65,218.6,218.21,217.71,216.89,215.93,214.87,213.78,211.61,204.47,194.51,220.3,216.1,217.09,218.29,222.06,217.02,212.72,197.54,191.46,218.16,217.55,219.32,219.97,219.19,221.87,222.3,217.19,218.04,-0.02,0.06,100.0,58.07,57.66,58.57,46.13,45.45,105.79,94.55,2.71,-1.25,6.36,6.76,0.54,-2.97,-16.61,97.85,90.04,113.48,97.03,89.76,111.55,63.84,228.53,208.04,9.39,0.81,236.59,197.45,18.04,0.7,4.67,6.68,6.28,5.98,5.12,7.11,231.97,205.24,227.78,196.0,211.89,1616691400,42551920.0,61821480.0,55039570.0,0.84,65.2,2987932668.68,157.52,0.05,43.16,22.44,27.34,8.0,68.0,-60.0,221.48,223.27,224.81,219.94,218.15,199.02,3.0,1.35,3.63,224.28,224.06,224.39,23834216.22
2024-08-16,AAPL,223.92,226.83,223.65,226.05,44340200,1.04,0.24,0.8,1.04,0.24,0.8,224.24,222.46,220.76,220.16,219.83,219.58,219.31,218.79,218.25,217.4,216.42,215.36,214.26,212.08,204.9,194.82,222.26,216.72,217.63,218.37,222.05,217.63,213.29,198.1,191.74,219.97,218.29,219.58,222.15,220.48,222.64,224.76,219.21,219.28,-0.01,0.04,100.0,90.22,55.41,59.64,51.86,43.2,106.47,112.21,1.79,-1.95,6.19,7.81,1.74,-2.53,-5.44,96.97,93.91,103.1,97.47,93.8,104.82,67.51,228.86,207.89,9.6,0.87,236.38,198.87,17.23,0.72,4.08,6.66,6.04,6.69,5.24,7.1,232.63,206.0,227.78,196.0,211.89,1661031600,42979640.0,55698640.0,54799005.0,0.81,70.1,3010521072.46,157.56,0.09,40.61,24.12,27.17,4.0,64.0,-60.0,224.28,225.79,226.87,223.2,221.69,201.13,1.33,0.59,3.18,225.51,225.24,225.64,22588403.77
2024-08-19,AAPL,225.72,225.99,223.04,225.89,40687800,1.45,0.48,0.97,1.45,0.48,0.97,225.06,223.6,221.9,221.2,220.76,220.37,219.94,219.31,218.74,217.87,216.88,215.82,214.72,212.53,205.31,195.13,223.93,218.38,218.14,218.47,221.99,218.25,213.87,198.66,192.01,221.64,219.01,219.83,223.68,221.56,223.31,226.22,220.82,220.34,0.0,0.04,98.4,99.16,61.37,58.84,51.57,42.69,87.74,103.93,3.45,-3.63,16.62,7.09,1.93,-3.05,-5.95,95.4,96.74,92.72,96.95,97.15,96.55,68.1,229.2,207.73,9.83,0.85,235.91,200.59,16.18,0.72,3.75,6.57,6.01,6.7,5.37,7.06,233.08,206.8,226.94,196.0,211.47,1620343800,43511580.0,47812560.0,54423305.0,0.75,64.92,3048450377.54,157.6,0.15,37.42,23.32,28.18,0.0,60.0,-60.0,225.51,227.37,228.69,224.19,222.33,203.7,-0.16,-0.07,3.01,224.97,224.52,225.2,37929305.08
2024-08-20,AAPL,225.77,227.17,225.45,226.51,30299000,1.8,0.75,1.05,1.8,0.75,1.05,225.79,224.57,222.92,222.17,221.65,221.14,220.56,219.85,219.24,218.35,217.35,216.28,215.18,212.99,205.73,195.44,224.98,220.31,218.66,218.54,221.92,218.85,214.53,199.19,192.27,223.12,219.77,220.12,224.98,222.6,223.98,227.34,222.3,221.37,0.02,0.03,98.28,99.06,60.32,55.91,52.52,47.88,96.5,122.38,3.02,-3.54,19.28,4.43,1.5,-2.12,-2.12,96.4,96.26,96.69,97.88,97.43,98.78,66.14,229.49,207.6,10.02,0.86,235.54,202.15,15.26,0.73,3.31,6.34,5.87,5.85,5.47,7.0,233.24,207.89,227.17,196.0,211.58,1650642800,40740320.0,43876410.0,53940240.0,0.56,64.05,3055496656.61,157.63,0.16,36.3,21.58,29.23,0.0,56.0,-56.0,224.97,226.91,227.92,223.96,222.02,206.01,0.62,0.27,1.72,226.38,226.31,226.41,7046279.07
2024-08-21,AAPL,226.52,227.98,225.05,226.4,34765500,2.05,1.01,1.04,2.05,1.01,1.04,226.09,225.18,223.7,222.94,222.38,221.79,221.12,220.33,219.71,218.8,217.79,216.72,215.62,213.43,206.14,195.75,225.91,221.96,218.95,218.94,221.7,219.51,215.14,199.74,192.52,224.23,220.52,220.41,225.87,223.47,224.57,227.89,223.47,222.24,0.04,0.03,95.24,98.02,89.38,61.88,51.4,52.17,86.38,111.53,8.19,-1.08,16.58,8.04,7.86,-4.94,-4.94,90.13,93.98,82.44,95.06,96.63,91.92,67.36,230.43,207.44,10.5,0.82,234.6,204.43,13.74,0.73,3.17,6.01,5.81,4.81,5.75,6.74,233.14,209.1,227.98,196.0,211.99,1615877300,39301300.0,41001320.0,52589635.0,0.66,71.05,3052767624.19,157.66,0.2,33.89,23.7,26.52,0.0,52.0,-52.0,226.38,227.3,228.1,225.58,224.66,208.55,-0.11,-0.05,2.93,226.48,226.52,226.46,-2729032.42
2024-08-22,AAPL,227.79,228.34,223.9,224.53,43695300,2.07,1.22,0.85,2.07,1.22,0.85,225.31,224.96,223.88,223.23,222.71,222.14,221.45,220.64,220.02,219.12,218.12,217.06,215.97,213.79,206.51,196.04,225.88,223.09,219.36,219.29,221.6,219.86,215.71,200.28,192.76,224.69,221.05,220.59,225.86,223.86,224.86,227.28,223.93,222.66,0.05,0.04,69.82,82.98,90.08,56.83,56.65,50.21,70.27,88.44,8.35,0.16,11.22,4.67,7.04,-11.78,-11.78,70.09,85.54,39.2,88.22,93.72,77.22,59.25,231.03,207.55,10.71,0.72,234.58,205.14,13.39,0.66,3.18,5.77,5.65,3.76,5.87,6.67,232.98,209.91,228.34,196.0,212.17,1572182000,38757560.0,40654740.0,52204840.0,0.84,62.05,3021472341.75,157.7,0.17,30.7,23.33,29.08,0.0,48.0,-48.0,226.48,227.9,229.41,224.97,223.55,211.27,-1.87,-0.83,4.44,225.59,226.12,225.32,-31295282.43
2024-08-23,AAPL,225.66,228.22,224.33,226.84,38677300,2.24,1.42,0.82,2.24,1.42,0.82,226.08,225.59,224.54,223.88,223.34,222.72,221.96,221.1,220.46,219.55,218.55,217.49,216.4,214.22,206.91,196.35,226.03,224.15,219.82,219.73,221.47,220.14,216.32,200.86,193.0,225.38,221.77,220.93,226.58,224.61,225.4,227.78,224.89,223.43,0.06,0.04,66.56,84.25,89.95,83.88,60.09,52.62,72.86,90.18,8.11,1.13,10.6,17.57,8.88,-5.5,-4.64,83.92,81.38,89.0,94.5,92.59,98.31,60.47,231.92,207.54,11.09,0.79,234.85,205.42,13.37,0.73,3.26,4.34,5.53,3.04,6.09,6.53,230.64,213.28,228.34,196.0,212.17,1610859300,37624980.0,40302310.0,52058640.0,0.74,75.64,3032707649.98,157.74,0.18,31.35,31.0,2.9,96.0,44.0,52.0,225.59,227.28,230.03,222.84,221.15,214.0,2.31,1.03,3.89,226.46,226.28,226.56,11235308.23
2024-08-26,AAPL,226.76,227.28,223.89,227.18,30602200,2.38,1.62,0.77,2.38,1.62,0.77,226.63,226.12,225.13,224.48,223.93,223.28,222.46,221.55,220.89,219.97,218.97,217.91,216.82,214.65,207.31,196.65,226.29,225.11,221.02,220.18,221.23,220.39,216.92,201.44,193.22,225.93,222.48,221.3,227.18,225.3,225.92,228.16,225.73,224.16,0.08,0.05,60.44,79.0,88.21,91.17,59.98,52.0,63.92,78.49,6.5,1.44,9.65,19.95,8.94,-5.28,-3.59,86.57,80.2,99.33,94.72,92.48,99.19,62.28,232.79,207.57,11.45,0.78,235.14,205.65,13.38,0.73,3.22,3.94,5.53,2.08,6.3,6.16,230.34,214.57,228.34,196.0,212.17,1641461500,35607860.0,39559720.0,51773160.0,0.59,79.98,3061504410.45,157.77,0.19,31.95,34.1,3.98,92.0,40.0,52.0,226.46,228.6,230.35,224.71,222.57,216.29,0.34,0.15,3.39,226.12,225.58,226.38,28796760.47
2024-08-27,AAPL,226.0,228.85,224.89,228.03,35934600,2.53,1.8,0.73,2.53,1.8,0.73,227.33,226.76,225.77,225.13,224.56,223.87,222.99,222.03,221.35,220.42,219.41,218.35,217.26,215.09,207.72,196.96,226.6,225.79,222.4,220.64,221.01,220.7,217.52,202.03,193.45,226.46,223.23,221.74,227.86,226.04,226.49,228.7,226.62,224.94,0.09,0.06,67.54,79.79,86.68,90.48,60.47,59.77,75.08,84.73,5.45,1.34,6.76,18.21,9.23,-4.1,-2.5,86.54,85.68,88.25,95.9,95.04,97.63,64.28,233.7,207.58,11.84,0.78,235.43,205.98,13.34,0.75,3.33,3.71,5.55,1.77,6.53,5.76,230.41,215.57,228.85,196.0,212.42,1677396100,36734980.0,38737650.0,51487700.0,0.7,79.15,3082557004.39,157.8,0.2,33.6,32.25,4.24,100.0,36.0,64.0,226.12,228.34,229.51,224.95,222.73,218.22,0.85,0.37,3.96,227.26,226.87,227.45,21052593.94
2024-08-28,AAPL,227.92,229.86,225.68,226.49,38052200,2.5,1.94,0.56,2.5,1.94,0.56,226.91,226.67,225.93,225.38,224.86,224.2,223.32,222.36,221.68,220.76,219.76,218.7,217.62,215.46,208.09,197.26,226.61,226.26,223.51,220.86,220.93,220.9,218.06,202.6,193.67,226.59,223.79,222.09,227.81,226.39,226.8,228.26,226.92,225.33,0.1,0.07,49.86,59.69,77.45,82.08,58.05,59.17,75.66,80.02,4.12,3.64,4.77,13.18,4.41,-18.84,-9.95,50.59,74.57,2.63,81.16,90.59,62.3,56.14,234.17,207.55,12.05,0.71,235.67,206.14,13.37,0.69,3.5,3.62,5.55,1.05,6.66,5.66,230.57,216.07,229.86,196.0,212.93,1639343900,37392320.0,38346810.0,50888495.0,0.75,78.92,3059252307.74,157.84,0.19,35.43,33.9,4.34,100.0,32.0,68.0,227.26,229.62,231.22,225.66,223.3,220.14,-1.54,-0.68,4.18,227.34,227.77,227.13,-23304696.65
2024-08-29,AAPL,230.1,232.92,228.88,229.79,51906300,2.71,2.09,0.61,2.71,2.09,0.61,228.35,227.71,226.79,226.18,225.62,224.9,223.94,222.91,222.21,221.26,220.25,219.18,218.1,215.93,208.52,197.58,227.67,226.77,224.61,221.43,221.11,221.21,218.65,203.21,193.89,227.23,224.64,222.66,228.83,227.27,227.48,229.37,227.99,226.26,0.11,0.08,66.6,66.85,76.83,82.4,58.07,61.4,157.59,105.76,3.85,5.66,5.07,13.55,11.43,-18.07,-8.48,68.32,68.48,68.0,81.93,86.33,73.12,54.75,235.26,207.6,12.49,0.8,236.06,206.36,13.43,0.79,4.17,3.74,5.62,1.39,6.91,5.86,231.42,216.46,232.92,196.0,214.46,1691250200,39034520.0,38896040.0,50358760.0,1.03,79.41,3030729538.93,157.89,0.2,37.67,33.77,4.2,100.0,28.0,72.0,227.34,229.01,231.52,224.83,223.16,222.08,3.3,1.46,6.43,230.53,230.9,230.34,-28522768.81
2024-08-30,AAPL,230.19,230.4,227.48,229.0,52990800,2.78,2.23,0.55,2.78,2.23,0.55,228.67,228.14,227.28,226.69,226.14,225.41,224.42,223.36,222.64,221.69,220.67,219.61,218.53,216.36,208.93,197.89,228.1,227.07,225.46,221.89,221.27,221.6,219.2,203.81,194.11,227.63,225.36,223.17,229.28,227.87,227.99,229.67,228.63,226.91,0.12,0.09,74.48,63.26,72.44,78.1,61.86,60.27,114.52,80.11,3.28,5.07,2.95,11.47,9.14,-28.18,-10.62,56.59,58.5,52.77,71.82,78.3,58.85,55.19,236.1,207.68,12.81,0.75,236.23,206.97,13.2,0.75,4.17,3.67,5.4,1.53,7.1,6.01,231.76,217.08,232.92,196.0,214.46,1638259400,41897220.0,39761100.0,47729870.0,1.11,70.67,3032907243.04,157.94,0.26,39.34,29.1,7.01,96.0,24.0,72.0,230.53,232.18,234.57,228.14,226.49,224.25,-0.79,-0.34,2.92,228.96,228.94,228.97,2177704.11
2024-09-03,AAPL,228.55,229.0,221.17,222.77,50190600,2.3,2.24,0.06,2.3,2.24,0.06,225.72,226.35,226.28,225.98,225.62,225.08,224.26,223.32,222.65,221.75,220.77,219.75,218.69,216.57,209.2,198.14,227.22,226.75,225.81,222.57,221.23,221.9,219.67,204.36,194.28,226.85,225.44,223.27,227.51,227.24,227.66,226.97,227.5,226.34,0.13,0.09,34.41,39.22,44.99,53.28,52.94,53.42,-79.72,24.37,-0.87,2.08,-3.12,1.5,13.5,-76.78,-27.49,13.62,46.18,-51.5,23.22,58.99,-48.31,51.6,235.47,209.66,11.6,0.51,235.96,207.85,12.67,0.53,4.66,3.92,5.4,2.03,6.45,5.99,232.1,216.43,232.92,201.07,217.0,1588068800,45814900.0,40711380.0,44261970.0,1.13,62.44,3003228765.64,157.99,0.18,38.53,22.92,18.07,92.0,20.0,72.0,228.96,230.44,231.88,227.52,226.04,232.92,-6.23,-2.72,7.83,224.31,225.08,223.93,-29678477.39
2024-09-04,AAPL,221.66,221.78,217.48,220.85,43840200,1.75,2.15,-0.39,1.75,2.15,-0.39,223.29,224.52,225.07,225.05,224.89,224.55,223.94,223.14,222.54,221.7,220.78,219.8,218.78,216.71,209.43,198.37,225.78,226.19,225.78,223.25,221.09,222.16,220.07,204.82,194.45,225.78,225.28,223.24,225.54,226.34,227.11,224.24,226.05,225.47,0.13,0.1,28.37,35.51,37.03,48.22,64.16,48.92,-244.86,-45.16,-2.3,0.94,-5.66,-0.87,13.62,-78.17,-37.9,21.83,30.68,4.12,21.83,38.96,-12.43,52.12,234.01,212.49,9.64,0.39,235.64,208.67,12.14,0.45,4.86,4.06,4.51,2.76,5.38,5.95,232.05,215.82,232.92,206.39,219.65,1544228600,47396020.0,42065500.0,42970955.0,1.02,55.21,3028105530.3,158.02,0.18,38.04,20.12,23.94,88.0,16.0,72.0,224.31,227.46,232.14,219.63,216.48,232.68,-1.92,-0.86,5.29,220.04,219.63,220.24,24876764.65
2024-09-05,AAPL,221.63,225.48,221.52,222.38,36615400,1.42,2.0,-0.58,1.42,2.0,-0.58,222.83,223.8,224.47,224.56,224.5,224.28,223.79,223.08,222.53,221.74,220.86,219.91,218.92,216.89,209.69,198.61,224.96,225.79,225.83,223.88,221.22,222.42,220.56,205.27,194.61,225.08,225.19,223.32,224.57,225.83,226.8,223.11,225.24,224.98,0.12,0.1,31.55,44.28,41.8,44.89,68.75,53.69,-108.69,-10.83,-1.55,0.14,-4.02,-2.34,12.56,-68.26,-39.73,31.74,22.39,50.42,31.74,25.59,44.02,47.16,232.61,215.14,7.8,0.41,235.37,209.48,11.64,0.5,5.03,4.13,4.31,3.01,4.37,5.94,232.05,215.53,232.92,208.83,220.88,1580844000,47108660.0,42250490.0,41625905.0,0.88,54.43,3007393788.88,158.06,0.17,37.55,22.16,23.53,84.0,12.0,72.0,220.04,222.59,224.34,218.29,215.74,232.08,1.53,0.69,4.63,223.13,223.5,222.94,-20711741.41
2024-09-06,AAPL,223.95,225.24,219.77,220.82,48423000,1.02,1.8,-0.78,1.02,1.8,-0.78,221.83,222.81,223.66,223.88,223.93,223.85,223.51,222.91,222.42,221.69,220.85,219.95,218.99,217.02,209.91,198.83,223.16,225.42,225.57,224.25,221.33,222.58,220.79,205.76,194.77,224.18,224.9,223.3,223.33,225.1,226.31,221.68,224.16,224.25,0.11,0.11,31.51,33.33,37.27,38.69,63.97,50.88,-123.72,-50.95,-2.51,1.13,-3.71,-5.23,7.51,-78.37,-50.23,21.63,25.06,14.77,21.63,25.06,14.77,41.47,231.61,216.89,6.57,0.27,235.26,209.89,11.4,0.43,5.25,4.29,4.22,3.39,3.68,5.9,232.09,214.92,232.92,211.97,222.44,1532421000,46412000.0,42723260.0,41689000.0,1.16,46.44,2977560971.7,158.1,0.1,38.2,18.86,25.55,80.0,8.0,72.0,223.13,224.73,227.09,220.77,219.17,231.49,-1.56,-0.7,5.47,221.94,222.5,221.66,-29832817.18
2024-09-09,AAPL,220.82,221.27,216.71,220.91,67180000,0.71,1.58,-0.88,0.71,1.58,-0.88,221.37,222.18,223.05,223.34,223.47,223.48,223.26,222.76,222.32,221.64,220.86,219.99,219.07,217.15,210.13,199.05,221.55,224.82,225.23,224.48,221.43,222.71,220.92,206.27,194.91,223.36,224.58,223.27,222.45,224.47,225.87,220.82,223.29,223.62,0.1,0.1,13.37,32.4,37.71,39.2,60.57,63.2,-151.68,-119.39,-2.42,0.48,-5.93,-4.98,4.67,-74.09,-57.33,25.91,26.43,24.88,25.91,26.43,24.88,46.89,231.03,217.94,5.83,0.23,235.17,210.26,11.18,0.43,5.3,4.4,4.18,3.62,3.27,5.86,232.06,214.45,232.92,215.6,224.26,1599601000,49249840.0,45573530.0,42937920.0,1.56,44.52,3034133603.28,158.16,0.12,39.11,18.38,28.88,76.0,4.0,72.0,221.94,224.12,227.41,218.65,216.47,230.93,0.09,0.04,4.56,219.63,218.99,219.95,56572631.58
2024-09-10,AAPL,218.92,221.48,216.73,220.11,51591000,0.38,1.34,-0.96,0.38,1.34,-0.96,220.74,221.49,222.4,222.75,222.95,223.06,222.96,222.57,222.18,221.56,220.82,220.0,219.11,217.25,210.33,199.26,221.01,224.12,224.84,224.61,221.49,222.9,221.01,206.79,195.06,222.51,224.17,223.19,221.54,223.79,225.36,219.95,222.36,222.93,0.09,0.1,13.36,27.7,39.6,36.23,55.72,65.03,-123.13,-131.57,-1.97,5.18,-7.07,-6.4,2.58,-79.03,-73.96,20.97,22.84,17.25,20.97,22.84,17.25,48.64,230.66,218.56,5.39,0.13,234.88,210.92,10.75,0.38,5.06,4.62,4.18,3.8,3.02,5.84,232.2,213.72,232.92,216.71,224.82,1548010000,49529920.0,47672410.0,43616065.0,1.18,38.21,3055964742.22,158.2,0.14,39.92,16.02,27.52,72.0,0.0,72.0,219.63,222.55,224.19,217.99,215.07,230.08,-0.8,-0.36,4.75,219.44,219.1,219.61,21831138.95
2024-09-11,AAPL,221.46,223.09,217.89,222.66,44587100,0.33,1.14,-0.81,0.33,1.14,-0.81,221.7,221.88,222.46,222.74,222.91,223.01,222.93,222.57,222.21,221.62,220.91,220.11,219.25,217.43,210.57,199.49,221.38,223.58,224.58,224.68,221.62,223.02,221.18,207.35,195.22,222.24,223.98,223.26,221.73,223.65,225.22,220.6,222.27,222.77,0.07,0.1,49.35,39.8,40.28,42.72,57.31,65.0,-70.46,-87.26,-1.84,7.45,-5.37,-3.74,1.39,-63.29,-63.29,36.71,27.86,54.39,36.71,27.86,54.39,53.37,230.6,218.77,5.27,0.33,234.87,211.17,10.63,0.48,5.39,4.78,4.24,3.55,2.96,5.82,232.49,213.37,232.92,216.71,224.82,1592597100,49679300.0,48537660.0,43637655.0,1.02,39.08,3093177821.84,158.24,0.16,41.16,16.67,26.59,68.0,0.0,68.0,219.44,222.15,224.19,217.4,214.69,229.28,2.55,1.16,5.2,221.21,220.49,221.58,37213079.62
2024-09-12,AAPL,222.5,223.55,219.82,222.77,37455600,0.3,0.97,-0.68,0.3,0.97,-0.68,222.23,222.18,222.53,222.74,222.89,222.98,222.92,222.59,222.24,221.68,221.0,220.23,219.39,217.6,210.81,199.72,221.45,223.21,224.34,224.74,221.64,223.07,221.29,207.93,195.38,222.09,223.8,223.34,221.93,223.56,225.09,221.15,222.23,222.66,0.06,0.09,64.46,27.47,39.63,46.32,52.38,62.0,-45.57,-67.04,-1.94,6.17,-3.72,-1.76,1.05,-62.62,-62.62,44.27,33.98,64.83,37.38,31.69,48.78,60.81,230.56,218.91,5.18,0.33,234.89,211.24,10.6,0.49,4.8,4.73,4.21,3.41,2.91,5.82,232.38,213.45,232.92,216.71,224.82,1630052700,49847340.0,48478000.0,43412405.0,0.86,45.42,3114968345.16,158.27,0.17,41.65,17.54,25.14,64.0,0.0,64.0,221.21,224.54,226.41,219.34,216.01,228.52,0.11,0.05,3.73,222.05,221.68,222.23,21790523.32
2024-09-13,AAPL,223.58,224.04,221.91,222.5,36766600,0.24,0.83,-0.58,0.24,0.83,-0.58,222.37,222.28,222.52,222.7,222.83,222.92,222.88,222.58,222.26,221.73,221.07,220.33,219.51,217.76,211.04,199.95,221.79,222.48,224.21,224.62,221.78,223.09,221.42,208.49,195.55,221.97,223.59,223.39,221.99,223.42,224.94,221.45,222.13,222.5,0.05,0.08,51.12,28.42,36.64,40.08,51.25,58.51,-24.3,-43.36,-2.43,4.31,-7.29,-4.34,-2.22,-64.28,-64.28,47.11,42.69,55.95,35.72,36.6,33.95,58.96,230.53,218.71,5.26,0.32,234.91,211.27,10.59,0.48,4.35,4.61,4.16,2.5,2.95,5.79,232.09,213.67,232.92,216.71,224.82,1593286100,47516060.0,46964030.0,42930035.0,0.86,45.2,3098570096.34,158.3,0.13,36.85,18.78,25.83,60.0,0.0,60.0,222.05,224.27,225.78,220.54,218.32,227.81,-0.27,-0.12,2.13,222.82,222.98,222.74,-16398248.83
2024-09-16,AAPL,216.54,217.22,213.92,216.32,59357400,-0.29,0.6,-0.9,-0.29,0.6,-0.9,219.34,220.3,221.14,221.54,221.83,222.09,222.25,222.12,221.88,221.43,220.84,220.15,219.38,217.71,211.15,200.11,220.87,221.21,223.51,224.14,221.66,222.89,221.53,208.99,195.68,220.85,222.8,223.04,220.01,222.18,224.03,218.9,220.45,221.25,0.04,0.07,27.5,28.51,29.92,30.41,37.81,48.55,-152.46,-181.46,-4.49,0.04,-12.68,-10.86,-9.73,-87.37,-87.37,20.76,37.38,-12.48,12.63,28.58,-19.26,54.49,231.07,217.21,6.18,-0.06,234.82,210.96,10.71,0.22,4.92,4.98,4.39,1.99,3.46,5.87,232.2,212.3,232.92,213.92,223.42,1533928700,45951540.0,47600690.0,43680895.0,1.36,43.37,3125550732.7,158.35,0.13,33.58,17.38,34.74,56.0,0.0,56.0,222.82,223.72,224.95,221.59,220.69,227.15,-6.18,-2.78,8.58,215.82,215.57,215.94,26980636.36
2024-09-17,AAPL,215.75,216.9,214.5,216.79,45519300,-0.67,0.35,-1.02,-0.67,0.35,-1.02,218.07,219.13,220.17,220.68,221.05,221.43,221.73,221.72,221.55,221.17,220.64,220.01,219.28,217.68,211.26,200.28,220.21,220.61,222.81,223.68,221.91,222.67,221.69,209.46,195.81,220.04,222.1,222.72,218.72,221.19,223.25,217.46,219.22,220.24,0.02,0.06,30.15,35.03,21.11,29.44,36.22,44.16,-129.09,-148.9,-5.66,-0.34,-5.98,-11.24,-9.1,-84.89,-84.89,24.83,30.9,12.68,15.11,21.15,3.01,60.06,231.29,216.08,6.8,0.05,234.63,210.7,10.75,0.25,4.48,4.86,4.35,2.33,3.8,5.46,231.46,212.0,232.92,213.92,223.42,1579448000,44737200.0,47133560.0,43922470.0,1.04,44.01,3166897430.2,158.38,0.13,30.91,15.48,35.54,52.0,96.0,-44.0,215.82,217.72,219.12,214.42,212.52,226.09,0.47,0.22,2.4,216.06,215.7,216.24,41346697.5
2024-09-18,AAPL,217.55,222.71,217.54,220.69,59894900,-0.65,0.15,-0.8,-0.65,0.15,-0.8,219.38,219.65,220.29,220.68,221.0,221.34,221.63,221.65,221.49,221.14,220.65,220.03,219.34,217.78,211.45,200.48,219.81,220.59,222.32,223.39,222.36,222.51,221.9,209.97,195.97,220.06,221.81,222.65,219.08,221.06,223.04,218.34,219.23,220.06,0.01,0.05,52.15,44.7,33.78,40.24,43.04,48.77,-35.37,-58.81,-3.63,-0.26,-0.16,-5.8,-5.82,-64.37,-64.37,59.81,35.13,109.15,35.63,21.12,64.65,58.78,230.99,215.79,6.8,0.32,234.36,210.65,10.65,0.42,4.67,4.99,4.49,2.33,3.8,4.72,231.61,211.65,232.92,213.92,223.42,1639342900,47798760.0,48739030.0,45402265.0,1.32,45.69,3179988578.56,158.44,0.14,26.98,21.96,34.65,48.0,92.0,-44.0,216.06,217.63,218.46,215.23,213.66,225.12,3.9,1.8,5.92,220.31,220.12,220.41,13091148.36
2024-09-19,AAPL,224.99,229.82,224.63,228.87,66781300,0.02,0.12,-0.1,0.02,0.12,-0.1,224.12,222.72,222.2,222.17,222.21,222.28,222.32,222.18,221.97,221.57,221.05,220.42,219.71,218.15,211.79,200.76,221.03,221.24,222.48,223.51,223.0,222.43,222.23,210.57,196.15,221.56,222.33,223.07,222.08,222.42,223.86,222.71,221.39,221.4,0.01,0.04,66.25,67.85,61.07,48.67,52.63,54.41,147.9,86.2,2.74,3.22,6.49,-0.92,2.47,-9.28,-21.32,94.03,59.55,162.97,90.72,47.15,177.85,63.51,231.39,215.64,7.05,0.84,234.04,210.81,10.44,0.78,5.3,5.18,4.85,3.5,3.94,4.23,232.68,211.96,232.92,213.92,223.42,1706124200,53663900.0,51755620.0,47003055.0,1.42,46.82,3222322003.8,158.5,0.18,22.21,26.73,33.36,44.0,88.0,-44.0,220.31,223.09,225.48,217.92,215.14,213.92,8.18,3.71,9.13,227.77,227.22,228.05,42333425.24
2024-09-20,AAPL,229.97,233.09,227.62,228.2,318679900,0.5,0.2,0.3,0.5,0.2,0.3,226.16,224.55,223.53,223.26,223.13,223.02,222.88,222.63,222.37,221.94,221.4,220.76,220.04,218.48,212.12,201.04,222.17,221.98,222.38,223.7,223.49,222.44,222.48,211.11,196.35,222.83,222.78,223.4,224.09,223.48,224.51,225.35,222.99,222.45,0.01,0.04,63.8,65.76,63.97,48.84,51.98,52.32,188.62,111.27,3.33,1.55,7.38,-0.8,3.67,-25.51,-25.51,74.49,76.11,71.26,74.49,66.95,89.58,55.65,231.84,215.55,7.28,0.78,234.07,210.8,10.46,0.75,5.34,5.36,4.97,4.12,4.07,3.92,233.61,212.15,233.09,213.92,223.5,1387444300,110046560.0,78781310.0,60752285.0,5.25,67.42,2971223216.05,158.81,-0.04,17.86,30.18,30.36,100.0,84.0,16.0,227.77,230.92,232.96,225.73,222.58,214.24,-0.67,-0.29,5.47,229.64,230.36,229.28,-251098787.75
2024-09-23,AAPL,227.34,229.45,225.81,226.47,54146000,0.73,0.31,0.43,0.73,0.31,0.43,226.32,225.19,224.18,223.85,223.64,223.45,223.22,222.91,222.64,222.19,221.64,221.01,220.3,218.74,212.4,201.29,224.2,222.54,222.21,223.68,223.84,222.36,222.68,211.68,196.51,223.64,223.04,223.59,225.0,224.08,224.89,226.3,223.86,223.06,0.01,0.03,59.39,63.22,57.71,56.17,52.14,50.61,117.75,66.09,1.84,0.19,5.56,3.7,-0.37,-34.53,-34.53,65.47,77.99,40.41,65.47,76.89,42.62,52.45,231.8,215.56,7.26,0.67,233.82,210.9,10.31,0.68,5.32,5.06,4.93,4.33,4.06,3.7,233.35,213.09,233.09,213.92,223.5,1333298300,109004280.0,77477910.0,61525720.0,0.88,67.1,2936712578.68,158.86,-0.08,17.78,31.96,25.81,96.0,80.0,16.0,229.64,231.65,235.11,226.18,224.17,214.99,-1.73,-0.76,3.64,227.24,227.63,227.05,-34510637.36
2024-09-24,AAPL,228.65,229.35,225.73,227.37,43556100,0.97,0.44,0.53,0.97,0.44,0.53,226.84,225.92,224.89,224.49,224.22,223.94,223.62,223.24,222.94,222.48,221.92,221.28,220.57,219.02,212.7,201.55,226.32,223.26,222.51,223.69,224.16,222.22,222.96,212.26,196.69,224.52,223.39,223.82,225.95,224.75,225.33,227.27,224.8,223.76,0.02,0.03,84.86,60.51,62.67,61.26,50.6,50.89,100.57,67.81,2.97,0.66,7.26,6.52,0.19,-29.84,-29.84,70.16,70.04,70.41,70.16,70.04,70.41,52.52,231.82,215.56,7.27,0.73,233.24,211.2,9.92,0.73,5.54,4.95,4.92,4.48,4.07,3.56,233.51,213.73,233.09,213.92,223.5,1376854400,108611640.0,76674420.0,62173415.0,0.7,71.56,2932621674.26,158.9,-0.1,18.68,32.73,21.22,92.0,76.0,16.0,227.24,228.68,230.88,225.04,223.6,215.72,0.9,0.4,3.62,227.48,227.54,227.46,-4090904.42
2024-09-25,AAPL,224.93,227.29,224.02,226.37,42308700,1.07,0.57,0.51,1.07,0.57,0.51,226.61,226.07,225.22,224.83,224.55,224.24,223.88,223.47,223.16,222.7,222.14,221.5,220.8,219.26,212.97,201.8,227.46,223.64,222.88,223.61,224.33,222.05,223.12,212.79,196.85,225.09,223.65,223.96,226.31,225.14,225.61,227.4,225.31,224.18,0.03,0.03,79.24,57.73,60.2,57.02,49.09,49.97,60.61,41.72,2.47,-0.06,3.71,3.99,-1.66,-35.05,-35.05,64.95,66.86,61.12,64.95,66.86,61.12,57.54,231.59,215.63,7.14,0.67,232.52,211.57,9.44,0.71,4.79,4.85,4.91,4.58,3.99,3.54,233.59,214.17,233.09,213.92,223.5,1334545700,105094400.0,76446580.0,62492120.0,0.68,67.38,2951123643.99,158.93,-0.11,18.99,27.9,24.14,88.0,72.0,16.0,227.48,229.24,231.1,225.62,223.86,216.41,-1.0,-0.44,3.35,225.89,225.66,226.01,18501969.72
2024-09-26,AAPL,227.3,228.5,225.41,227.52,36636700,1.23,0.7,0.53,1.23,0.7,0.53,227.06,226.55,225.73,225.32,225.01,224.65,224.23,223.77,223.44,222.96,222.4,221.77,221.06,219.53,213.26,202.05,227.19,224.11,223.22,223.66,224.53,222.02,223.24,213.23,197.01,225.79,224.02,224.17,226.93,225.68,225.99,227.93,226.01,224.76,0.04,0.03,75.06,60.38,63.67,61.96,49.43,53.09,71.1,64.65,3.37,0.49,4.75,6.7,1.03,-29.06,-29.06,70.94,68.68,75.47,70.94,68.68,75.47,57.59,231.73,215.59,7.22,0.74,232.43,211.61,9.38,0.76,4.89,4.68,4.87,4.72,4.03,3.55,233.59,214.86,233.09,213.92,223.5,1371182400,99065480.0,76364690.0,62421345.0,0.59,71.98,2964521531.04,158.97,-0.08,19.04,30.76,22.34,84.0,68.0,16.0,225.89,227.77,229.16,224.5,222.62,217.08,1.15,0.51,3.09,227.14,226.96,227.24,13397887.06
2024-09-27,AAPL,228.46,229.52,227.3,227.79,34026000,1.36,0.83,0.53,1.36,0.83,0.53,227.43,226.96,226.19,225.77,225.43,225.05,224.57,224.07,223.72,223.23,222.67,222.03,221.33,219.8,213.54,202.31,227.1,224.64,223.69,223.56,224.63,222.09,223.35,213.69,197.18,226.46,224.42,224.38,227.45,226.19,226.37,228.33,226.64,225.31,0.04,0.03,40.56,81.39,60.33,62.21,51.49,51.03,76.36,89.03,2.3,1.45,5.29,6.88,-2.0,-27.65,-27.65,71.49,69.13,76.22,72.35,69.41,78.23,53.88,231.35,215.76,6.97,0.77,232.61,211.57,9.48,0.77,4.36,4.52,4.78,4.82,3.9,3.6,233.6,215.53,233.09,213.92,223.5,1405208400,42134700.0,76090630.0,61527330.0,0.55,78.08,2945516017.53,159.0,-0.07,19.55,33.51,18.33,80.0,64.0,16.0,227.14,228.88,230.23,225.79,224.05,217.72,0.27,0.12,2.22,228.2,228.41,228.1,-19005513.51
2024-09-30,AAPL,230.04,233.0,229.65,233.0,54541900,1.86,1.04,0.83,1.86,1.04,0.83,230.21,228.98,227.7,227.08,226.6,226.04,225.37,224.73,224.32,223.78,223.17,222.5,221.79,220.24,213.93,202.61,228.41,226.31,224.5,223.76,224.86,222.27,223.46,214.2,197.37,227.98,225.32,224.92,229.54,227.56,227.36,230.89,228.49,226.73,0.06,0.04,73.39,85.22,67.09,69.78,53.53,55.68,118.38,148.57,4.59,2.72,16.68,12.89,4.0,-0.47,-0.47,99.42,80.62,137.03,99.53,80.94,136.71,52.88,232.31,215.21,7.64,1.04,233.22,211.32,9.85,0.99,3.8,4.55,4.72,4.5,4.28,3.9,234.47,216.27,233.09,213.92,223.5,1459750300,42213880.0,75609080.0,61604885.0,0.89,83.58,3000057917.53,159.05,-0.03,20.21,38.4,18.2,76.0,60.0,16.0,228.2,229.11,230.42,226.89,225.98,218.33,5.21,2.29,5.21,231.88,231.32,232.16,54541900.0
2024-10-01,AAPL,229.52,229.65,223.74,226.21,63285000,1.7,1.17,0.53,1.7,1.17,0.53,228.21,228.05,227.37,226.92,226.54,226.06,225.45,224.84,224.44,223.91,223.32,222.67,221.96,220.43,214.17,202.85,228.18,227.25,224.9,223.93,224.87,222.31,223.43,214.63,197.51,227.96,225.55,225.01,228.8,227.51,227.4,229.44,228.22,226.73,0.07,0.04,49.15,60.66,55.09,54.82,47.29,48.41,27.38,49.0,1.67,-0.43,9.42,3.55,3.44,-35.89,-35.89,26.42,65.78,-52.3,64.11,78.66,35.0,50.7,232.54,215.32,7.69,0.63,233.31,211.31,9.89,0.68,4.34,4.84,5.02,3.03,4.3,3.9,235.13,215.77,233.09,213.92,223.5,1396465300,46159660.0,77385650.0,62259605.0,1.02,77.27,2989671039.36,159.11,-0.01,19.52,33.73,25.83,72.0,56.0,16.0,231.88,234.12,235.23,230.77,228.53,218.92,-6.79,-2.91,9.26,226.53,226.7,226.45,-10386878.17
2024-10-02,AAPL,225.89,227.37,223.02,226.78,32880600,1.59,1.25,0.34,1.59,1.25,0.34,227.5,227.63,227.24,226.9,226.58,226.15,225.58,224.99,224.59,224.07,223.49,222.84,222.15,220.64,214.42,203.09,228.26,227.86,225.18,224.23,224.88,222.35,223.4,215.06,197.66,227.88,225.82,225.13,228.41,227.55,227.5,228.63,228.12,226.83,0.07,0.05,48.03,44.29,66.96,55.38,54.37,50.26,9.85,30.66,4.84,-0.55,6.09,4.01,5.93,-32.92,-32.92,37.34,54.39,3.23,67.08,76.91,47.44,56.29,232.79,215.66,7.64,0.65,233.39,211.3,9.93,0.7,4.44,4.88,4.86,2.0,4.28,3.91,235.34,215.81,233.09,213.92,223.5,1429345900,44274040.0,74684220.0,61711625.0,0.53,73.72,3013632304.18,159.14,-0.01,18.98,32.75,26.65,68.0,52.0,16.0,226.53,229.33,232.44,223.42,220.62,219.49,0.57,0.25,4.35,225.72,225.2,225.99,23961264.83
2024-10-03,AAPL,225.14,226.81,223.32,225.67,34044200,1.4,1.28,0.12,1.4,1.28,0.12,226.58,226.98,226.89,226.67,226.44,226.09,225.59,225.04,224.66,224.16,223.59,222.97,222.29,220.8,214.64,203.31,227.89,227.54,225.37,224.39,224.86,222.49,223.28,215.48,197.8,227.48,225.96,225.18,227.73,227.38,227.45,227.54,227.73,226.7,0.07,0.05,47.68,43.25,64.1,54.16,55.35,46.18,-1.73,20.6,4.1,-0.36,-3.2,3.17,3.29,-38.71,-38.71,26.55,30.1,19.45,61.29,64.16,55.56,58.17,232.94,215.85,7.62,0.57,233.52,211.46,9.91,0.64,4.42,4.98,4.77,2.07,4.27,3.9,235.55,215.62,233.09,213.92,223.5,1395301700,43755540.0,71410510.0,61583065.0,0.55,70.07,3025435594.16,159.17,0.01,18.51,31.41,26.13,64.0,48.0,16.0,225.72,228.43,230.07,224.08,221.37,220.03,-1.11,-0.49,3.49,225.27,225.06,225.37,11803289.97
2024-10-04,AAPL,227.9,228.0,224.13,226.8,37245100,1.32,1.29,0.03,1.32,1.29,0.03,226.69,226.92,226.87,226.7,226.49,226.18,225.7,225.17,224.8,224.31,223.75,223.13,222.46,221.0,214.89,203.54,227.69,227.4,225.66,224.69,224.93,222.67,223.26,215.89,197.95,227.35,226.19,225.31,227.58,227.43,227.53,227.28,227.69,226.79,0.08,0.06,47.61,50.91,60.64,65.84,54.95,47.97,5.54,35.6,2.77,-1.3,-1.4,10.48,5.98,-33.84,-32.81,37.88,33.92,45.78,66.16,64.85,68.8,59.35,233.13,216.25,7.51,0.63,233.67,211.68,9.88,0.69,4.5,4.64,4.74,2.07,4.22,3.92,234.99,216.41,233.09,213.92,223.5,1432546800,44399360.0,43267030.0,61024170.0,0.61,75.55,3039582957.72,159.2,0.05,18.89,35.51,15.73,60.0,44.0,16.0,225.27,227.21,228.76,223.72,221.78,220.56,1.13,0.5,3.87,226.31,226.06,226.43,14147363.57
2024-10-07,AAPL,224.5,225.69,221.33,221.69,39505400,0.84,1.2,-0.36,0.84,1.2,-0.36,224.19,225.18,225.72,225.79,225.75,225.62,225.32,224.91,224.6,224.16,223.65,223.07,222.43,221.02,215.02,203.72,225.43,226.92,226.01,224.73,224.76,222.75,223.12,216.23,198.08,226.31,225.9,225.1,225.77,226.54,226.97,224.78,226.31,225.93,0.07,0.06,34.69,37.29,36.0,56.5,50.9,48.98,-130.35,-29.91,-3.14,-3.19,-4.78,4.9,0.78,-73.31,-59.47,3.08,22.5,-35.75,26.69,51.38,-22.7,52.01,233.1,216.36,7.45,0.32,233.67,211.83,9.8,0.45,4.84,4.86,4.74,2.75,4.18,3.94,235.05,215.59,233.09,213.92,223.5,1393041400,41392060.0,41802970.0,59640440.0,0.66,71.21,3006601385.24,159.24,-0.02,18.07,33.91,19.14,56.0,40.0,16.0,226.31,228.49,230.18,224.62,222.44,221.06,-5.11,-2.25,5.47,222.9,223.51,222.6,-32981572.48
2024-10-08,AAPL,224.3,225.98,223.25,225.77,31855700,0.78,1.12,-0.34,0.78,1.12,-0.34,224.98,225.37,225.73,225.78,225.76,225.64,225.36,224.97,224.68,224.25,223.75,223.19,222.56,221.18,215.23,203.94,225.34,226.76,226.61,225.01,224.71,222.9,222.97,216.59,198.23,226.1,226.0,225.16,225.76,226.5,226.96,224.96,226.23,225.92,0.07,0.06,30.76,48.82,45.82,56.7,54.66,54.44,-82.8,4.9,-1.06,1.35,-1.6,5.08,5.66,-62.24,-38.18,38.05,26.34,61.47,37.76,43.54,26.19,56.83,233.1,216.92,7.19,0.55,233.77,212.03,9.75,0.63,5.13,4.75,4.72,2.77,4.05,3.92,234.86,215.87,233.09,213.92,223.5,1424897100,35106200.0,40632930.0,58653675.0,0.54,70.36,3033556208.32,159.27,-0.02,17.53,26.44,19.61,52.0,36.0,16.0,222.9,224.48,227.26,220.12,218.54,221.33,4.08,1.84,4.29,225.0,224.62,225.19,26954823.08
2024-10-09,AAPL,225.23,229.75,224.83,229.54,33591100,1.03,1.1,-0.07,1.03,1.1,-0.07,227.26,226.76,226.58,226.47,226.34,226.13,225.76,225.31,224.99,224.54,224.04,223.46,222.84,221.45,215.52,204.2,225.89,227.08,227.2,225.36,224.76,223.11,222.89,216.99,198.4,226.61,226.43,225.47,227.01,227.15,227.42,226.81,227.13,226.58,0.07,0.06,60.56,53.6,54.94,51.0,58.55,56.22,46.35,63.59,1.36,3.93,3.17,0.67,6.88,-30.19,-18.52,70.35,37.16,136.73,69.81,44.75,119.93,56.01,233.61,217.1,7.32,0.75,234.08,212.15,9.83,0.79,5.09,4.45,4.73,2.9,4.13,3.97,234.65,216.87,233.09,213.92,223.5,1458488200,35248300.0,39761170.0,58103875.0,0.58,69.21,3064279775.39,159.3,-0.02,17.05,22.86,20.93,48.0,32.0,16.0,225.0,226.75,227.73,224.02,222.27,221.33,3.77,1.67,4.92,228.04,227.29,228.42,30723567.07
2024-10-10,AAPL,227.78,229.5,227.17,229.04,28183500,1.17,1.11,0.05,1.17,1.11,0.05,228.15,227.52,227.12,226.93,226.75,226.49,226.07,225.59,225.25,224.79,224.28,223.71,223.08,221.7,215.78,204.45,226.57,227.23,227.21,225.67,224.85,223.25,222.89,217.38,198.58,226.96,226.78,225.75,227.76,227.61,227.77,227.83,227.73,227.07,0.07,0.07,57.2,52.21,52.72,51.26,56.01,57.27,75.73,70.14,0.73,2.99,1.52,0.84,6.27,-33.93,-21.13,66.07,58.15,81.89,66.07,57.88,82.44,64.15,233.98,217.35,7.37,0.7,234.34,212.17,9.93,0.76,4.11,4.22,4.6,2.96,4.16,4.04,234.52,217.62,233.09,213.92,223.5,1430304700,34076160.0,38915850.0,57640270.0,0.49,53.21,3081335026.47,159.32,-0.03,17.65,18.53,22.03,44.0,28.0,16.0,228.04,231.25,232.96,226.33,223.12,221.8,-0.5,-0.22,2.37,228.57,228.33,228.69,17055251.07
2024-10-11,AAPL,229.3,229.41,227.34,227.55,31759200,1.14,1.12,0.02,1.14,1.12,0.02,227.85,227.53,227.22,227.05,226.88,226.62,226.21,225.73,225.4,224.95,224.44,223.87,223.26,221.89,216.02,204.68,226.72,227.2,227.17,225.92,224.77,223.44,222.94,217.74,198.75,227.02,226.96,225.92,227.81,227.74,227.9,227.82,227.82,227.21,0.07,0.07,55.85,38.9,51.89,51.63,54.39,55.73,50.01,55.66,0.52,3.05,-0.24,1.08,5.05,-46.7,-28.9,73.87,70.1,81.42,53.3,63.06,33.78,60.32,234.14,217.71,7.27,0.6,234.5,212.38,9.9,0.69,3.78,4.11,4.52,2.96,4.11,3.97,234.44,217.99,233.09,213.92,223.5,1398545500,32978980.0,38689170.0,57389900.0,0.55,55.39,3056019722.12,159.35,-0.04,16.97,19.03,19.49,40.0,24.0,16.0,228.57,229.97,230.9,227.64,226.24,222.25,-1.49,-0.65,2.07,228.1,228.38,227.96,-25315304.35
2024-10-14,AAPL,228.7,231.73,228.6,231.3,39882100,1.41,1.18,0.23,1.41,1.18,0.23,229.58,228.79,228.13,227.82,227.56,227.21,226.7,226.15,225.78,225.3,224.77,224.2,223.57,222.2,216.32,204.94,228.64,227.04,227.49,226.67,224.85,223.67,223.06,218.13,198.95,227.77,227.47,226.34,229.08,228.51,228.47,229.49,228.86,228.02,0.07,0.07,62.03,61.83,55.6,55.47,57.59,59.19,127.32,114.33,1.66,4.7,-1.7,3.93,14.98,-14.57,-9.34,95.87,78.6,130.39,85.43,68.27,119.77,63.36,233.87,219.47,6.35,0.82,234.9,212.44,10.04,0.84,3.88,4.15,4.61,2.62,3.6,4.07,235.0,218.39,233.09,214.5,223.8,1438427600,33054320.0,37223190.0,56416135.0,0.71,55.13,3084943801.03,159.39,-0.04,16.07,22.84,19.16,36.0,20.0,16.0,228.1,228.86,230.17,226.79,226.03,222.69,3.75,1.65,4.18,230.54,230.16,230.73,28924078.91
2024-10-15,AAPL,233.61,237.49,232.37,233.85,64751400,1.81,1.3,0.51,1.81,1.3,0.51,231.71,230.47,229.4,228.92,228.52,228.04,227.38,226.72,226.3,225.77,225.22,224.62,223.97,222.58,216.67,205.23,230.26,227.8,227.93,227.52,225.22,224.16,223.23,218.56,199.15,229.0,228.16,226.93,230.84,229.64,229.31,231.73,230.35,229.17,0.08,0.07,87.67,65.05,58.4,59.98,66.13,59.19,204.51,226.44,2.66,6.24,7.64,7.48,17.06,-22.52,-15.83,77.48,82.4,67.62,77.48,72.07,88.29,59.48,233.77,221.27,5.49,1.01,234.96,213.36,9.64,0.95,4.21,4.36,4.5,3.36,3.12,4.37,236.09,218.67,237.49,217.54,227.52,1503179000,39633460.0,37369830.0,57377740.0,1.13,64.55,3057626804.16,159.46,-0.1,17.97,31.22,15.46,100.0,16.0,84.0,230.54,232.49,233.67,229.36,227.41,223.1,2.55,1.1,6.19,234.57,234.93,234.39,-27316996.88
2024-10-16,AAPL,231.6,232.12,229.84,231.78,34082200,1.93,1.43,0.5,1.93,1.43,0.5,231.75,230.91,229.93,229.44,229.03,228.51,227.8,227.09,226.65,226.11,225.54,224.93,224.28,222.89,216.97,205.49,230.7,228.3,228.29,228.08,225.58,224.65,223.34,219.01,199.34,229.73,228.56,227.35,231.44,230.22,229.8,232.22,231.02,229.8,0.09,0.07,71.27,62.49,48.15,55.55,63.4,57.17,89.1,113.35,-0.52,4.1,5.0,4.26,11.09,-35.33,-28.62,64.67,79.34,35.33,64.67,75.86,42.28,64.33,233.71,222.44,4.94,0.83,234.5,214.8,8.77,0.86,4.0,4.42,4.58,3.56,2.82,4.45,236.64,218.95,237.49,221.33,229.41,1469096800,39731680.0,37489990.0,56087105.0,0.61,58.27,3081544137.49,159.49,-0.09,18.24,28.8,19.32,96.0,12.0,84.0,234.57,236.77,239.69,231.65,229.45,223.96,-2.07,-0.89,4.01,231.25,230.98,231.38,23917333.33
2024-10-17,AAPL,233.43,233.85,230.52,232.15,32993800,2.04,1.55,0.49,2.04,1.55,0.49,231.95,231.32,230.42,229.93,229.51,228.96,228.21,227.47,227.01,226.44,225.86,225.24,224.59,223.19,217.27,205.76,231.33,228.95,228.59,228.24,225.91,225.1,223.57,219.43,199.58,230.43,228.95,227.77,231.97,230.78,230.28,232.65,231.63,230.4,0.1,0.08,62.16,61.29,61.21,55.66,60.94,57.66,94.46,123.63,2.63,4.21,6.48,4.36,3.28,-33.04,-33.04,66.96,69.7,61.47,66.96,69.7,61.47,60.56,234.16,222.33,5.18,0.83,234.2,215.99,8.09,0.89,3.87,4.5,4.45,3.61,2.96,4.56,237.21,219.21,237.49,221.33,229.41,1502090600,40693740.0,37384950.0,54397730.0,0.61,58.23,3080850574.13,159.52,-0.13,17.69,29.42,18.98,92.0,8.0,84.0,231.25,232.65,233.53,230.37,228.97,224.78,0.37,0.16,3.33,232.17,232.18,232.17,-693563.36
2024-10-18,AAPL,236.18,236.18,234.01,235.0,46431500,2.33,1.71,0.62,2.33,1.71,0.62,233.47,232.55,231.44,230.85,230.35,229.72,228.86,228.02,227.52,226.92,226.31,225.67,225.0,223.58,217.62,206.05,232.82,229.77,229.08,228.58,226.38,225.53,223.86,219.88,199.83,231.53,229.59,228.36,233.28,231.77,231.07,234.14,232.84,231.44,0.11,0.08,72.78,81.05,64.28,52.77,56.51,65.67,146.12,175.81,3.62,5.62,8.2,2.0,6.8,-15.41,-15.41,82.51,71.38,104.79,84.59,72.07,109.63,56.91,235.22,221.94,5.81,0.98,234.4,216.66,7.87,1.03,3.74,4.42,4.21,3.98,3.32,4.74,237.69,220.03,237.49,221.33,229.41,1548522100,43628200.0,38303590.0,40785310.0,1.14,57.66,3076785143.25,159.57,0.13,16.46,28.13,19.34,88.0,4.0,84.0,232.17,233.83,235.5,230.5,228.84,225.54,2.85,1.23,4.03,235.06,235.1,235.05,-4065430.88
2024-10-21,AAPL,234.45,236.85,234.45,236.48,36254500,2.64,1.89,0.75,2.64,1.89,0.75,234.98,233.86,232.56,231.88,231.29,230.56,229.58,228.65,228.1,227.45,226.8,226.14,225.45,224.0,217.99,206.35,233.85,231.25,229.31,229.08,226.9,225.93,224.17,220.35,200.1,232.75,230.35,229.01,234.7,232.87,231.96,235.73,234.19,232.59,0.12,0.09,84.16,78.44,68.54,66.66,58.65,66.24,129.64,159.84,4.79,9.32,14.79,10.27,10.01,-6.25,-6.25,92.02,80.5,115.07,93.75,81.77,117.72,58.9,236.52,221.65,6.49,1.0,234.92,216.94,7.96,1.09,3.74,3.93,4.06,3.35,3.72,4.97,237.44,221.73,237.49,221.33,229.41,1584776600,42902680.0,37978500.0,39890735.0,0.91,67.54,3101861172.42,159.61,0.21,19.07,32.85,11.01,84.0,0.0,84.0,235.06,236.12,237.23,233.95,232.89,226.26,1.48,0.63,2.4,235.93,235.65,236.06,25076029.17
2024-10-22,AAPL,233.89,236.22,232.6,235.86,38846600,2.81,2.08,0.73,2.81,2.08,0.73,235.42,234.53,233.29,232.6,232.0,231.22,230.18,229.18,228.6,227.92,227.24,226.56,225.86,224.39,218.34,206.65,234.25,232.26,229.95,229.51,227.43,226.3,224.46,220.79,200.38,233.59,230.99,229.59,235.5,233.7,232.68,236.41,235.1,233.48,0.13,0.1,72.94,70.15,65.82,64.7,60.04,63.23,92.78,116.07,3.99,8.8,10.09,9.08,8.49,-10.09,-10.09,84.21,86.25,80.12,89.91,89.42,90.9,62.93,237.48,221.54,6.95,0.9,235.39,217.22,8.03,1.03,4.0,3.89,4.08,3.02,3.99,5.06,237.97,222.4,237.49,221.33,229.41,1545930000,37721720.0,38677590.0,39655260.0,0.98,66.6,3132981376.84,159.64,0.25,21.42,33.14,13.17,80.0,0.0,80.0,235.93,237.4,238.33,235.0,233.53,226.93,-0.62,-0.26,3.88,234.89,234.41,235.14,31120204.42
2024-10-23,AAPL,234.08,235.14,227.76,230.76,52287000,2.51,2.16,0.34,2.51,2.16,0.34,233.09,233.27,232.73,232.27,231.81,231.17,230.24,229.3,228.74,228.08,227.41,226.74,226.05,224.6,218.59,206.89,234.05,232.38,230.22,229.73,227.7,226.49,224.66,221.18,200.6,233.32,231.11,229.8,234.37,233.47,232.68,234.45,234.47,233.31,0.13,0.11,37.63,54.24,65.84,57.3,53.33,51.74,18.12,36.18,4.09,4.56,1.22,5.09,4.39,-41.65,-41.65,33.69,69.97,-38.86,58.35,80.67,13.72,55.88,237.58,221.88,6.83,0.57,235.54,217.44,7.99,0.74,4.56,4.22,4.29,2.92,3.92,5.01,238.68,221.79,237.49,221.33,229.41,1493643000,41362680.0,40547180.0,40154175.0,1.3,64.27,3123204132.94,159.69,0.21,22.2,30.55,20.33,76.0,0.0,76.0,234.89,237.19,238.51,233.57,231.27,227.56,-5.1,-2.16,8.1,231.22,231.45,231.1,-9777243.9
2024-10-24,AAPL,229.98,230.82,228.41,230.57,31109500,2.22,2.17,0.05,2.22,2.17,0.05,231.83,232.37,232.25,231.96,231.62,231.09,230.27,229.4,228.86,228.21,227.57,226.91,226.23,224.79,218.83,207.12,233.73,232.53,230.54,229.88,227.96,226.67,224.8,221.54,200.83,232.99,231.19,229.99,233.42,233.22,232.66,232.98,233.88,233.11,0.14,0.11,44.3,57.96,59.7,55.56,54.19,52.2,-14.47,6.97,2.13,0.74,1.53,3.77,3.05,-42.82,-42.82,28.88,48.93,-11.21,57.18,68.48,34.57,59.79,237.67,222.09,6.77,0.54,235.69,217.65,7.96,0.72,4.02,4.12,4.24,2.76,3.89,4.95,238.5,222.03,237.49,221.33,229.41,1462533500,40985820.0,40839780.0,39877815.0,0.78,58.19,3147859379.83,159.72,0.23,20.64,29.26,20.85,72.0,48.0,24.0,231.22,234.68,238.6,227.3,223.84,227.76,-0.19,-0.08,2.41,229.93,229.62,230.09,24655246.89
2024-10-25,AAPL,229.74,233.22,229.57,231.41,38802300,2.04,2.15,-0.11,2.04,2.15,-0.11,231.62,232.05,232.06,231.86,231.58,231.13,230.38,229.54,229.02,228.39,227.76,227.1,226.43,225.01,219.08,207.36,233.02,232.92,230.85,230.06,228.25,226.8,225.02,221.91,201.05,232.78,231.34,230.21,232.98,233.15,232.73,232.33,233.58,233.07,0.14,0.12,46.66,50.34,54.29,66.39,53.9,54.67,5.74,34.67,0.81,1.41,3.86,9.72,3.62,-42.7,-37.62,37.51,33.36,45.81,57.3,57.61,56.69,61.2,237.81,222.31,6.74,0.59,235.9,217.7,8.02,0.75,3.97,3.99,4.27,2.2,3.87,4.88,238.35,222.4,237.49,221.33,229.41,1501335800,39459980.0,41544090.0,40116630.0,0.97,65.28,3148178302.84,159.76,0.25,21.17,34.52,16.51,68.0,44.0,24.0,229.93,231.46,232.34,229.05,227.52,227.76,0.84,0.36,3.65,231.4,231.4,231.4,318923.01
2024-10-28,AAPL,233.32,234.73,232.55,233.4,36087100,2.03,2.13,-0.09,2.03,2.13,-0.09,232.51,232.5,232.36,232.14,231.86,231.41,230.67,229.83,229.31,228.67,228.03,227.38,226.7,225.29,219.36,207.62,232.4,233.13,231.63,230.08,228.82,226.95,225.24,222.29,201.29,232.87,231.66,230.54,233.28,233.43,233.04,232.77,233.82,233.38,0.14,0.12,42.17,48.55,59.36,63.84,55.44,55.58,53.35,76.85,1.9,3.06,2.1,7.63,0.4,-32.31,-25.31,62.05,42.81,100.51,67.69,60.73,81.63,61.15,237.86,222.3,6.77,0.71,236.23,217.66,8.18,0.85,3.97,3.92,4.32,2.13,3.89,4.41,238.5,222.83,237.49,221.33,229.41,1537422900,39426500.0,41164590.0,39193890.0,0.92,65.62,3140232519.35,159.8,0.18,22.82,37.35,16.81,64.0,40.0,24.0,231.4,233.23,235.05,229.58,227.75,228.34,1.99,0.86,3.32,233.56,233.64,233.52,-7945783.49
2024-10-29,AAPL,233.1,234.33,232.32,233.67,35417200,2.03,2.11,-0.08,2.03,2.11,-0.08,233.09,232.89,232.65,232.42,232.14,231.7,230.95,230.11,229.59,228.95,228.31,227.65,226.98,225.56,219.64,207.88,231.96,233.11,232.16,230.45,229.39,227.1,225.65,222.68,201.53,232.97,232.0,230.86,233.58,233.71,233.34,233.18,234.06,233.68,0.14,0.12,34.41,56.89,63.86,58.58,50.72,56.85,40.78,67.83,2.69,2.77,-0.18,4.13,7.46,-37.02,-23.64,65.02,54.86,85.33,62.98,62.66,63.63,59.38,238.17,222.74,6.7,0.71,236.58,217.63,8.34,0.85,3.68,3.71,4.17,2.12,3.86,3.87,238.37,223.53,237.49,221.33,229.41,1572840100,38740620.0,38231170.0,37800500.0,0.94,59.28,3152390662.64,159.83,0.22,24.49,32.18,18.19,60.0,36.0,24.0,233.56,234.57,235.74,232.39,231.38,228.89,0.27,0.12,2.01,233.44,233.32,233.5,12158143.28
2024-10-30,AAPL,232.61,233.47,229.55,230.1,47070900,1.71,2.03,-0.31,1.71,2.03,-0.31,231.59,231.96,232.08,232.0,231.83,231.5,230.87,230.11,229.62,229.01,228.39,227.76,227.1,225.71,219.85,208.1,231.83,232.94,232.19,230.62,229.7,227.18,226.03,223.01,201.76,232.42,231.96,230.9,232.6,233.3,233.16,231.82,233.3,233.28,0.13,0.12,25.92,43.94,47.26,51.95,54.48,52.32,-46.62,13.08,-0.52,1.65,-1.68,1.06,3.32,-72.81,-45.73,25.74,50.94,-24.64,27.19,52.62,-23.67,52.98,238.14,223.09,6.53,0.47,236.68,217.67,8.37,0.65,3.93,3.84,3.93,2.3,3.76,3.5,238.54,223.2,237.49,221.33,229.41,1525769200,37697400.0,39530040.0,38510015.0,1.22,52.39,3118528433.55,159.88,0.14,24.99,31.14,22.76,56.0,32.0,24.0,233.44,234.56,235.45,232.55,231.43,229.41,-3.57,-1.53,4.12,231.04,231.51,230.8,-33862229.08
2024-10-31,AAPL,229.34,229.83,225.37,225.91,64370100,1.12,1.84,-0.73,1.12,1.84,-0.73,228.75,229.94,230.71,230.89,230.92,230.8,230.4,229.8,229.38,228.84,228.27,227.68,227.05,225.72,219.97,208.28,230.9,232.32,231.99,230.63,229.6,227.17,226.3,223.34,201.98,231.15,231.52,230.66,230.48,232.16,232.47,229.01,231.58,232.16,0.12,0.12,28.05,25.1,33.14,47.25,49.08,48.42,-178.66,-82.15,-3.4,-0.71,-6.24,-1.64,0.24,-95.54,-71.66,4.7,31.82,-49.53,4.46,31.54,-49.72,45.96,238.12,223.14,6.5,0.18,236.68,217.65,8.37,0.43,4.05,4.03,3.94,3.2,3.75,3.57,238.45,222.35,237.49,221.33,229.41,1461399100,44349520.0,42667670.0,40026310.0,1.61,49.61,3069745712.03,159.93,0.06,24.97,29.67,29.1,52.0,28.0,24.0,231.04,232.53,234.96,228.61,227.12,237.49,-4.19,-1.82,4.73,227.04,227.6,226.76,-48782721.52
2024-11-01,AAPL,220.97,225.35,220.27,222.91,65276700,0.39,1.55,-1.16,0.39,1.55,-1.16,225.83,227.6,228.98,229.44,229.69,229.81,229.68,229.29,228.96,228.51,228.01,227.47,226.89,225.62,220.03,208.42,229.2,231.11,231.68,230.44,229.42,227.13,226.46,223.5,202.15,229.44,230.78,230.23,227.92,230.64,231.46,225.8,229.37,230.62,0.11,0.12,22.37,15.68,31.88,35.58,47.18,41.21,-237.85,-164.23,-3.83,-2.14,-12.09,-8.39,-3.89,-84.67,-84.67,16.55,15.67,18.32,15.33,15.66,14.67,46.41,238.53,222.35,7.02,0.03,236.69,217.57,8.42,0.28,3.7,4.13,4.05,4.2,4.04,3.76,237.94,221.42,237.49,220.27,228.88,1396122400,49644400.0,44552190.0,41427890.0,1.58,41.4,3072315660.85,159.99,0.04,25.76,24.9,37.18,48.0,100.0,-52.0,227.04,228.7,231.5,224.24,222.58,237.25,-3.0,-1.33,5.64,222.84,222.81,222.86,2569948.82
2024-11-04,AAPL,220.99,222.79,219.71,222.01,44944500,-0.25,1.19,-1.44,-0.25,1.19,-1.44,223.92,225.74,227.43,228.09,228.5,228.84,228.95,228.75,228.52,228.15,227.72,227.23,226.7,225.51,220.07,208.56,226.92,229.66,231.06,230.45,229.28,227.04,226.56,223.59,202.3,227.78,229.98,229.75,225.74,229.15,230.43,223.33,227.33,229.1,0.08,0.11,16.24,15.46,29.72,28.43,45.08,45.92,-198.17,-186.79,-4.37,-4.72,-14.47,-11.84,0.32,-86.58,-87.06,14.91,12.05,20.61,13.42,11.07,18.12,46.63,238.47,222.44,6.96,-0.03,236.71,217.37,8.52,0.24,3.81,3.92,4.02,4.62,4.01,3.97,236.79,221.12,237.49,219.71,228.6,1351177900,51415880.0,45421190.0,41699845.0,1.08,32.03,3094496063.45,160.02,0.11,26.47,15.76,40.23,44.0,100.0,-56.0,222.84,225.42,227.92,220.34,217.76,236.57,-0.9,-0.4,3.2,221.5,221.25,221.63,22180402.6
2024-11-05,AAPL,221.8,223.95,221.14,223.45,28111300,-0.63,0.83,-1.46,-0.63,0.83,-1.46,223.69,224.97,226.55,227.24,227.73,228.16,228.43,228.36,228.19,227.89,227.51,227.07,226.57,225.44,220.14,208.71,224.88,228.42,230.36,230.34,229.14,226.96,226.65,223.68,202.45,226.65,229.31,229.37,224.63,228.14,229.68,222.45,226.04,228.03,0.06,0.1,12.79,27.7,25.52,34.46,51.95,46.82,-127.83,-149.83,-4.91,-1.22,-12.41,-8.33,-2.32,-78.18,-78.97,24.9,18.79,37.13,21.82,16.86,31.75,49.02,238.7,221.97,7.26,0.09,236.68,217.24,8.57,0.32,3.69,3.83,3.89,4.43,4.18,4.1,236.09,220.77,237.49,219.71,228.6,1379289200,49954700.0,44347660.0,41512625.0,0.68,36.97,3112603342.09,160.05,0.1,27.43,18.27,36.42,40.0,96.0,-56.0,221.5,223.3,224.58,220.22,218.42,235.56,1.44,0.65,2.81,222.85,222.54,223.0,18107278.65
2024-11-06,AAPL,222.61,226.07,221.19,222.72,54561100,-0.99,0.47,-1.45,-0.99,0.47,-1.45,223.2,224.22,225.7,226.42,226.96,227.48,227.89,227.94,227.84,227.6,227.28,226.88,226.42,225.35,220.19,208.85,223.4,227.62,229.76,230.0,229.02,226.86,226.68,223.78,202.59,225.62,228.59,228.96,223.61,227.13,228.9,221.66,224.81,226.96,0.04,0.09,10.41,26.82,19.88,32.65,46.34,47.16,-96.18,-124.48,-5.82,-1.79,-8.04,-9.43,-6.82,-82.44,-83.07,20.04,19.95,20.22,17.56,17.6,17.48,46.05,239.02,220.97,7.85,0.1,236.65,217.07,8.63,0.29,3.91,3.94,3.92,4.68,4.51,4.23,235.77,220.0,237.49,219.71,228.6,1324728100,51452740.0,44575070.0,42561125.0,1.28,38.97,3092254735.13,160.09,0.03,28.13,18.47,35.39,36.0,92.0,-56.0,222.85,224.55,225.66,221.74,220.04,234.61,-0.73,-0.33,4.88,223.33,223.63,223.18,-20348606.97
2024-11-07,AAPL,224.63,227.88,224.57,227.48,42137700,-0.87,0.2,-1.07,-0.87,0.2,-1.07,225.34,225.31,226.09,226.61,227.04,227.48,227.85,227.91,227.81,227.59,227.29,226.91,226.46,225.42,220.33,209.03,223.71,227.31,229.45,229.92,229.02,226.88,226.77,223.89,202.76,225.59,228.35,228.86,224.47,227.13,228.79,223.42,225.06,226.89,0.02,0.08,41.28,40.58,34.47,37.07,47.59,50.61,-36.68,-58.44,-3.55,0.8,-3.09,-7.52,-1.56,-54.67,-56.3,51.73,32.22,90.75,45.33,28.24,79.52,50.64,239.01,220.83,7.91,0.37,236.67,217.09,8.63,0.53,4.36,4.02,3.93,4.56,4.55,4.23,235.89,219.8,237.49,219.71,228.6,1366865800,47006260.0,45677890.0,43258835.0,0.97,38.38,3124208096.76,160.13,0.05,29.23,17.17,34.68,32.0,88.0,-56.0,223.33,225.46,228.21,220.58,218.45,233.71,4.76,2.14,5.16,226.64,226.22,226.85,31953361.63
2024-11-08,AAPL,227.17,228.66,226.41,226.96,38328800,-0.81,-0.0,-0.81,-0.81,-0.0,-0.81,226.15,225.86,226.28,226.68,227.03,227.42,227.76,227.84,227.76,227.56,227.27,226.91,226.48,225.47,220.46,209.21,224.52,226.86,228.91,229.89,228.99,226.82,226.81,224.02,202.92,225.53,228.06,228.73,224.98,227.04,228.62,224.48,225.16,226.73,0.01,0.06,54.63,33.38,41.52,33.07,47.56,55.16,-17.58,-44.46,-1.65,0.07,-4.45,-9.52,-0.59,-56.09,-59.22,49.59,40.45,67.86,43.91,35.6,60.53,51.97,239.02,220.76,7.94,0.34,236.57,217.07,8.6,0.51,4.1,4.01,3.92,4.33,4.56,4.24,235.79,219.74,237.49,219.71,228.6,1328537000,41616680.0,45630540.0,43587315.0,0.88,38.45,3104617821.2,160.17,0.06,28.04,17.41,34.78,28.0,84.0,-56.0,226.64,228.72,229.95,225.41,223.33,232.87,-0.52,-0.23,2.25,227.34,227.54,227.25,-19590275.56
2024-11-11,AAPL,225.0,225.7,221.5,224.23,42005600,-0.97,-0.2,-0.78,-0.97,-0.2,-0.78,225.19,225.32,225.83,226.23,226.6,227.02,227.43,227.57,227.53,227.37,227.12,226.79,226.39,225.43,220.54,209.36,224.97,225.94,228.1,229.54,228.7,226.72,226.78,224.16,203.08,225.05,227.52,228.42,224.48,226.46,228.12,224.02,224.55,226.11,-0.01,0.05,55.96,28.39,37.29,30.76,46.22,48.45,-69.62,-93.34,-2.75,1.15,-9.17,-11.63,-7.07,-70.71,-74.58,32.85,44.72,9.1,29.29,39.51,8.85,54.63,238.97,220.1,8.22,0.22,236.48,216.96,8.61,0.37,4.2,4.12,4.08,3.72,4.72,4.26,235.67,219.18,237.49,219.71,228.6,1286531400,41028900.0,46222390.0,43693490.0,0.96,38.38,3117219501.2,160.2,0.04,27.79,16.94,39.12,24.0,80.0,-56.0,227.34,228.28,229.59,226.03,225.09,232.08,-2.73,-1.2,5.46,223.81,223.6,223.92,12601680.0
2024-11-12,AAPL,224.55,225.59,223.36,224.23,40398300,-1.09,-0.38,-0.71,-1.09,-0.38,-0.71,224.71,224.95,225.47,225.87,226.23,226.67,227.12,227.32,227.32,227.2,226.98,226.68,226.31,225.39,220.61,209.51,225.12,225.0,227.32,229.05,228.64,226.75,226.75,224.33,203.24,224.74,227.02,228.13,224.13,225.98,227.67,223.78,224.08,225.56,-0.02,0.04,60.9,33.94,35.1,37.01,41.2,44.22,-51.73,-74.45,-3.1,-0.68,-9.44,-6.53,-9.62,-69.91,-74.58,44.66,42.37,49.26,30.09,34.43,21.41,55.33,238.55,219.56,8.29,0.25,236.47,217.03,8.57,0.37,3.71,3.7,3.99,2.56,4.75,4.32,234.53,219.71,236.85,219.71,228.28,1286531400,43486300.0,46720500.0,42475835.0,0.95,45.79,3108342744.7,160.24,0.06,28.42,18.85,34.22,20.0,76.0,-56.0,223.81,226.12,228.01,221.92,219.61,231.34,0.0,0.0,2.23,224.39,224.48,224.35,-8876756.5
2024-11-13,AAPL,224.01,226.65,222.76,225.12,48566200,-1.1,-0.52,-0.58,-1.1,-0.52,-0.58,224.92,225.01,225.39,225.73,226.06,226.48,226.93,227.16,227.18,227.08,226.89,226.61,226.26,225.38,220.7,209.66,225.6,224.5,226.94,228.72,228.58,226.84,226.73,224.5,203.43,224.76,226.64,227.9,224.2,225.72,227.37,224.08,223.95,225.26,-0.03,0.02,58.67,47.36,32.0,39.45,38.67,45.77,-37.16,-60.57,-3.55,-1.93,-4.98,-5.45,-6.66,-63.98,-68.44,60.45,45.99,89.37,36.02,31.8,44.45,54.27,238.28,219.16,8.36,0.31,236.42,217.26,8.45,0.41,3.81,3.81,3.88,1.84,4.78,4.35,234.55,219.31,236.85,219.71,228.28,1335097600,42287320.0,46870030.0,43200035.0,1.12,52.27,3118705198.69,160.28,0.04,28.95,20.32,33.27,16.0,72.0,-56.0,224.39,225.43,226.62,223.2,222.16,230.64,0.89,0.4,3.89,224.84,224.7,224.91,10362453.98
2024-11-14,AAPL,225.02,228.87,225.0,228.22,44923900,-0.85,-0.59,-0.26,-0.85,-0.59,-0.26,226.57,226.08,226.02,226.18,226.39,226.69,227.05,227.24,227.24,227.15,226.96,226.68,226.34,225.47,220.85,209.85,225.75,224.73,226.79,228.52,228.67,226.96,226.76,224.69,203.65,225.44,226.6,227.88,225.3,226.07,227.49,225.73,224.67,225.56,-0.04,0.01,72.92,67.62,39.45,44.32,45.5,50.7,20.37,-17.34,-2.33,-0.36,2.31,-3.19,-3.93,-43.34,-50.35,92.9,66.0,146.7,56.66,40.92,88.13,56.08,237.95,219.1,8.25,0.48,236.46,217.45,8.37,0.57,3.96,3.83,3.87,2.15,4.71,4.32,234.71,219.4,236.85,219.71,228.28,1380021500,42844560.0,44925410.0,43796540.0,1.03,52.69,3148538382.92,160.32,0.08,28.21,19.9,33.13,12.0,68.0,-56.0,224.84,226.93,228.73,223.04,220.95,229.99,3.1,1.38,3.87,227.36,226.94,227.58,29833184.24
2024-11-15,AAPL,226.4,226.92,224.27,225.0,47923700,-0.89,-0.65,-0.25,-0.89,-0.65,-0.25,225.78,225.72,225.8,225.97,226.18,226.48,226.86,227.07,227.1,227.03,226.86,226.61,226.29,225.46,220.93,210.0,225.36,224.94,226.36,228.02,228.61,227.04,226.77,224.81,203.84,225.49,226.26,227.64,225.07,225.79,227.19,225.41,224.45,225.25,-0.04,0.0,38.15,58.6,39.99,35.68,41.57,43.35,-11.76,-44.7,-2.22,-1.12,2.09,-8.4,-10.0,-63.82,-69.14,49.94,67.76,14.28,36.18,42.95,22.64,54.27,237.05,219.0,7.92,0.33,236.39,217.68,8.24,0.39,3.83,3.87,3.9,2.06,4.51,4.36,234.6,219.12,236.85,219.71,228.28,1332097800,44763540.0,43190110.0,43871150.0,1.09,46.03,3127017928.96,160.36,0.06,27.92,16.88,34.1,8.0,64.0,-56.0,227.36,229.73,231.23,225.86,223.49,229.37,-3.22,-1.41,3.95,225.4,225.6,225.3,-21520453.96
2024-11-18,AAPL,225.25,229.74,225.17,228.02,44633700,-0.68,-0.65,-0.03,-0.68,-0.65,-0.03,226.9,226.49,226.29,226.34,226.46,226.67,226.97,227.14,227.16,227.08,226.92,226.67,226.35,225.54,221.07,210.18,226.12,225.54,226.0,227.6,228.82,227.18,226.79,224.95,204.05,226.05,226.26,227.61,225.91,226.1,227.3,226.57,225.07,225.53,-0.04,-0.01,54.09,62.05,54.34,41.19,41.8,43.91,71.28,2.42,0.93,-1.42,6.01,-5.65,-8.46,-39.61,-51.52,79.88,74.24,91.17,60.39,51.08,79.02,50.98,235.71,219.5,7.12,0.53,236.37,217.99,8.09,0.55,3.77,4.07,3.94,1.98,4.05,4.16,235.1,218.84,236.22,219.71,227.96,1376731500,45289160.0,43159030.0,44290110.0,1.01,52.34,3138054270.54,160.4,0.04,27.42,21.03,32.06,4.0,60.0,-56.0,225.4,226.52,228.05,223.87,222.75,219.71,3.02,1.34,4.74,227.64,227.46,227.74,11036341.58
2024-11-19,AAPL,226.98,230.16,226.66,228.28,36211800,-0.49,-0.62,0.14,-0.49,-0.62,0.14,227.59,227.08,226.73,226.69,226.74,226.88,227.09,227.23,227.23,227.15,226.98,226.74,226.43,225.63,221.21,210.36,226.93,226.03,225.64,227.22,228.9,227.34,226.81,225.12,204.25,226.54,226.33,227.57,226.63,226.42,227.43,227.47,225.67,225.83,-0.04,-0.02,69.3,65.03,62.45,46.84,40.08,46.2,111.27,26.57,2.41,-2.38,4.83,-1.82,-7.58,-17.99,-48.09,78.29,69.37,96.13,82.01,59.53,126.97,52.46,234.35,220.09,6.28,0.57,236.31,218.38,7.89,0.55,3.95,4.02,3.99,2.0,3.56,4.12,235.14,219.05,235.14,219.71,227.42,1412943300,44451860.0,43969080.0,44158370.0,0.82,58.99,3135364251.11,160.43,0.0,27.1,22.0,27.49,0.0,56.0,-56.0,227.64,230.12,232.21,225.55,223.07,219.91,0.26,0.11,3.5,228.37,228.41,228.34,-2690019.43
2024-11-20,AAPL,228.06,229.93,225.89,229.0,35169600,-0.27,-0.55,0.28,-0.27,-0.55,0.28,228.3,227.72,227.24,227.11,227.09,227.14,227.28,227.36,227.34,227.25,227.08,226.84,226.53,225.74,221.37,210.54,227.7,226.65,225.57,227.13,228.88,227.47,226.82,225.25,204.45,227.08,226.49,227.58,227.4,226.83,227.64,228.38,226.36,226.23,-0.04,-0.02,71.28,55.26,66.34,56.11,41.72,46.6,100.08,29.27,3.15,-1.2,6.28,3.09,-1.76,-11.1,-39.79,86.61,81.59,96.63,88.9,77.1,112.5,56.65,234.12,220.15,6.15,0.63,236.34,218.6,7.8,0.59,3.75,3.97,4.0,1.83,3.49,4.12,235.22,219.33,234.73,219.71,227.22,1448112900,41772540.0,42029930.0,43302500.0,0.81,61.81,3154341906.55,160.46,0.04,27.12,22.28,21.7,12.0,52.0,-40.0,228.37,230.07,231.87,226.57,224.87,220.32,0.72,0.32,4.04,228.27,227.91,228.46,18977655.45
2024-11-21,AAPL,228.88,230.16,225.71,228.52,42108300,-0.14,-0.47,0.33,-0.14,-0.47,0.33,228.41,227.99,227.52,227.37,227.31,227.31,227.39,227.44,227.42,227.32,227.15,226.91,226.61,225.83,221.51,210.72,227.76,226.76,225.74,227.03,228.86,227.59,226.86,225.33,204.64,227.42,226.63,227.55,227.82,227.1,227.77,228.74,226.81,226.49,-0.04,-0.02,65.74,55.41,62.41,62.32,46.96,42.64,81.84,28.85,2.27,-1.56,1.04,5.61,-2.05,-15.69,-41.34,81.06,81.99,79.21,84.31,85.07,82.78,58.32,233.87,220.2,6.02,0.61,236.36,218.81,7.71,0.55,4.06,3.89,3.82,1.91,3.42,4.12,235.17,219.62,234.73,219.71,227.22,1406004600,41209420.0,42026990.0,43852440.0,0.96,64.1,3165413077.56,160.5,0.02,27.77,23.19,12.81,8.0,48.0,-40.0,228.27,230.66,232.31,226.62,224.23,220.71,-0.48,-0.21,4.45,228.13,227.94,228.23,11071171.01
2024-11-22,AAPL,228.06,230.72,228.06,229.87,38168300,0.08,-0.36,0.44,0.08,-0.36,0.44,229.14,228.62,228.04,227.82,227.7,227.63,227.63,227.62,227.58,227.46,227.28,227.04,226.74,225.97,221.68,210.91,228.74,227.05,226.21,226.96,228.94,227.73,226.86,225.41,204.85,227.99,226.9,227.62,228.56,227.58,228.05,229.56,227.53,226.98,-0.03,-0.03,59.12,71.63,66.98,66.93,49.08,42.47,116.75,68.25,3.21,-2.18,2.91,7.86,-1.54,-8.87,-32.36,89.32,85.66,96.64,91.13,88.11,97.16,58.76,233.61,220.3,5.87,0.72,236.41,219.06,7.62,0.62,3.89,3.85,3.84,2.15,3.33,4.11,235.33,219.93,234.73,219.71,227.22,1444172900,39258340.0,42010940.0,43820740.0,0.87,71.32,3179188103.13,160.53,0.04,27.12,24.46,11.89,4.0,44.0,-40.0,228.13,230.55,232.58,226.1,223.68,221.09,1.35,0.59,2.66,229.55,229.39,229.63,13775025.56
2024-11-25,AAPL,231.46,233.25,229.74,232.87,90152800,0.49,-0.19,0.67,0.49,-0.19,0.67,231.0,230.03,229.12,228.74,228.5,228.29,228.13,228.01,227.92,227.76,227.56,227.29,226.98,226.19,221.9,211.13,229.71,227.91,226.93,226.93,228.99,228.06,226.92,225.48,205.07,229.05,227.46,227.87,230.1,228.53,228.68,231.42,228.9,227.95,-0.02,-0.02,94.56,76.93,63.97,69.01,51.82,46.77,177.9,135.17,2.37,-1.53,8.64,9.42,-0.53,-3.15,-12.38,96.38,88.92,111.29,96.85,90.76,109.03,59.43,233.48,220.37,5.78,0.95,236.2,219.93,7.14,0.8,3.84,3.9,3.83,2.58,3.28,4.16,235.93,220.33,234.33,219.71,227.02,1534325700,48362160.0,46825660.0,46524025.0,1.94,74.19,3249820638.74,160.62,0.12,27.52,26.65,11.74,0.0,40.0,-40.0,229.55,231.04,232.21,228.38,226.89,221.67,3.0,1.31,3.51,231.95,231.5,232.18,70632535.61
2024-11-26,AAPL,233.33,235.57,233.33,235.06,45986200,0.97,0.04,0.93,0.97,0.04,0.93,233.03,231.71,230.44,229.89,229.51,229.13,228.79,228.53,228.38,228.17,227.92,227.63,227.29,226.48,222.16,211.37,231.06,229.0,227.71,227.0,229.03,228.43,227.13,225.55,205.31,230.35,228.23,228.26,231.94,229.75,229.53,233.59,230.59,229.19,-0.01,-0.02,94.0,78.66,69.32,73.51,52.06,54.96,222.72,199.94,3.57,-0.34,10.83,12.34,1.39,-3.62,-3.22,95.49,93.73,99.0,96.38,94.78,99.56,65.56,233.87,220.12,6.06,1.09,236.13,220.73,6.74,0.93,3.66,3.74,3.8,3.09,3.44,4.21,236.28,221.3,235.57,219.71,227.64,1580311900,50317040.0,47384450.0,47052475.0,0.98,73.94,3274866694.1,160.66,0.13,28.09,28.14,12.23,0.0,36.0,-36.0,231.95,234.17,235.46,230.66,228.44,222.6,2.19,0.94,2.7,234.65,234.45,234.76,25046055.36
2024-11-27,AAPL,234.47,235.69,233.81,234.93,33498400,1.33,0.3,1.03,1.33,0.3,1.03,233.98,232.78,231.44,230.81,230.34,229.86,229.37,229.01,228.8,228.55,228.26,227.95,227.59,226.76,222.41,211.6,232.25,229.98,228.52,227.24,229.14,228.72,227.36,225.61,205.56,231.43,228.99,228.64,233.23,230.78,230.27,234.89,231.93,230.26,0.01,-0.02,92.25,73.35,79.14,67.24,51.57,55.03,170.87,186.94,4.77,1.81,9.81,7.45,4.83,-5.36,-4.76,93.35,95.07,89.9,94.64,95.96,92.02,64.77,234.87,219.61,6.72,1.0,236.3,221.13,6.63,0.91,3.25,3.51,3.79,3.27,3.82,4.32,236.39,222.36,235.69,219.71,227.7,1546813500,49982800.0,45877670.0,46373850.0,0.72,73.63,3281281281.33,160.7,0.18,28.12,26.58,13.05,100.0,32.0,68.0,234.65,235.98,236.89,233.74,232.41,223.89,-0.13,-0.06,1.88,234.81,234.75,234.84,6414587.23
2024-11-29,AAPL,234.81,237.81,233.97,237.33,28481400,1.79,0.6,1.19,1.79,0.6,1.19,235.66,234.3,232.75,231.99,231.42,230.79,230.13,229.62,229.35,229.03,228.71,228.36,227.97,227.11,222.71,211.86,234.01,230.89,229.18,227.81,229.31,228.88,227.61,225.65,205.83,232.76,229.95,229.17,234.95,232.08,231.24,236.74,233.63,231.62,0.02,-0.01,93.61,95.5,81.55,72.07,59.26,56.6,153.55,183.46,5.84,2.93,9.11,10.37,11.42,-2.94,-2.65,96.2,95.01,98.58,97.06,96.03,99.12,69.61,236.64,218.98,7.75,1.04,236.85,220.92,6.96,1.03,3.3,3.62,3.78,3.93,4.41,4.54,237.38,222.89,237.81,219.71,228.76,1575294900,47257420.0,44233420.0,44579415.0,0.64,73.26,3302642331.33,160.73,0.26,28.49,28.39,12.64,100.0,28.0,72.0,234.81,235.81,236.69,233.93,232.93,225.31,2.4,1.02,3.84,236.37,235.89,236.61,21361050.0
2024-12-02,AAPL,237.27,240.79,237.16,239.59,48137100,2.31,0.94,1.37,2.31,0.94,1.37,237.62,236.06,234.27,233.37,232.67,231.89,231.03,230.36,230.01,229.62,229.24,228.84,228.43,227.52,223.04,212.14,235.96,232.35,230.02,228.64,229.47,229.11,227.92,225.78,206.11,234.34,231.07,229.83,236.92,233.61,232.4,238.87,235.58,233.22,0.05,0.0,98.85,95.23,82.69,83.36,68.44,56.86,159.68,197.58,6.43,3.53,14.59,15.36,16.68,-6.66,-5.69,92.04,93.86,88.4,93.34,95.02,90.0,69.09,238.6,218.69,8.71,1.05,237.63,220.59,7.44,1.11,3.24,3.49,3.73,4.2,4.98,4.81,238.02,224.05,240.79,219.71,230.25,1623432000,49251180.0,44254760.0,43722435.0,1.1,80.2,3318953249.51,160.78,0.28,31.67,35.55,3.07,100.0,24.0,76.0,236.37,238.77,240.21,234.93,232.53,227.06,2.26,0.95,3.63,239.18,238.98,239.28,16310918.18
2024-12-03,AAPL,239.81,242.76,238.9,242.65,38861000,2.94,1.34,1.6,2.94,1.34,1.6,240.14,238.26,236.13,235.06,234.21,233.24,232.14,231.27,230.83,230.34,229.89,229.45,228.99,228.01,223.43,212.44,237.91,233.81,231.25,229.68,229.67,229.44,228.29,225.9,206.41,236.22,232.41,230.69,239.34,235.48,233.82,241.54,237.94,235.16,0.07,0.02,99.0,96.09,82.66,85.31,76.56,59.37,154.33,189.06,6.32,3.96,14.63,18.42,20.64,-0.55,-0.48,99.35,95.87,106.33,99.45,96.62,105.12,74.12,240.93,218.42,9.8,1.08,238.74,220.13,8.11,1.21,3.15,3.61,3.64,5.0,5.63,5.23,239.36,224.92,242.76,221.14,231.95,1662293000,38992820.0,43677490.0,43418260.0,0.9,80.25,3355599373.87,160.82,0.3,35.71,38.3,2.97,100.0,20.0,80.0,239.18,241.2,242.81,237.57,235.55,229.26,3.06,1.28,3.86,241.44,240.83,241.74,36646124.35
2024-12-04,AAPL,242.87,244.11,241.25,243.01,44383900,3.42,1.76,1.66,3.42,1.76,1.66,241.57,239.84,237.66,236.51,235.56,234.46,233.17,232.14,231.61,231.05,230.53,230.03,229.54,228.5,223.82,212.74,239.5,235.28,232.5,230.65,229.91,229.75,228.67,225.98,206.71,237.89,233.68,231.55,241.19,237.13,235.15,243.32,239.92,236.91,0.1,0.03,98.75,95.99,96.83,85.01,78.67,64.44,140.97,169.76,8.0,4.0,14.73,17.89,19.56,-5.54,-4.79,94.02,95.14,91.79,94.46,95.75,91.87,73.55,242.98,218.33,10.69,1.0,239.79,219.71,8.74,1.16,3.18,3.53,3.63,5.35,6.16,5.67,240.24,226.1,244.11,221.19,232.65,1706676900,38672360.0,44494700.0,44231890.0,1.0,80.23,3365841812.33,160.86,0.29,40.12,39.68,3.03,100.0,16.0,84.0,241.44,243.97,245.3,240.11,237.58,231.69,0.36,0.15,2.86,242.79,242.68,242.84,10242438.46
2024-12-05,AAPL,243.99,244.54,242.13,243.04,40033900,3.76,2.16,1.61,3.76,2.16,1.61,242.31,240.91,238.85,237.69,236.71,235.53,234.11,232.95,232.35,231.71,231.14,230.6,230.07,228.98,224.2,213.05,241.12,236.69,233.69,231.67,230.32,230.08,229.01,226.06,207.02,239.3,234.86,232.39,242.5,238.54,236.35,244.34,241.49,238.43,0.12,0.05,98.42,99.12,96.24,82.96,77.82,71.12,121.67,147.37,6.59,5.62,14.04,14.82,20.32,-7.4,-6.42,90.9,94.76,83.18,92.6,95.5,86.8,69.12,244.58,218.76,11.14,0.94,240.75,219.41,9.28,1.11,3.03,3.43,3.61,5.36,6.45,6.15,240.98,227.25,244.54,221.5,233.02,1746710800,39979460.0,44981130.0,43505530.0,0.92,80.16,3356040982.04,160.91,0.3,44.37,37.16,3.12,100.0,12.0,88.0,242.79,244.33,245.65,241.47,239.93,234.17,0.03,0.01,2.41,243.24,243.33,243.19,-9800830.29
2024-12-06,AAPL,242.91,244.63,242.08,242.84,36870600,3.97,2.52,1.45,3.97,2.52,1.45,242.57,241.55,239.74,238.63,237.66,236.44,234.94,233.68,233.03,232.33,231.71,231.13,230.57,229.43,224.57,213.34,242.23,238.12,234.67,232.44,230.73,230.39,229.34,226.2,207.31,240.42,235.92,233.2,243.33,239.7,237.4,244.74,242.67,239.69,0.15,0.07,97.59,97.58,94.99,95.84,79.01,76.4,105.37,125.74,6.38,7.49,14.32,17.84,15.36,-9.2,-7.74,87.98,90.97,82.0,90.8,92.62,87.17,66.01,246.1,218.77,11.76,0.88,241.63,219.15,9.75,1.05,3.0,3.33,3.5,4.82,6.83,6.57,241.61,228.28,244.63,221.5,233.06,1709840200,41657300.0,44457360.0,43242175.0,0.85,81.2,3341148151.45,160.95,0.25,48.51,38.47,1.65,100.0,8.0,92.0,243.24,244.34,245.65,241.93,240.83,236.25,-0.2,-0.08,2.55,243.18,243.36,243.1,-14892830.59
2024-12-09,AAPL,241.83,247.24,241.75,246.75,44649200,4.4,2.9,1.51,4.4,2.9,1.51,244.66,243.28,241.3,240.11,239.05,237.73,236.07,234.65,233.91,233.13,232.45,231.81,231.2,230.0,225.01,213.67,243.66,239.81,236.12,233.43,231.24,230.77,229.75,226.43,207.63,241.99,237.28,234.23,245.16,241.39,238.83,246.61,244.59,241.49,0.17,0.09,97.96,97.73,95.82,96.02,78.48,80.35,111.2,127.99,7.75,10.69,16.88,18.73,19.79,-2.28,-1.9,96.48,91.78,105.86,97.72,93.71,105.76,70.51,248.24,218.62,12.69,0.95,242.89,218.64,10.51,1.16,3.52,3.38,3.51,4.56,7.41,7.19,242.84,229.3,247.24,221.5,234.37,1754489400,40959720.0,45105450.0,43558195.0,1.03,81.31,3377827184.6,161.0,0.31,53.58,37.42,1.63,100.0,4.0,96.0,243.18,244.29,245.73,241.74,240.63,237.92,3.91,1.61,5.49,245.25,244.5,245.62,36679033.15
2024-12-10,AAPL,246.89,248.21,245.34,247.77,36914800,4.77,3.27,1.5,4.77,3.27,1.5,246.22,244.78,242.74,241.5,240.4,238.99,237.18,235.62,234.81,233.95,233.19,232.51,231.85,230.58,225.46,214.01,244.68,241.3,237.43,234.6,231.72,231.06,230.27,226.66,207.96,243.44,238.65,235.3,246.77,243.01,240.24,248.14,246.35,243.22,0.19,0.11,97.67,97.53,98.34,96.16,80.31,80.14,113.52,130.31,8.42,11.6,14.9,19.49,23.54,-1.96,-1.65,96.94,93.8,103.23,98.04,95.52,103.09,71.1,250.07,219.14,13.18,0.93,244.09,218.03,11.28,1.14,3.38,3.34,3.54,4.47,7.73,7.79,243.86,230.5,248.21,222.76,235.48,1791404200,40570480.0,39781650.0,43303655.0,0.85,81.42,3403423160.91,161.04,0.33,59.35,39.1,1.65,100.0,0.0,100.0,245.25,248.74,250.74,243.25,239.76,239.79,1.02,0.41,2.87,247.11,246.78,247.27,25595976.31
2024-12-11,AAPL,247.96,250.8,246.26,246.49,45205800,4.91,3.6,1.31,4.91,3.6,1.31,246.35,245.35,243.57,242.41,241.33,239.93,238.07,236.43,235.56,234.64,233.84,233.11,232.43,231.11,225.87,214.34,245.38,242.44,238.65,235.72,232.15,231.47,230.77,226.89,208.28,244.38,239.78,236.25,247.46,244.14,241.35,248.4,247.39,244.46,0.22,0.13,78.24,89.81,91.89,90.36,83.85,79.07,108.22,122.22,7.23,10.31,11.43,17.49,22.26,-17.18,-15.37,74.39,89.27,44.63,82.82,92.86,62.74,62.47,251.24,220.2,13.17,0.85,245.13,217.81,11.8,1.05,3.51,3.37,3.5,4.15,7.76,8.24,244.82,231.32,250.8,222.76,236.78,1746198400,40734860.0,39703610.0,43544030.0,1.04,87.31,3362797684.25,161.09,0.29,66.4,44.17,0.0,100.0,0.0,100.0,247.11,248.87,249.98,246.0,244.24,241.47,-1.28,-0.52,4.54,247.85,248.53,247.51,-40625476.65
2024-12-12,AAPL,246.89,248.74,245.68,247.96,32777500,5.07,3.89,1.18,5.07,3.89,1.18,247.16,246.22,244.55,243.42,242.35,240.93,239.01,237.28,236.36,235.38,234.53,233.76,233.04,231.66,226.31,214.67,246.36,243.74,239.91,236.86,232.74,231.89,231.22,227.12,208.62,245.38,240.95,237.27,248.38,245.36,242.53,249.07,248.55,245.79,0.24,0.15,81.29,89.11,91.21,92.89,84.54,77.23,93.4,105.91,6.48,11.33,13.03,19.44,22.84,-12.49,-10.13,79.18,83.5,70.53,87.51,89.46,83.61,60.53,252.46,221.26,13.17,0.86,246.26,217.53,12.39,1.06,3.4,3.28,3.54,3.53,7.8,8.72,245.56,232.46,250.8,224.27,237.54,1778975900,39283580.0,39631520.0,42754595.0,0.77,88.21,3378865086.22,161.13,0.3,71.09,45.01,1.26,96.0,0.0,96.0,247.85,249.44,252.39,244.9,243.31,243.34,1.47,0.6,3.06,247.46,247.21,247.58,16067401.96
2024-12-13,AAPL,247.82,249.29,246.24,248.13,33155300,5.16,4.15,1.01,5.16,4.15,1.01,247.64,246.86,245.34,244.27,243.24,241.83,239.88,238.08,237.12,236.09,235.19,234.38,233.63,232.2,226.74,215.0,247.42,244.82,241.22,237.86,233.48,232.34,231.54,227.42,208.95,246.18,242.02,238.27,249.04,246.41,243.6,249.44,249.46,246.94,0.25,0.17,81.61,87.13,90.12,92.5,84.21,78.42,92.26,98.51,5.56,9.08,10.8,18.26,19.91,-12.68,-10.06,77.56,77.04,78.6,87.32,85.88,90.2,60.42,253.67,222.04,13.3,0.82,247.3,217.38,12.88,1.03,3.42,3.3,3.5,2.95,7.91,9.06,246.49,233.27,250.8,224.27,237.54,1812131200,38540520.0,40098910.0,42166165.0,0.79,88.16,3386800617.04,161.16,0.28,75.38,44.61,1.25,92.0,8.0,84.0,247.46,249.24,250.52,246.18,244.4,244.83,0.17,0.07,3.05,247.89,247.76,247.95,7935530.82
2024-12-16,AAPL,247.99,251.38,247.65,251.04,51694800,5.4,4.4,1.0,5.4,4.4,1.0,249.34,248.25,246.61,245.5,244.44,242.98,240.94,239.04,238.02,236.92,235.97,235.11,234.31,232.82,227.22,215.36,248.28,245.97,242.63,239.16,234.42,232.83,231.92,227.75,209.31,247.31,243.28,239.4,250.41,247.81,244.92,250.85,250.88,248.44,0.27,0.19,88.1,86.96,92.24,92.47,84.12,85.81,116.18,108.74,6.86,10.61,11.45,18.17,26.04,-1.88,-1.25,96.64,84.46,121.01,98.12,90.98,112.38,64.49,254.81,223.51,13.09,0.88,248.6,217.05,13.55,1.08,3.61,3.32,3.49,2.92,7.82,9.37,247.58,234.3,251.38,225.17,238.27,1863826000,39949640.0,40454680.0,42354720.0,1.22,87.47,3429071163.95,161.22,0.36,79.35,43.45,1.25,100.0,4.0,96.0,247.89,249.53,250.94,246.48,244.84,245.68,2.91,1.17,3.73,250.02,249.52,250.28,42270546.92
2024-12-17,AAPL,250.08,253.83,249.78,253.48,51356400,5.72,4.66,1.06,5.72,4.66,1.06,251.41,249.99,248.14,246.95,245.83,244.29,242.14,240.11,239.02,237.84,236.82,235.91,235.06,233.49,227.74,215.74,249.42,247.05,244.0,240.43,235.47,233.46,232.37,228.11,209.7,248.68,244.64,240.63,252.15,249.43,246.4,252.76,252.59,250.16,0.29,0.21,86.22,88.98,92.26,92.56,93.6,86.68,133.67,120.12,6.8,13.04,10.83,18.42,25.46,-1.75,-1.22,97.1,90.44,110.44,98.25,94.56,105.63,69.47,256.4,224.46,13.29,0.91,249.95,216.97,14.13,1.11,3.83,3.42,3.5,3.5,7.99,9.69,248.97,235.31,253.83,225.71,239.77,1915182400,42837960.0,41704220.0,42690855.0,1.2,87.67,3471551149.14,161.29,0.39,83.28,42.49,1.21,100.0,0.0,100.0,250.02,252.4,253.75,248.67,246.29,246.24,2.44,0.97,4.05,252.36,251.8,252.64,42479985.19
2024-12-18,AAPL,252.16,254.28,247.74,248.05,56774100,5.47,4.82,0.65,5.47,4.82,0.65,249.73,249.35,248.12,247.15,246.17,244.76,242.7,240.7,239.6,238.41,237.37,236.43,235.57,233.97,228.15,216.06,249.73,247.55,244.87,241.42,236.29,233.91,232.72,228.4,210.09,248.86,245.37,241.44,251.57,249.81,247.06,251.42,252.5,250.63,0.3,0.23,51.02,63.3,68.99,74.35,78.56,75.82,86.04,90.8,3.53,10.62,5.04,13.12,19.77,-30.67,-21.81,50.28,81.34,-11.85,69.33,88.56,30.85,55.38,256.66,226.18,12.62,0.72,250.75,217.06,14.4,0.92,3.98,3.75,3.58,3.2,7.62,9.68,250.2,235.2,254.28,225.71,240.0,1858408300,45151620.0,42943240.0,43718970.0,1.3,78.4,3420159303.27,161.35,0.33,86.34,38.49,4.99,100.0,4.0,96.0,252.36,254.95,256.41,250.9,248.31,247.65,-5.43,-2.14,6.54,250.02,251.01,249.53,-51391845.87
2024-12-19,AAPL,247.5,252.0,247.09,249.79,60882300,5.35,4.93,0.43,5.35,4.93,0.43,249.76,249.49,248.49,247.63,246.73,245.39,243.38,241.37,240.26,239.04,237.98,237.02,236.13,234.49,228.57,216.4,250.1,248.23,245.86,242.46,237.19,234.31,233.11,228.71,210.49,249.27,246.16,242.31,251.64,250.42,247.85,251.18,252.79,251.32,0.31,0.25,61.65,67.06,67.03,73.71,79.43,75.05,70.51,81.69,2.94,10.96,6.75,12.46,20.79,-26.23,-15.72,64.17,70.52,51.47,73.77,80.45,60.42,53.27,256.95,227.97,11.95,0.75,251.69,216.93,14.84,0.95,4.27,3.82,3.65,2.84,7.24,9.64,251.03,235.73,254.28,225.71,240.0,1919290600,50772580.0,45028080.0,45004605.0,1.35,69.68,3426235133.61,161.42,0.3,88.55,33.76,6.11,96.0,0.0,96.0,250.02,252.31,256.56,245.77,243.48,254.28,1.74,0.7,4.91,249.63,249.54,249.67,6075830.35
2024-12-20,AAPL,248.04,255.0,245.69,254.49,147495300,5.58,5.06,0.52,5.58,5.06,0.52,252.13,251.16,249.82,248.88,247.92,246.53,244.43,242.35,241.17,239.9,238.78,237.78,236.85,235.15,229.09,216.78,251.37,249.4,247.01,243.76,238.09,234.82,233.56,229.04,210.92,250.4,247.31,243.43,253.18,251.76,249.13,253.04,254.17,252.73,0.32,0.26,68.78,68.29,72.69,75.94,81.45,83.11,107.89,99.9,4.72,11.51,11.65,14.9,25.97,-3.17,-1.74,94.72,69.72,144.72,96.83,79.98,130.54,65.54,257.63,229.89,11.38,0.89,253.04,216.6,15.52,1.04,4.95,4.23,3.9,2.77,6.93,9.95,252.9,235.97,255.0,228.06,241.53,2066785900,73640580.0,56090550.0,50273955.0,2.93,74.02,3557570905.58,161.6,0.39,87.5,30.56,5.52,100.0,4.0,96.0,249.63,252.16,254.54,247.25,244.72,245.69,4.7,1.88,9.31,251.73,250.34,252.42,131335771.97
2024-12-23,AAPL,254.77,255.65,253.45,255.27,40858800,5.75,5.2,0.55,5.75,5.2,0.55,253.7,252.53,251.03,250.04,249.05,247.62,245.47,243.3,242.08,240.75,239.59,238.54,237.57,235.81,229.61,217.16,252.22,250.25,248.05,245.03,239.03,235.38,234.01,229.41,211.35,251.47,248.41,244.54,254.51,253.03,250.38,254.54,255.42,254.06,0.33,0.27,69.83,67.93,73.47,73.87,82.76,82.22,156.32,126.78,5.03,13.45,8.52,12.62,25.4,-2.64,-1.38,96.19,85.03,118.52,97.36,89.32,113.44,65.43,258.17,231.88,10.73,0.89,254.36,216.39,16.13,1.02,4.83,4.11,3.79,3.15,6.57,10.2,253.69,237.24,255.65,229.74,242.7,2107644700,71473380.0,55711510.0,50408480.0,0.81,74.17,3584314847.4,161.65,0.4,86.2,29.15,5.68,100.0,0.0,100.0,251.73,257.76,261.04,248.45,242.42,245.69,0.78,0.31,2.2,254.79,254.55,254.91,26743941.82
2024-12-24,AAPL,255.49,258.21,255.29,258.2,23234700,6.05,5.37,0.69,6.05,5.37,0.69,255.95,254.42,252.63,251.52,250.46,248.94,246.68,244.41,243.12,241.72,240.49,239.39,238.38,236.54,230.17,217.57,253.16,251.29,249.09,246.29,240.17,235.91,234.43,229.79,211.77,252.92,249.66,245.77,256.39,254.62,251.86,256.75,257.13,255.7,0.34,0.29,69.87,75.94,76.69,76.18,83.4,83.27,172.7,146.67,6.33,13.24,10.43,15.19,25.33,-0.06,-0.04,99.92,96.94,105.87,99.94,98.04,103.73,68.03,259.39,233.2,10.64,0.95,255.93,215.9,16.97,1.06,4.81,4.12,3.81,3.88,6.55,10.38,254.91,238.44,258.21,233.33,245.77,2130879400,65849040.0,54343500.0,47062575.0,0.49,73.46,3607390405.61,161.67,0.38,85.01,31.21,5.67,100.0,0.0,100.0,254.79,256.13,256.99,253.93,252.59,245.69,2.93,1.15,2.94,257.23,256.75,257.48,23075558.22
2024-12-26,AAPL,258.19,260.1,257.63,259.02,27237100,6.29,5.55,0.74,6.29,5.55,0.74,257.48,255.95,254.05,252.89,251.78,250.2,247.85,245.49,244.15,242.68,241.4,240.24,239.19,237.28,230.74,217.98,255.35,252.54,250.15,247.49,241.33,236.42,234.98,230.29,212.2,254.32,250.87,246.99,257.99,256.1,253.28,258.46,258.65,257.25,0.35,0.3,66.89,75.23,73.88,76.81,82.5,83.31,170.0,157.26,4.97,13.47,12.53,15.98,23.96,-5.89,-4.03,92.51,96.2,85.11,94.11,97.14,88.07,66.16,260.65,234.34,10.63,0.94,257.46,215.38,17.8,1.04,4.63,4.12,3.76,4.17,6.58,10.49,256.1,239.61,260.1,233.81,246.96,2158116500,59941640.0,52546630.0,46125120.0,0.59,73.05,3610808827.07,161.71,0.36,84.07,33.7,5.67,100.0,8.0,92.0,257.23,259.18,260.15,256.26,254.31,246.44,0.82,0.32,2.47,258.92,258.86,258.94,3418421.46
2024-12-27,AAPL,257.83,258.7,253.06,255.59,42355300,6.13,5.67,0.46,6.13,5.67,0.46,256.54,255.83,254.39,253.38,252.36,250.88,248.59,246.24,244.89,243.4,242.09,240.91,239.83,237.88,231.24,218.36,256.51,253.31,250.99,248.52,242.34,236.89,235.46,230.77,212.62,254.88,251.64,247.91,257.95,256.72,254.12,257.91,258.92,257.93,0.35,0.31,76.18,64.81,63.91,69.3,74.75,78.19,90.4,107.71,3.16,11.61,7.63,12.75,20.66,-24.58,-17.15,68.7,87.04,32.02,75.42,89.83,46.62,61.94,260.74,236.31,9.83,0.79,258.57,215.21,18.3,0.93,4.9,4.37,3.91,3.93,6.11,10.34,257.32,239.86,260.1,233.97,247.04,2115761200,56236240.0,53504410.0,46567965.0,0.91,72.27,3606453140.19,161.76,0.35,80.54,31.68,12.83,96.0,4.0,92.0,258.92,260.2,261.39,257.73,256.45,247.53,-3.43,-1.32,5.96,255.78,255.88,255.74,-4355686.88
2024-12-30,AAPL,252.23,253.5,250.75,252.2,35557500,5.66,5.67,-0.01,5.66,5.67,-0.01,254.37,254.62,253.9,253.16,252.34,251.04,248.93,246.68,245.36,243.89,242.58,241.4,240.32,238.35,231.65,218.69,256.06,253.71,251.62,249.27,243.14,237.29,235.9,231.2,213.02,254.68,251.99,248.55,256.73,256.6,254.44,255.87,258.17,257.85,0.35,0.32,57.51,52.26,59.45,58.38,69.3,72.31,11.1,49.65,2.32,10.36,4.07,5.45,14.87,-53.52,-30.23,45.18,68.79,-2.06,46.48,72.0,-4.58,64.02,260.37,238.17,8.91,0.63,259.36,215.23,18.59,0.84,4.66,4.32,4.05,3.52,5.55,10.13,257.57,240.3,260.1,237.16,248.63,2080203700,33848680.0,53744630.0,46921770.0,0.76,66.74,3608392640.19,161.8,0.33,75.74,27.7,16.79,92.0,0.0,92.0,255.78,258.51,261.42,252.87,250.14,248.54,-3.39,-1.33,4.84,252.15,252.12,252.16,1939500.0
2024-12-31,AAPL,252.44,253.28,249.43,250.42,39480700,5.09,5.55,-0.46,5.09,5.55,-0.46,252.39,253.22,253.13,252.67,252.04,250.96,249.08,246.96,245.69,244.25,242.96,241.79,240.71,238.74,232.02,219.01,255.09,253.65,251.86,249.81,243.99,237.6,236.3,231.57,213.41,254.08,252.1,249.02,255.18,256.14,254.48,253.61,257.01,257.42,0.35,0.32,34.5,43.88,54.03,53.98,64.84,67.97,-20.74,26.32,0.99,8.94,-0.62,2.65,10.83,-67.13,-42.2,32.82,48.9,0.67,32.87,51.59,-4.57,61.14,259.94,239.68,8.11,0.53,259.96,215.24,18.82,0.79,4.51,4.39,4.05,3.58,5.06,9.61,257.85,240.3,260.1,238.9,249.5,2040723000,33573060.0,52523220.0,46488950.0,0.85,61.17,3589216300.19,161.85,0.29,70.3,25.68,18.67,88.0,0.0,88.0,252.15,253.55,254.9,250.8,249.4,260.1,-1.78,-0.71,3.85,251.04,251.36,250.89,-19176340.0
2025-01-02,AAPL,248.93,249.1,241.82,243.85,55740700,4.06,5.25,-1.19,4.06,5.25,-1.19,248.12,250.1,251.07,251.06,250.78,250.07,248.58,246.73,245.57,244.23,243.01,241.88,240.84,238.91,232.26,219.26,252.22,252.69,251.6,249.87,244.52,237.75,236.67,231.84,213.76,252.3,251.54,249.01,251.8,254.52,253.69,249.08,254.29,255.8,0.33,0.32,19.82,41.97,44.2,46.58,54.4,58.26,-150.91,-84.64,-1.72,4.72,-9.63,-2.64,1.2,-88.89,-76.65,11.11,29.7,-26.09,11.11,30.15,-26.99,48.73,259.83,239.91,7.97,0.2,260.18,215.32,18.87,0.64,4.41,4.68,4.29,4.74,4.98,9.13,257.94,239.22,260.1,241.25,250.68,1984982300,40074260.0,52961650.0,47332935.0,1.18,53.93,3564561759.81,161.91,0.22,64.47,20.13,29.13,84.0,0.0,84.0,251.04,252.66,254.89,248.81,247.19,259.89,-6.57,-2.62,8.6,244.92,245.46,244.65,-24654540.38
2025-01-03,AAPL,243.36,244.18,241.89,243.36,40244100,3.16,4.83,-1.67,3.16,4.83,-1.67,245.74,247.85,249.35,249.66,249.64,249.24,248.08,246.48,245.42,244.18,243.03,241.95,240.94,239.06,232.48,219.5,249.08,252.22,251.39,249.89,245.02,237.9,236.96,232.1,214.1,250.6,250.92,248.93,249.12,253.01,252.89,245.84,251.88,254.25,0.31,0.32,4.98,37.08,38.87,43.88,50.77,57.87,-166.51,-117.26,-3.06,3.53,-4.69,-4.6,0.35,-91.58,-88.81,8.42,17.45,-9.63,8.42,17.47,-9.66,47.83,259.8,239.97,7.93,0.17,260.38,215.43,18.89,0.62,4.42,4.62,4.22,5.43,4.96,8.6,257.33,238.83,260.1,241.75,250.92,1944738200,42675660.0,51308650.0,47125945.0,0.85,53.42,3575984757.62,161.95,0.22,58.91,20.37,28.58,80.0,0.0,80.0,244.92,248.03,252.2,240.75,237.64,259.16,-0.49,-0.2,2.29,243.14,243.04,243.2,11422997.82
2025-01-06,AAPL,244.31,247.33,243.2,245.0,45045600,2.56,4.38,-1.82,2.56,4.38,-1.82,245.37,246.9,248.39,248.81,248.93,248.71,247.79,246.37,245.4,244.23,243.12,242.08,241.1,239.25,232.72,219.75,246.97,251.74,251.19,249.98,245.55,238.19,237.22,232.34,214.43,249.29,250.45,248.93,247.68,251.98,252.35,244.51,250.3,253.15,0.28,0.31,9.48,28.26,37.42,45.99,52.11,57.26,-114.89,-84.77,-3.35,4.29,-4.79,-3.13,1.96,-82.6,-82.29,17.4,12.31,27.57,17.4,12.31,27.57,44.54,259.65,240.32,7.73,0.24,260.65,215.72,18.86,0.65,4.59,4.7,4.28,5.86,4.83,8.05,257.19,238.38,260.1,241.75,250.92,1989783800,43213720.0,49724980.0,47376530.0,0.95,54.15,3570204087.41,162.0,0.23,52.72,23.99,28.11,76.0,0.0,76.0,243.14,244.4,245.43,242.11,240.85,258.47,1.64,0.67,4.13,245.18,245.26,245.13,-5780670.22
2025-01-07,AAPL,242.98,245.55,241.35,242.21,40856000,1.83,3.87,-2.04,1.83,3.87,-2.04,243.79,245.34,247.01,247.61,247.89,247.89,247.26,246.06,245.19,244.11,243.08,242.09,241.14,239.35,232.91,219.97,244.97,250.51,250.8,249.95,246.01,238.42,237.44,232.54,214.78,247.56,249.71,248.72,245.7,250.57,251.51,242.47,248.25,251.65,0.25,0.3,9.84,22.61,40.6,38.66,49.17,52.46,-126.4,-123.77,-2.35,2.06,-12.28,-8.83,-0.63,-95.41,-95.41,4.59,10.14,-6.51,4.59,10.14,-6.51,41.05,259.72,240.19,7.81,0.1,260.8,216.03,18.78,0.58,4.84,4.74,4.36,6.48,4.88,7.42,256.73,237.79,260.1,241.35,250.73,1948927800,44273420.0,39061050.0,47575800.0,0.86,47.77,3546079592.17,162.04,0.22,47.37,20.67,30.7,72.0,0.0,72.0,245.18,247.15,249.31,243.02,241.05,257.8,-2.79,-1.14,4.2,243.04,243.45,242.83,-24124495.24
2025-01-08,AAPL,241.92,243.71,240.05,242.7,37628900,1.28,3.35,-2.07,1.28,3.35,-2.07,243.25,244.46,246.06,246.72,247.09,247.24,246.82,245.81,245.03,244.04,243.06,242.11,241.2,239.46,233.11,220.2,243.42,249.25,250.24,249.75,246.44,238.64,237.69,232.72,215.13,246.13,249.02,248.5,244.43,249.43,250.79,241.47,246.69,250.4,0.22,0.29,15.48,13.79,38.11,35.42,49.86,50.05,-114.78,-131.53,-2.84,1.3,-12.57,-10.78,-4.05,-86.78,-86.78,13.22,11.73,16.18,13.22,11.73,16.18,42.25,259.95,239.55,8.17,0.15,260.97,216.32,18.71,0.59,4.51,4.71,4.41,6.67,5.1,6.8,256.24,237.41,260.1,240.05,250.08,1986556700,43903060.0,38738060.0,47224785.0,0.8,41.35,3562940629.33,162.08,0.2,42.89,17.07,32.85,68.0,0.0,68.0,243.04,244.72,247.24,240.52,238.84,256.82,0.49,0.2,3.66,242.15,241.88,242.29,16861037.16
2025-01-10,AAPL,240.01,240.16,233.0,236.85,61710900,0.37,2.76,-2.38,0.37,2.76,-2.38,240.05,241.92,244.01,244.93,245.52,245.95,245.87,245.15,244.5,243.64,242.76,241.88,241.03,239.37,233.18,220.37,242.02,247.12,249.13,249.2,246.57,238.71,237.78,232.83,215.46,243.88,247.79,247.88,241.58,247.37,249.39,238.3,243.89,248.23,0.19,0.27,11.95,8.06,21.51,35.03,40.5,44.53,-147.64,-190.09,-6.93,-2.39,-21.35,-11.2,-10.92,-85.79,-85.79,14.98,10.93,23.09,14.21,10.67,21.28,43.93,260.91,237.5,9.4,-0.03,260.99,216.43,18.67,0.46,5.2,4.93,4.61,6.9,5.85,6.56,255.74,236.01,260.1,233.0,246.55,1924845800,45097100.0,42585680.0,48464590.0,1.27,41.25,3567594803.35,162.14,0.17,40.29,16.29,38.6,64.0,100.0,-36.0,242.15,244.26,245.81,240.6,238.49,255.48,-5.85,-2.41,9.7,236.67,236.58,236.71,4654174.02
2025-01-13,AAPL,233.53,234.67,229.72,234.4,49630700,-0.54,2.1,-2.64,-0.54,2.1,-2.64,237.22,239.41,241.87,243.01,243.81,244.5,244.78,244.35,243.85,243.12,242.35,241.56,240.77,239.21,233.2,220.5,240.23,244.66,248.22,248.6,246.55,238.73,237.79,232.92,215.79,241.57,246.38,247.1,238.71,245.15,247.82,235.24,240.97,245.86,0.15,0.24,15.54,8.37,18.02,29.81,37.52,42.64,-148.6,-198.51,-8.18,-3.54,-24.62,-15.39,-12.09,-84.6,-84.6,19.68,15.96,27.12,15.4,14.28,17.66,47.76,262.02,235.18,10.8,-0.03,260.99,216.46,18.66,0.4,5.67,5.09,4.82,6.57,6.71,6.6,254.96,234.6,260.1,229.72,244.91,1875215100,46974420.0,44825040.0,48685835.0,1.02,42.13,3611811245.17,162.19,0.26,38.51,15.78,41.09,60.0,100.0,-40.0,236.67,240.34,243.83,233.18,229.51,253.23,-2.45,-1.03,7.13,232.93,232.2,233.3,44216441.82
2025-01-14,AAPL,234.75,236.12,232.47,233.28,39435300,-1.34,1.41,-2.75,-1.34,1.41,-2.75,235.25,237.37,239.96,241.24,242.19,243.1,243.68,243.53,243.17,242.58,241.91,241.2,240.48,239.01,233.21,220.63,237.89,242.43,247.12,247.87,246.49,238.79,237.82,232.98,216.09,239.5,244.92,246.24,236.27,243.02,246.24,232.89,238.32,243.57,0.11,0.22,14.85,9.19,9.57,19.29,37.63,41.98,-116.45,-153.91,-9.65,-4.02,-22.31,-21.21,-14.68,-88.28,-88.28,15.11,16.59,12.15,11.72,13.78,7.6,46.93,262.94,232.79,12.16,0.02,260.98,216.61,18.58,0.38,4.97,4.69,4.77,6.22,7.54,6.71,253.06,234.31,260.1,229.72,244.91,1835779800,45852360.0,44533040.0,49018725.0,0.8,30.77,3589878735.85,162.22,0.22,37.14,14.78,44.64,56.0,96.0,-40.0,232.93,236.14,237.88,231.19,227.98,250.41,-1.12,-0.48,3.65,233.96,234.3,233.79,-21932509.32
2025-01-15,AAPL,234.64,238.96,234.43,237.87,39832000,-1.59,0.81,-2.4,-1.59,0.81,-2.4,236.56,237.54,239.5,240.63,241.52,242.45,243.13,243.11,242.83,242.32,241.71,241.05,240.37,238.98,233.3,220.8,237.02,240.99,246.01,247.35,246.51,239.03,237.91,233.1,216.42,238.67,243.97,245.69,236.06,242.03,245.38,233.63,237.38,242.4,0.07,0.19,29.38,25.86,19.43,27.31,41.07,42.63,-78.83,-102.83,-8.17,-2.05,-14.33,-17.4,-10.26,-73.17,-73.17,42.05,25.61,74.93,26.83,17.98,44.51,49.73,263.07,231.63,12.71,0.2,260.9,217.16,18.3,0.47,5.45,4.94,4.9,5.3,7.86,6.68,253.0,233.26,260.1,229.72,244.91,1875611800,45647560.0,44960490.0,49352560.0,0.81,30.29,3610542135.41,162.26,0.23,35.35,17.21,42.39,52.0,92.0,-40.0,233.96,235.44,237.61,231.79,230.31,247.92,4.59,1.97,5.68,237.09,236.7,237.28,20663399.56
2025-01-16,AAPL,237.35,238.01,228.03,228.26,71759100,-2.53,0.14,-2.67,-2.53,0.14,-2.67,232.41,234.44,237.0,238.38,239.48,240.67,241.71,242.01,241.89,241.53,241.05,240.5,239.9,238.63,233.2,220.88,234.13,238.78,244.21,246.21,246.13,239.14,237.8,233.14,216.71,236.35,242.15,244.51,232.8,239.44,243.4,229.98,234.17,239.63,0.03,0.15,21.07,23.15,16.48,16.75,34.94,35.84,-118.76,-137.62,-10.69,-7.49,-22.16,-29.94,-22.78,-99.28,-99.28,1.19,19.45,-35.33,0.72,13.09,-24.02,41.05,263.98,228.45,14.43,-0.01,260.74,217.53,18.07,0.25,6.29,5.44,5.23,5.55,8.88,7.37,252.59,230.84,260.1,228.03,244.06,1803852700,52473600.0,48188330.0,50355775.0,1.43,24.23,3542090569.08,162.33,0.11,34.58,12.25,46.87,48.0,100.0,-52.0,237.09,239.74,241.62,235.21,232.56,245.74,-9.61,-4.04,9.98,231.43,233.02,230.64,-68451566.33
2025-01-17,AAPL,232.12,232.29,228.48,229.98,68488300,-3.1,-0.51,-2.59,-3.1,-0.51,-2.59,231.2,232.96,235.44,236.85,238.02,239.34,240.6,241.12,241.12,240.89,240.51,240.04,239.51,238.34,233.13,220.97,232.76,237.39,242.33,245.04,245.71,239.3,237.69,233.17,217.02,234.75,240.6,243.47,231.04,237.53,241.81,228.54,232.04,237.53,-0.01,0.12,24.9,27.89,21.59,18.38,33.74,38.09,-112.89,-131.25,-8.81,-7.18,-13.87,-29.04,-23.5,-93.64,-93.92,10.1,17.78,-5.26,6.36,11.3,-3.53,42.16,263.86,226.22,15.36,0.1,260.5,218.1,17.72,0.28,6.26,5.55,5.24,5.87,9.41,7.92,251.7,229.5,260.1,228.03,244.06,1872341000,53829080.0,49463090.0,51212370.0,1.34,18.52,3527530064.35,162.39,0.05,34.18,9.58,45.93,44.0,96.0,-52.0,231.43,234.84,241.41,224.86,221.45,243.26,1.72,0.75,4.03,230.25,230.38,230.18,-14560504.72
2025-01-21,AAPL,224.0,224.42,219.38,222.64,98070400,-4.1,-1.22,-2.87,-4.1,-1.22,-2.87,226.92,229.52,232.6,234.27,235.65,237.25,238.89,239.75,239.93,239.88,239.64,239.28,238.85,237.83,232.93,220.98,230.41,235.32,239.91,243.77,245.03,239.28,237.47,233.12,217.28,232.07,238.47,241.98,227.4,234.56,239.46,224.49,228.46,234.37,-0.06,0.09,23.52,18.91,18.9,16.94,27.86,33.16,-161.98,-170.56,-11.09,-9.68,-20.72,-32.95,-25.41,-90.45,-91.99,12.46,7.92,21.54,9.55,5.54,17.58,39.04,265.01,222.53,17.42,0.0,260.53,218.03,17.76,0.11,7.25,5.88,5.56,7.06,10.62,8.96,250.65,227.12,260.1,219.38,239.74,1774270600,63517020.0,55245720.0,53277185.0,1.84,17.34,3556328515.15,162.46,0.13,36.06,9.04,48.85,40.0,100.0,-60.0,230.25,232.02,234.06,228.21,226.44,241.13,-7.34,-3.19,10.6,222.15,221.9,222.27,28798450.79
2025-01-22,AAPL,219.79,224.12,219.79,223.83,64126500,-4.74,-1.93,-2.81,-4.74,-1.93,-2.81,225.37,227.62,230.65,232.37,233.84,235.57,237.45,238.57,238.89,238.99,238.87,238.61,238.26,237.37,232.75,221.01,228.52,233.2,237.79,242.47,244.39,239.3,237.35,233.08,217.56,229.98,236.57,240.61,225.2,232.24,237.48,222.57,225.92,231.83,-0.1,0.05,29.33,23.25,24.52,20.22,31.49,34.06,-138.31,-143.31,-8.21,-9.73,-21.17,-28.37,-25.96,-86.87,-89.07,18.29,13.62,27.64,13.13,9.68,20.02,42.75,265.27,219.67,18.81,0.09,260.49,218.12,17.7,0.13,6.49,5.85,5.45,7.01,11.4,9.76,249.14,225.76,260.1,219.38,239.74,1838397100,68455260.0,57153810.0,53439395.0,1.2,24.89,3611865322.31,162.51,0.17,39.11,9.09,46.33,36.0,96.0,-60.0,222.15,224.91,227.19,219.87,217.11,237.65,1.19,0.53,4.33,222.58,221.96,222.89,55536807.16
2025-01-23,AAPL,224.74,227.03,222.3,223.66,60234800,-5.2,-2.58,-2.62,-5.2,-2.58,-2.62,224.52,226.3,229.1,230.79,232.27,234.08,236.14,237.47,237.91,238.14,238.13,237.96,237.69,236.92,232.57,221.04,225.67,231.35,235.89,240.93,243.75,239.23,237.24,233.05,217.83,228.25,234.78,239.27,223.62,230.24,235.67,221.48,223.89,229.61,-0.14,0.01,30.46,22.03,24.72,20.93,29.54,31.36,-105.18,-113.9,-8.1,-9.86,-18.55,-26.76,-30.83,-85.6,-89.49,20.6,17.11,27.56,14.4,12.36,18.48,39.51,264.47,217.39,19.54,0.13,260.61,217.84,17.88,0.14,6.14,5.91,5.44,6.81,11.77,10.47,247.96,224.32,260.1,219.38,239.74,1778162300,72535820.0,59091690.0,49076370.0,1.23,31.89,3586268715.96,162.56,0.03,41.97,12.51,44.24,32.0,92.0,-60.0,222.58,225.37,226.91,221.04,218.25,234.73,-0.17,-0.08,4.73,224.33,224.67,224.16,-25596606.34
2025-01-24,AAPL,224.78,225.63,221.41,222.78,54697900,-5.57,-3.18,-2.39,-5.57,-3.18,-2.39,223.65,225.13,227.69,229.33,230.81,232.67,234.87,236.38,236.93,237.28,237.38,237.3,237.1,236.46,232.37,221.06,224.58,229.36,234.04,239.3,242.95,239.14,237.1,232.98,218.1,226.69,233.05,237.92,222.28,228.38,233.93,220.61,222.1,227.54,-0.18,-0.03,13.92,25.8,20.92,23.88,23.59,28.65,-100.65,-108.18,-9.07,-11.26,-19.92,-21.07,-32.49,-87.84,-91.65,17.36,18.75,14.59,12.16,13.23,10.03,40.5,263.16,215.45,19.94,0.15,260.75,217.53,18.07,0.12,6.22,5.6,5.2,5.99,11.93,11.13,246.06,223.68,260.1,219.38,239.74,1723464400,69123580.0,60798590.0,49768325.0,1.1,32.15,3567085566.2,162.6,-0.02,44.14,13.21,38.13,28.0,88.0,-60.0,224.33,226.36,229.06,221.63,219.6,232.27,-0.88,-0.39,4.22,223.27,223.52,223.15,-19183149.76
2025-01-27,AAPL,224.02,232.15,223.98,229.86,94863400,-5.23,-3.59,-1.64,-5.23,-3.59,-1.64,226.75,226.7,228.17,229.43,230.66,232.32,234.39,235.9,236.47,236.87,237.01,236.98,236.82,236.24,232.32,221.14,224.55,228.66,233.11,237.89,242.36,239.26,237.04,232.99,218.4,226.78,232.15,237.08,223.73,228.09,233.24,223.49,222.58,227.05,-0.21,-0.06,54.35,43.26,35.47,35.61,30.85,37.63,-39.55,-65.75,-5.1,-9.32,-6.99,-13.5,-28.34,-62.5,-74.26,53.52,30.5,99.58,37.5,21.35,69.78,42.87,260.34,215.43,18.88,0.32,260.61,217.9,17.85,0.28,6.75,6.1,5.54,5.39,11.23,11.34,246.59,222.19,260.1,219.38,239.74,1818327800,74398600.0,64113840.0,53349760.0,1.78,41.51,3608769728.5,162.68,0.0,44.93,19.75,34.97,24.0,84.0,-60.0,223.27,225.14,227.49,220.92,219.05,219.38,7.08,3.18,9.37,228.66,228.06,228.96,41684162.3
2025-01-28,AAPL,230.85,240.19,230.81,238.26,75707600,-4.24,-3.72,-0.52,-4.24,-3.72,-0.52,232.51,230.56,230.42,231.03,231.83,233.06,234.76,236.07,236.59,236.95,237.07,237.03,236.87,236.31,232.44,221.31,227.68,229.04,232.77,236.85,242.08,239.54,237.11,233.14,218.75,228.53,232.19,236.81,227.69,229.39,233.67,229.41,225.25,228.17,-0.22,-0.1,66.52,56.08,45.6,43.72,36.11,42.81,54.41,-3.52,-1.83,-3.95,3.86,-6.74,-20.76,-27.86,-53.63,90.73,53.87,164.43,72.14,40.6,135.23,53.96,256.99,216.71,17.01,0.54,260.44,218.63,17.46,0.47,6.8,6.54,5.89,5.96,10.07,11.33,247.85,221.67,258.7,219.38,239.04,1894035400,69926040.0,66721530.0,55773285.0,1.36,43.54,3653322601.85,162.75,0.04,45.48,23.75,32.61,20.0,80.0,-60.0,228.66,233.35,236.83,225.18,220.49,219.64,8.4,3.65,10.33,236.42,235.5,236.88,44552873.35
2025-01-29,AAPL,234.12,239.86,234.01,239.36,45486100,-3.32,-3.64,0.32,-3.32,-3.64,0.32,235.93,233.49,232.4,232.55,232.99,233.85,235.2,236.32,236.77,237.08,237.18,237.14,236.97,236.41,232.58,221.49,230.78,229.65,232.4,236.04,241.79,239.82,237.27,233.33,219.07,230.41,232.43,236.64,231.05,230.73,234.2,233.97,227.81,229.39,-0.23,-0.12,94.42,51.99,52.75,47.26,36.36,40.13,79.6,16.1,1.06,-4.18,6.08,-2.85,-16.23,-17.88,-49.19,96.01,80.09,127.86,82.12,63.92,118.52,58.16,254.21,217.87,15.4,0.59,260.31,219.33,17.09,0.49,7.06,6.66,6.05,6.7,9.09,11.29,248.52,221.87,253.5,219.38,236.44,1939521500,66197960.0,67326610.0,55929825.0,0.81,48.79,3691033300.14,162.8,0.08,44.99,23.33,30.05,16.0,76.0,-60.0,236.42,242.03,245.8,232.65,227.04,220.46,1.1,0.46,5.85,237.74,236.94,238.15,37710698.29
2025-01-30,AAPL,238.67,240.79,237.21,237.59,55658300,-2.71,-3.45,0.74,-2.71,-3.45,0.74,236.76,234.86,233.56,233.46,233.7,234.32,235.42,236.41,236.82,237.11,237.2,237.15,237.0,236.44,232.68,221.65,233.57,229.62,232.09,235.31,241.44,240.01,237.46,233.48,219.38,231.85,232.57,236.36,232.99,231.59,234.47,236.21,229.52,230.17,-0.22,-0.14,85.46,65.73,53.55,45.2,37.22,38.61,96.77,31.96,1.36,-6.64,-0.28,-5.11,-14.61,-14.95,-46.63,85.05,90.6,73.97,85.05,79.77,95.62,59.23,251.85,218.77,14.06,0.57,260.24,219.78,16.86,0.44,6.06,6.66,5.94,6.66,8.27,11.25,248.74,222.11,253.28,219.38,236.33,1883863200,65282660.0,68909240.0,56934865.0,0.98,54.34,3647190728.63,162.85,0.03,43.31,24.35,28.68,12.0,72.0,-60.0,237.74,241.48,243.59,235.63,231.89,221.25,-1.77,-0.74,3.58,238.53,239.0,238.3,-43842571.51
2025-01-31,AAPL,247.19,247.19,233.44,236.0,100959800,-2.33,-3.23,0.9,-2.33,-3.23,0.9,236.38,235.24,234.1,233.93,234.05,234.53,235.48,236.38,236.77,237.05,237.15,237.1,236.96,236.43,232.74,221.8,236.21,230.4,231.64,234.59,240.94,240.23,237.68,233.63,219.69,233.01,232.64,236.01,233.91,232.06,234.52,236.93,230.56,230.6,-0.21,-0.16,79.63,60.2,52.99,49.13,38.2,35.44,96.68,44.96,1.17,-7.55,7.74,-0.85,-14.42,-40.24,-50.97,59.76,80.28,18.74,59.76,75.65,28.0,49.65,249.53,219.64,12.74,0.55,260.02,220.43,16.48,0.39,7.4,6.94,6.36,6.93,7.47,11.14,249.37,221.59,249.1,219.38,234.24,1782903400,74535040.0,71829310.0,60008820.0,1.68,63.27,3583824686.89,162.95,-0.0,41.79,29.92,20.23,8.0,68.0,-60.0,238.53,239.85,242.11,236.27,234.95,222.42,-1.59,-0.67,13.75,238.88,240.32,238.16,-63366041.75
2025-02-03,AAPL,229.99,231.83,225.7,228.01,73063300,-2.64,-3.11,0.47,-2.64,-3.11,0.47,232.2,232.83,232.75,232.85,233.12,233.71,234.77,235.76,236.2,236.55,236.7,236.71,236.61,236.15,232.65,221.86,235.84,230.2,231.05,233.8,240.09,240.23,237.78,233.7,219.99,232.57,232.01,235.18,231.96,231.03,233.57,233.71,229.39,229.54,-0.21,-0.17,59.36,58.9,39.91,44.14,35.03,31.42,-31.06,-58.77,-4.15,-11.69,-1.97,-6.39,-15.84,-68.97,-70.96,30.0,58.27,-26.54,31.03,58.62,-24.14,46.41,248.35,219.24,12.45,0.3,260.02,220.43,16.48,0.19,8.2,7.17,6.67,6.97,7.28,11.12,249.11,220.43,247.33,219.38,233.36,1709840100,70175020.0,72286810.0,60874950.0,1.2,61.78,3565827038.76,163.01,0.0,39.27,28.97,24.03,4.0,64.0,-60.0,238.88,244.31,252.63,230.56,225.13,224.4,-7.99,-3.39,10.3,228.51,228.76,228.39,-17997648.12
2025-02-04,AAPL,227.25,233.13,226.65,232.8,45067300,-2.47,-2.98,0.51,-2.47,-2.98,0.51,232.5,232.82,232.76,232.84,233.07,233.6,234.58,235.54,235.98,236.34,236.51,236.54,236.46,236.04,232.65,221.97,234.75,231.22,230.95,233.27,239.58,240.32,237.94,233.83,220.31,233.05,231.92,234.71,232.11,231.03,233.32,233.66,229.71,229.51,-0.2,-0.17,55.73,63.28,55.16,49.59,42.44,36.56,1.25,-27.57,1.99,-10.12,10.16,-0.48,-10.56,-51.74,-51.99,44.18,44.65,43.25,48.26,46.35,52.07,50.98,247.11,219.43,11.87,0.48,259.93,220.7,16.32,0.31,8.52,7.37,6.57,6.47,6.92,11.09,249.33,219.83,247.33,219.38,233.36,1754907400,64046960.0,66986500.0,61116110.0,0.74,61.98,3606304150.8,163.05,0.02,36.33,28.03,23.37,0.0,60.0,-60.0,228.51,231.33,234.64,225.2,222.38,225.7,4.79,2.1,6.48,230.86,229.89,231.34,40477112.04
2025-02-05,AAPL,228.53,232.67,228.27,232.47,39620300,-2.33,-2.85,0.52,-2.33,-2.85,0.52,232.48,232.7,232.69,232.77,232.98,233.46,234.38,235.31,235.76,236.12,236.31,236.36,236.3,235.93,232.65,222.07,233.37,232.08,230.89,232.64,239.01,240.39,238.1,233.93,220.64,233.28,231.84,234.25,232.12,230.99,233.05,233.46,229.93,229.45,-0.2,-0.18,33.52,62.98,52.92,45.0,42.53,37.93,11.4,-17.82,1.08,-9.05,8.64,-5.4,-12.53,-52.93,-53.17,42.9,39.03,50.65,47.07,42.12,56.97,50.86,245.33,219.95,10.91,0.49,259.86,220.91,16.2,0.3,7.83,7.29,6.68,5.93,6.34,11.0,248.96,219.8,247.19,219.38,233.28,1715287100,62873800.0,64535880.0,60844845.0,0.65,61.93,3642322605.35,163.08,0.06,33.6,25.57,23.64,0.0,56.0,-56.0,230.86,235.07,237.34,228.59,224.38,225.7,-0.33,-0.14,4.53,231.14,230.47,231.47,36018454.55
2025-02-06,AAPL,231.29,233.8,230.43,233.22,29925300,-2.14,-2.71,0.57,-2.14,-2.71,0.57,232.85,232.88,232.81,232.85,233.02,233.43,234.27,235.16,235.59,235.96,236.16,236.23,236.18,235.84,232.66,222.18,232.5,233.04,230.58,232.19,238.3,240.48,238.19,234.03,220.98,233.48,231.9,233.88,232.38,231.1,232.91,233.63,230.35,229.56,-0.19,-0.18,32.17,65.44,64.68,55.5,41.82,39.34,29.12,6.85,4.75,-7.53,9.56,4.96,-8.99,-50.23,-50.23,39.81,42.3,34.84,49.77,48.36,52.57,50.28,244.06,220.32,10.23,0.54,259.77,221.2,16.04,0.31,6.84,6.82,6.64,5.14,5.94,10.64,247.91,220.63,247.19,219.38,233.28,1745212400,57727200.0,61504930.0,60298310.0,0.5,68.13,3661947208.61,163.11,0.1,30.92,28.52,18.57,0.0,52.0,-52.0,231.14,234.0,235.54,229.6,226.74,226.65,0.75,0.32,3.37,232.48,232.12,232.67,19624603.26
2025-02-07,AAPL,232.6,234.0,227.26,227.63,39707200,-2.41,-2.65,0.24,-2.41,-2.65,0.24,230.24,231.13,231.66,231.9,232.19,232.7,233.64,234.6,235.08,235.5,235.75,235.85,235.84,235.57,232.56,222.24,230.83,233.52,230.54,231.44,237.38,240.44,238.21,234.09,221.29,232.5,231.46,233.19,230.74,230.2,232.09,231.2,229.27,228.67,-0.19,-0.18,26.33,46.55,54.7,47.6,40.25,39.83,-10.33,-27.46,1.7,-9.1,4.85,-2.35,-15.07,-70.33,-70.33,8.98,30.56,-34.19,29.67,42.17,4.66,42.87,242.38,220.5,9.45,0.33,259.83,221.04,16.13,0.17,6.96,7.01,6.76,4.21,5.47,10.31,247.66,219.61,247.19,219.38,233.28,1705505200,45476680.0,60005860.0,60402225.0,0.66,70.38,3626599552.82,163.14,0.05,27.18,27.73,21.29,0.0,48.0,-48.0,232.48,234.54,235.85,231.17,229.11,247.19,-5.59,-2.4,6.74,229.63,230.63,229.13,-35347655.79
2025-02-10,AAPL,229.57,230.59,227.2,227.65,33115600,-2.6,-2.64,0.04,-2.6,-2.64,0.04,228.95,229.97,230.77,231.13,231.49,232.07,233.07,234.09,234.6,235.06,235.35,235.5,235.52,235.31,232.46,222.29,230.75,233.3,230.38,230.98,236.36,240.33,238.26,234.2,221.59,231.43,231.1,232.56,229.55,229.44,231.35,229.57,228.43,227.92,-0.18,-0.18,28.56,27.83,54.95,56.01,39.88,40.09,-36.1,-40.49,1.78,-6.64,-2.21,5.01,-9.2,-71.31,-70.26,9.07,19.29,-11.35,28.69,36.04,13.98,43.22,241.73,220.22,9.31,0.35,259.95,220.71,16.33,0.18,6.94,6.5,6.75,4.47,5.38,9.68,246.06,220.07,247.19,219.38,233.28,1738620800,37487140.0,53831080.0,58972460.0,0.56,75.71,3602275705.04,163.17,0.03,25.08,29.93,13.04,0.0,44.0,-44.0,229.63,232.0,236.37,225.26,222.89,246.79,0.02,0.01,3.39,228.48,228.9,228.27,-24323847.79
2025-02-11,AAPL,228.2,235.23,228.13,232.62,53718400,-2.31,-2.57,0.26,-2.31,-2.57,0.26,230.78,230.85,231.18,231.4,231.66,232.14,233.02,233.98,234.47,234.93,235.22,235.37,235.41,235.22,232.47,222.39,230.72,232.74,231.05,230.89,235.48,240.28,238.4,234.36,221.91,231.31,231.26,232.32,230.33,229.7,231.31,230.77,229.07,228.19,-0.18,-0.18,64.01,37.88,61.09,59.67,47.12,42.5,8.59,17.69,4.42,-4.41,-5.64,8.79,-1.78,-56.52,-52.39,32.2,16.75,63.1,43.48,33.95,62.56,49.66,241.55,220.22,9.24,0.58,259.97,220.6,16.38,0.31,6.06,6.73,6.65,4.12,5.33,8.69,246.48,219.56,247.19,219.38,233.28,1792339200,39217360.0,51632160.0,59176845.0,0.91,75.47,3616499732.08,163.22,0.0,23.55,33.83,12.59,4.0,40.0,-36.0,228.48,229.76,231.87,226.37,225.09,246.01,4.97,2.18,7.58,231.99,231.68,232.15,14224027.04
2025-02-12,AAPL,231.2,236.96,230.68,236.87,45243300,-1.73,-2.4,0.68,-1.73,-2.4,0.68,233.83,232.86,232.44,232.4,232.46,232.73,233.39,234.19,234.63,235.03,235.3,235.44,235.47,235.28,232.55,222.54,231.6,232.49,231.92,231.07,234.85,240.32,238.6,234.52,222.25,232.06,231.83,232.41,232.33,230.72,231.82,233.52,230.73,229.22,-0.17,-0.18,62.79,48.81,58.44,63.34,51.64,46.82,47.57,63.12,3.05,-3.32,-2.49,13.21,3.59,-40.03,-37.11,51.98,31.08,93.76,59.97,44.05,91.81,59.97,242.02,220.12,9.48,0.76,259.97,220.67,16.35,0.41,5.48,6.84,6.61,3.73,5.48,7.83,247.07,219.71,247.19,219.38,233.28,1837582500,40341960.0,51607880.0,59467245.0,0.76,75.09,3660446249.59,163.26,0.06,22.72,32.05,12.38,0.0,36.0,-36.0,231.99,235.86,239.09,228.76,224.89,245.26,4.25,1.83,6.28,234.84,233.82,235.34,43946517.52
2025-02-13,AAPL,236.91,242.34,235.57,241.53,53614100,-0.88,-2.1,1.22,-0.88,-2.1,1.22,237.68,235.75,234.46,234.06,233.86,233.83,234.17,234.73,235.07,235.4,235.6,235.7,235.7,235.48,232.73,222.73,233.26,232.88,233.11,231.25,234.5,240.41,238.82,234.65,222.61,233.71,232.83,232.84,235.36,232.45,232.86,237.45,233.33,230.99,-0.15,-0.17,72.38,58.29,54.32,67.59,55.24,49.34,116.16,137.43,1.37,-0.28,3.94,18.75,3.66,-24.39,-20.35,95.13,59.77,165.86,75.61,59.69,107.46,60.73,242.79,219.71,9.98,0.95,260.04,220.78,16.33,0.53,5.52,7.02,6.76,4.47,5.77,7.23,248.21,220.12,247.19,219.38,233.28,1891196600,45079720.0,51403460.0,60156350.0,0.89,81.82,3701230978.55,163.31,0.08,23.06,36.69,11.16,64.0,32.0,32.0,234.84,238.99,241.12,232.71,228.56,244.53,4.66,1.97,6.77,239.81,238.96,240.24,40784728.95
2025-02-14,AAPL,241.25,245.55,240.99,244.6,40896200,0.05,-1.67,1.72,0.05,-1.67,1.72,241.14,238.7,236.72,235.97,235.51,235.18,235.16,235.47,235.69,235.91,236.04,236.09,236.05,235.78,232.97,222.94,236.65,233.74,234.56,232.07,234.3,240.51,239.15,234.81,222.96,235.84,234.1,233.49,238.61,234.5,234.19,241.41,236.26,233.11,-0.13,-0.16,75.22,79.18,56.59,64.96,54.35,54.54,151.26,163.3,2.19,0.78,8.6,14.74,16.34,-12.05,-9.31,94.97,80.69,123.53,87.95,74.51,114.82,59.7,244.95,219.19,11.1,0.99,260.17,220.84,16.35,0.6,5.53,6.68,6.7,5.77,6.44,6.86,248.52,221.8,247.19,219.38,233.28,1932092800,45317520.0,45397100.0,58613205.0,0.7,80.58,3725087095.21,163.35,0.16,24.63,35.03,11.73,60.0,28.0,32.0,239.81,244.06,246.58,237.29,233.04,227.2,3.07,1.27,4.56,243.71,243.27,243.94,23856116.67
2025-02-18,AAPL,244.15,245.18,241.84,244.47,48822500,0.76,-1.18,1.94,0.76,-1.18,1.94,242.8,240.62,238.44,237.52,236.89,236.34,236.05,236.13,236.25,236.38,236.45,236.45,236.38,236.06,233.19,223.16,240.02,235.39,235.54,232.79,234.33,240.54,239.42,234.99,223.33,237.79,235.28,234.15,240.94,236.26,235.39,243.87,238.63,234.96,-0.1,-0.15,99.24,74.55,59.02,57.57,61.96,56.06,127.05,139.36,2.9,3.22,16.46,6.21,14.49,-12.66,-9.78,94.11,94.74,92.86,87.34,83.63,94.76,59.01,246.76,218.82,12.0,0.92,260.23,220.85,16.37,0.6,5.52,6.18,6.39,6.28,6.99,6.89,248.41,223.69,247.19,219.38,233.28,1883270300,48458900.0,42973020.0,57629915.0,0.85,79.88,3753152723.95,163.4,0.2,26.26,28.57,12.68,56.0,24.0,32.0,243.71,246.44,248.27,241.88,239.15,227.57,-0.13,-0.05,3.34,243.83,243.51,243.99,28065628.74
2025-02-19,AAPL,244.66,246.01,243.16,244.87,32204200,1.34,-0.68,2.02,1.34,-0.68,2.02,243.84,242.04,239.87,238.86,238.12,237.41,236.89,236.78,236.81,236.85,236.86,236.82,236.72,236.35,233.42,223.37,242.47,236.59,235.98,233.9,234.38,240.58,239.7,235.16,223.71,239.51,236.43,234.83,242.75,237.84,236.52,245.53,240.65,236.66,-0.07,-0.13,99.26,76.01,62.0,56.83,61.2,57.03,117.73,131.06,3.76,4.47,12.07,5.51,22.23,-10.8,-8.34,93.94,94.34,93.13,89.2,88.17,91.28,64.66,248.01,219.8,12.06,0.89,260.29,220.87,16.39,0.61,4.97,5.97,6.33,6.86,7.05,6.97,248.82,224.96,247.19,219.79,233.49,1915474500,44156060.0,41686710.0,54336605.0,0.59,79.52,3759593563.95,163.44,0.19,28.22,30.59,13.13,52.0,20.0,32.0,243.83,245.82,247.17,242.48,240.49,227.93,0.4,0.16,2.85,244.68,244.58,244.73,6440840.0
2025-02-20,AAPL,244.94,246.78,244.29,245.83,32316900,1.85,-0.17,2.03,1.85,-0.17,2.03,244.83,243.3,241.19,240.12,239.3,238.46,237.74,237.45,237.39,237.35,237.3,237.21,237.07,236.66,233.67,223.6,244.26,237.93,236.41,235.0,234.4,240.64,239.98,235.36,224.07,241.19,237.56,235.57,244.35,239.37,237.66,246.89,242.53,238.32,-0.04,-0.11,99.03,76.22,79.78,60.43,69.3,55.05,111.04,127.41,7.82,5.38,13.36,8.24,22.0,-6.33,-4.96,95.15,94.4,96.64,93.67,90.07,100.87,68.17,249.23,220.78,12.11,0.88,260.39,220.88,16.42,0.63,4.84,5.89,5.94,7.26,7.11,7.01,249.51,225.96,247.19,221.41,234.3,1947791400,41570780.0,40956370.0,52746125.0,0.61,78.83,3767250982.03,163.47,0.15,30.47,30.8,13.31,48.0,16.0,32.0,244.68,246.2,247.53,243.35,241.83,228.65,0.96,0.39,2.49,245.63,245.54,245.68,7657418.07
2025-02-21,AAPL,245.95,248.69,245.22,245.55,53197400,2.22,0.3,1.91,2.22,0.3,1.91,245.19,244.05,242.16,241.11,240.27,239.34,238.48,238.05,237.92,237.81,237.7,237.57,237.41,236.96,233.91,223.82,245.06,239.16,236.94,236.1,234.51,240.69,240.26,235.54,224.39,242.58,238.57,236.29,245.37,240.63,238.66,247.49,243.96,239.73,-0.0,-0.09,95.68,97.81,75.09,62.5,68.35,62.45,103.47,123.22,5.48,3.23,12.33,9.55,21.89,-13.66,-11.51,85.39,91.49,73.18,86.34,89.74,79.55,66.81,250.02,222.18,11.79,0.84,260.49,220.89,16.45,0.62,4.25,5.15,5.9,7.41,6.96,7.16,248.79,228.18,248.69,221.41,235.05,1894594000,41487440.0,43283580.0,52394255.0,1.02,77.24,3724171819.49,163.53,0.13,31.31,28.97,15.2,100.0,12.0,88.0,245.63,246.98,248.12,244.49,243.14,229.74,-0.28,-0.11,3.47,246.49,246.96,246.25,-43079162.54
2025-02-24,AAPL,244.93,248.86,244.42,247.1,51326400,2.6,0.76,1.83,2.6,0.76,1.83,246.15,245.07,243.26,242.2,241.32,240.31,239.3,238.72,238.51,238.32,238.16,237.99,237.79,237.29,234.17,224.05,245.56,241.11,237.68,237.31,234.66,240.7,240.55,235.73,224.71,244.02,239.62,237.1,246.58,241.99,239.76,248.4,245.49,241.23,0.02,-0.07,93.58,97.98,77.47,80.06,69.35,62.36,90.85,115.99,6.29,8.25,19.47,19.09,24.32,-7.92,-6.41,91.51,90.68,93.17,92.08,90.7,94.83,64.02,250.57,224.06,11.17,0.87,260.5,220.89,16.46,0.66,3.99,4.74,5.89,6.56,6.63,7.38,248.77,229.83,248.86,223.98,236.42,1945920400,43573480.0,44445500.0,52225680.0,0.98,88.3,3734807019.49,163.58,0.16,35.48,31.53,6.08,100.0,8.0,92.0,246.49,247.75,249.96,244.28,243.02,231.25,1.55,0.63,4.44,246.79,246.64,246.87,10635200.0
2025-02-25,AAPL,248.0,250.0,244.91,247.04,48013300,2.86,1.18,1.68,2.86,1.18,1.68,246.59,245.73,244.1,243.08,242.2,241.15,240.04,239.34,239.06,238.81,238.59,238.38,238.15,237.61,234.42,224.28,246.08,243.05,238.95,238.17,235.0,240.68,240.78,235.87,225.04,245.1,240.54,237.9,247.38,243.14,240.75,248.81,246.67,242.52,0.05,-0.04,86.09,96.94,76.64,76.35,70.3,69.68,84.15,110.68,5.93,7.42,19.39,14.24,17.18,-12.98,-11.38,84.68,87.19,79.65,87.02,88.48,84.1,56.78,251.62,224.73,11.29,0.83,260.47,220.9,16.44,0.66,3.75,4.64,5.93,4.75,6.72,7.71,249.31,230.77,250.0,225.7,237.85,1897907100,43411640.0,45935270.0,49883175.0,0.96,88.42,3726977738.74,163.63,0.12,39.65,31.96,6.21,100.0,4.0,96.0,246.79,249.17,251.23,244.73,242.35,233.01,-0.06,-0.02,5.09,247.32,247.46,247.25,-7829280.75
2025-02-26,AAPL,244.33,244.98,239.13,240.36,44433600,2.5,1.45,1.06,2.5,1.45,1.06,243.48,243.94,243.27,242.58,241.91,241.06,240.07,239.41,239.14,238.89,238.68,238.47,238.24,237.7,234.54,224.44,245.18,243.82,239.45,238.28,235.2,240.56,240.87,236.01,225.32,244.61,240.75,238.24,245.7,242.9,240.8,245.9,245.86,242.43,0.07,-0.02,29.31,59.81,73.55,61.82,58.85,62.25,18.99,38.75,5.59,7.96,7.74,7.89,2.1,-42.28,-39.67,33.19,69.79,-40.0,57.72,78.94,15.28,46.1,251.76,224.8,11.31,0.58,260.28,220.84,16.39,0.49,4.23,4.88,5.86,3.26,6.74,7.77,249.82,230.32,250.0,225.7,237.85,1853473500,45857520.0,45006790.0,48319475.0,0.92,81.18,3701229037.21,163.68,0.05,41.93,30.37,14.37,96.0,0.0,96.0,247.32,249.72,252.41,244.63,242.23,235.05,-6.68,-2.7,7.91,241.49,242.06,241.21,-25748701.54
2025-02-27,AAPL,239.41,242.46,237.06,237.3,41153600,1.95,1.55,0.4,1.95,1.55,0.4,240.39,241.72,241.94,241.62,241.2,240.59,239.81,239.26,239.03,238.81,238.61,238.42,238.2,237.68,234.59,224.57,243.47,243.86,239.78,238.18,235.33,240.35,240.91,236.12,225.59,243.42,240.66,238.38,243.39,242.13,240.46,242.45,244.34,241.79,0.08,-0.0,19.94,36.94,66.05,55.72,49.11,59.69,-16.27,8.53,4.24,6.02,0.43,4.08,-2.06,-55.7,-52.26,1.85,39.91,-74.25,44.3,63.01,6.87,38.96,251.65,224.7,11.32,0.47,259.97,220.73,16.33,0.42,4.52,5.02,5.63,3.16,6.74,7.77,249.85,229.76,250.0,225.7,237.85,1812319900,47624860.0,44597820.0,48102850.0,0.86,74.92,3663733534.98,163.72,-0.03,42.17,27.89,16.9,92.0,0.0,92.0,241.49,243.85,247.34,238.0,235.64,236.85,-3.06,-1.27,5.4,238.94,239.76,238.53,-37495502.22
2025-02-28,AAPL,236.95,242.09,230.2,241.84,56833400,1.85,1.61,0.25,1.85,1.61,0.25,241.11,241.76,241.92,241.66,241.3,240.74,240.0,239.45,239.21,238.97,238.77,238.56,238.34,237.82,234.74,224.74,242.73,243.9,240.35,238.39,235.47,240.22,240.99,236.28,225.88,243.06,241.01,238.8,243.14,242.28,240.72,242.13,244.24,242.03,0.09,0.02,37.66,42.19,65.55,70.52,52.16,62.87,-39.77,-1.55,3.96,8.13,0.31,14.21,4.25,-35.79,-33.58,58.79,31.28,113.81,64.21,55.41,81.81,52.76,251.96,224.82,11.39,0.63,259.72,220.73,16.23,0.54,5.81,5.39,5.91,3.14,6.79,7.85,250.78,229.22,250.0,225.7,237.85,1869153300,48352060.0,44919750.0,48161605.0,1.18,72.76,3718176968.63,163.77,0.07,42.05,25.99,20.63,88.0,4.0,84.0,238.94,240.82,244.34,235.42,233.54,250.0,4.54,1.91,11.89,238.04,236.14,238.99,54443433.64
2025-03-03,AAPL,241.79,244.03,236.11,238.03,47184000,1.46,1.58,-0.12,1.46,1.58,-0.12,239.57,240.52,241.05,241.0,240.8,240.4,239.81,239.34,239.13,238.92,238.73,238.54,238.33,237.83,234.8,224.87,240.91,243.24,241.04,238.49,235.79,239.96,240.96,236.39,226.14,241.99,240.97,238.96,241.67,241.7,240.48,240.18,243.13,241.55,0.09,0.03,30.91,34.91,51.99,63.51,50.37,55.77,-38.93,13.68,0.49,6.85,-6.57,10.38,2.03,-54.73,-49.26,39.55,33.4,51.84,45.27,51.26,33.28,49.52,252.02,224.96,11.34,0.48,259.21,220.71,16.05,0.45,6.59,5.71,6.12,3.62,6.76,7.74,251.24,228.39,250.0,225.7,237.85,1821969300,47523580.0,45548530.0,45472815.0,1.04,78.24,3693870059.53,163.81,0.12,40.41,26.94,19.39,84.0,0.0,84.0,238.04,245.89,249.93,234.0,226.15,249.6,-3.81,-1.58,7.92,239.39,240.07,239.05,-24306909.09
2025-03-04,AAPL,237.71,240.07,234.68,235.93,53798100,0.96,1.45,-0.49,0.96,1.45,-0.49,237.75,238.99,239.92,240.08,240.05,239.84,239.44,239.09,238.92,238.76,238.6,238.43,238.24,237.77,234.83,224.98,238.69,242.38,241.6,238.89,235.99,239.61,240.85,236.54,226.38,240.66,240.73,238.97,239.87,240.82,239.99,237.94,241.64,240.73,0.09,0.05,22.42,30.6,39.49,54.66,49.94,48.19,-96.99,-21.65,-2.32,2.64,-8.54,3.31,7.92,-71.06,-57.9,28.94,42.42,1.97,28.94,46.14,-5.46,48.44,251.56,226.21,10.61,0.38,258.49,220.73,15.76,0.4,6.86,5.56,5.72,4.25,6.34,7.66,250.56,228.33,250.0,226.65,238.32,1768171200,48680540.0,46046090.0,44509555.0,1.21,70.16,3665024696.08,163.86,0.11,37.15,21.74,21.77,80.0,0.0,80.0,239.39,242.67,247.31,234.75,231.47,249.22,-2.1,-0.88,5.39,236.89,237.38,236.65,-28845363.45
2025-03-05,AAPL,235.42,236.55,229.23,235.74,47227600,0.55,1.27,-0.73,0.55,1.27,-0.73,236.75,237.91,238.99,239.29,239.39,239.33,239.09,238.84,238.72,238.59,238.46,238.31,238.14,237.7,234.84,225.09,237.77,241.47,241.8,239.03,236.43,239.36,240.73,236.64,226.61,239.45,240.43,238.96,238.47,240.01,239.52,236.4,240.36,239.97,0.08,0.05,22.28,27.35,31.36,48.21,57.41,47.15,-150.67,-63.71,-3.62,-1.06,-9.13,-1.13,2.94,-68.66,-61.07,31.34,33.28,27.48,31.34,35.18,23.66,51.54,251.47,226.59,10.41,0.37,258.12,220.61,15.67,0.4,7.27,5.63,5.58,4.62,6.22,7.24,250.35,227.83,250.0,227.2,238.6,1720943600,49239340.0,47548430.0,44617570.0,1.06,63.22,3701800286.25,163.91,0.11,35.35,19.25,28.4,76.0,16.0,60.0,236.89,239.11,242.28,233.72,231.5,248.84,-0.19,-0.08,7.32,233.84,232.89,234.32,36775590.16
2025-03-06,AAPL,234.44,237.86,233.16,235.33,45170400,0.18,1.05,-0.87,0.18,1.05,-0.87,236.04,237.05,238.18,238.57,238.76,238.83,238.73,238.58,238.5,238.41,238.31,238.18,238.03,237.62,234.85,225.19,237.37,240.42,241.7,239.18,236.81,239.07,240.6,236.69,226.84,238.34,240.08,238.88,237.31,239.24,239.05,235.25,239.18,239.23,0.07,0.06,32.18,27.19,30.99,38.62,52.65,48.18,-105.62,-47.85,-3.74,-1.68,-10.5,-6.2,2.86,-70.63,-64.34,29.37,29.88,28.34,29.37,29.88,28.34,50.85,251.36,226.99,10.19,0.34,257.62,220.53,15.51,0.4,7.22,5.48,5.5,4.72,6.09,6.84,249.7,227.76,250.0,227.2,238.6,1675773200,50042700.0,48833780.0,44895075.0,1.01,62.69,3698340425.82,163.95,0.06,33.95,14.47,29.17,72.0,12.0,60.0,233.84,238.45,241.16,231.13,226.52,248.05,-0.41,-0.17,4.7,235.45,235.51,235.42,-3459860.43
2025-03-07,AAPL,235.11,241.37,234.76,239.07,46273600,0.19,0.88,-0.69,0.19,0.88,-0.69,237.55,237.72,238.37,238.66,238.81,238.86,238.76,238.62,238.54,238.44,238.34,238.22,238.07,237.67,234.94,225.33,236.82,239.77,241.54,239.47,237.32,238.77,240.54,236.79,227.09,238.09,240.07,239.03,237.71,239.26,239.08,236.27,239.18,239.25,0.06,0.06,55.98,33.67,39.41,40.09,56.44,52.39,-47.75,-12.7,-2.37,0.62,-6.48,-5.53,5.85,-52.62,-47.94,47.38,36.03,70.07,47.38,36.03,70.07,54.94,251.33,227.61,9.91,0.48,256.77,220.76,15.08,0.51,7.03,5.63,5.6,4.37,5.93,6.38,250.02,227.5,250.0,227.2,238.6,1722046800,47930740.0,48141400.0,45712490.0,1.01,62.95,3712411520.53,163.99,0.06,32.71,14.48,28.41,68.0,8.0,60.0,235.45,237.74,240.15,233.04,230.75,247.3,3.74,1.59,6.61,238.4,238.06,238.57,14071094.7
2025-03-10,AAPL,235.54,236.16,224.22,227.48,72071200,-0.73,0.56,-1.29,-0.73,0.56,-1.29,232.52,234.31,235.95,236.63,237.07,237.44,237.69,237.79,237.82,237.84,237.81,237.75,237.65,237.33,234.79,225.35,234.71,237.81,240.4,239.46,237.48,238.21,240.22,236.79,227.27,235.85,238.93,238.4,234.18,237.16,237.67,231.79,236.17,237.17,0.05,0.06,17.12,22.92,25.86,28.42,45.38,49.61,-162.72,-143.09,-7.46,-3.61,-19.62,-16.99,-0.15,-87.35,-87.35,15.7,30.82,-14.52,12.65,29.8,-21.66,50.37,251.35,227.57,9.93,-0.0,255.84,220.58,14.81,0.2,8.38,6.45,6.14,5.06,5.95,6.06,250.59,224.79,250.0,224.22,237.11,1649975600,52908180.0,50215880.0,47330690.0,1.52,53.74,3679695783.17,164.05,0.06,33.42,12.63,36.46,64.0,100.0,-36.0,238.4,242.04,245.01,235.43,231.79,246.58,-11.59,-4.85,14.85,229.29,230.19,228.83,-32715737.35
2025-03-11,AAPL,223.81,225.84,217.45,220.84,76137400,-1.97,0.06,-2.02,-1.97,0.06,-2.02,226.68,229.82,232.59,233.76,234.57,235.36,236.08,236.54,236.73,236.89,236.98,237.02,236.99,236.79,234.51,225.3,231.69,235.19,238.82,239.12,237.18,237.46,239.77,236.69,227.41,232.77,237.15,237.32,229.41,234.16,235.56,225.89,231.99,234.14,0.02,0.05,15.16,22.95,22.15,23.66,44.62,41.43,-219.96,-233.44,-10.06,-3.14,-26.2,-24.03,-6.81,-89.59,-89.59,12.75,25.28,-12.29,10.41,23.48,-15.71,42.28,252.71,225.53,11.36,-0.17,254.8,220.12,14.6,0.02,8.12,6.97,6.3,6.37,6.79,6.65,250.01,222.15,250.0,217.45,233.72,1573838200,57376040.0,53028290.0,49481780.0,1.54,46.26,3665085388.18,164.1,0.06,34.71,10.85,40.71,60.0,100.0,-40.0,229.29,234.35,241.23,222.41,217.35,245.23,-6.64,-2.92,10.03,221.38,221.64,221.24,-14610394.99
2025-03-12,AAPL,220.14,221.75,214.91,216.98,62547500,-3.22,-0.6,-2.62,-3.22,-0.6,-2.62,221.83,225.54,229.12,230.71,231.86,233.07,234.27,235.09,235.45,235.78,236.01,236.15,236.21,236.14,234.17,225.22,227.94,232.85,236.96,238.34,236.47,236.62,239.28,236.52,227.54,229.46,235.04,236.02,224.65,230.87,233.17,220.38,227.59,230.79,-0.02,0.04,14.15,22.45,17.74,20.26,42.03,39.44,-194.06,-233.49,-12.19,-6.8,-23.38,-28.85,-15.64,-94.1,-94.1,7.11,11.86,-2.38,5.9,9.65,-1.61,42.5,254.96,221.72,13.95,-0.14,253.77,219.47,14.5,-0.07,7.96,7.28,6.46,8.27,8.31,7.6,248.82,219.71,250.0,214.91,232.46,1511290700,60440020.0,54839680.0,49923235.0,1.25,40.24,3640395585.55,164.15,0.02,36.33,9.63,41.47,56.0,100.0,-44.0,221.38,225.3,229.77,216.91,212.99,243.01,-3.86,-1.75,6.84,217.88,218.33,217.65,-24689802.63
2025-03-13,AAPL,215.95,216.84,208.42,209.68,61368300,-4.75,-1.43,-3.32,-4.75,-1.43,-3.32,215.75,220.25,224.8,226.88,228.45,230.14,231.92,233.21,233.79,234.33,234.72,235.0,235.17,235.28,233.68,225.07,222.81,230.09,234.55,236.98,235.48,235.7,238.64,236.3,227.66,225.24,232.31,234.29,218.8,226.74,230.1,213.65,222.14,226.56,-0.06,0.02,11.15,9.43,15.36,17.7,33.44,35.26,-185.94,-232.13,-15.12,-9.8,-27.62,-35.87,-27.19,-96.97,-96.97,3.54,7.8,-4.99,3.03,6.45,-3.81,41.01,257.98,215.98,17.72,-0.15,253.61,217.8,15.19,-0.23,8.42,7.64,6.51,10.83,10.5,9.01,247.2,216.65,250.0,208.42,229.21,1449922400,63679600.0,56861150.0,50729485.0,1.21,32.79,3597394045.17,164.18,-0.06,39.25,7.39,45.56,52.0,100.0,-48.0,217.88,220.85,224.72,214.01,211.04,240.2,-7.3,-3.36,8.56,211.65,212.63,211.16,-43001540.38
2025-03-14,AAPL,211.25,213.95,209.58,213.49,60107600,-5.6,-2.26,-3.33,-5.6,-2.26,-3.33,214.62,218.0,222.29,224.45,226.15,228.06,230.17,231.75,232.48,233.18,233.69,234.06,234.32,234.56,233.28,224.95,217.69,227.26,232.41,235.58,234.68,234.93,238.06,236.11,227.77,222.23,230.08,232.87,215.84,223.89,227.8,211.2,218.74,223.57,-0.11,-0.01,20.44,19.05,23.68,20.92,33.02,40.95,-137.31,-176.99,-11.18,-8.46,-28.35,-33.61,-28.04,-87.81,-87.81,15.39,8.68,28.8,12.19,7.04,22.5,40.24,258.91,212.24,19.81,0.03,253.26,216.59,15.61,-0.08,7.99,7.63,6.42,11.12,11.67,9.85,245.44,214.9,250.0,208.42,229.21,1510030000,66446400.0,57188570.0,51054160.0,1.18,32.82,3644847413.59,164.22,-0.06,39.54,7.39,44.84,48.0,96.0,-48.0,211.65,214.87,220.07,206.45,203.23,236.39,3.81,1.82,4.37,212.34,211.76,212.63,47453368.42
2025-03-17,AAPL,213.31,215.22,209.97,214.0,48073400,-6.15,-3.04,-3.11,-6.15,-3.04,-3.11,214.31,216.67,220.45,222.55,224.28,226.3,228.63,230.43,231.29,232.11,232.73,233.19,233.52,233.89,232.9,224.84,215.0,224.85,230.21,234.05,233.94,234.2,237.44,235.9,227.89,219.82,228.02,231.54,213.95,221.55,225.79,210.16,216.18,221.07,-0.16,-0.04,12.82,21.18,25.98,21.63,28.72,41.31,-108.11,-141.15,-9.82,-5.99,-24.03,-33.04,-30.6,-84.74,-86.58,16.93,11.95,26.9,15.26,10.16,25.46,42.28,258.86,209.24,21.2,0.1,252.91,215.49,15.98,-0.04,8.07,7.65,6.35,11.13,12.4,10.54,243.92,213.34,250.0,208.42,229.21,1558103400,61646840.0,57277510.0,51413020.0,0.94,32.19,3670578128.64,164.25,-0.05,39.81,7.5,44.78,44.0,92.0,-48.0,212.34,215.1,216.71,210.73,207.97,233.03,0.51,0.24,5.25,213.06,212.6,213.3,25730715.05
2025-03-18,AAPL,214.16,215.15,211.49,212.69,42432400,-6.62,-3.76,-2.86,-6.62,-3.76,-2.86,213.5,215.34,218.72,220.76,222.5,224.6,227.11,229.12,230.09,231.03,231.75,232.3,232.7,233.19,232.5,224.72,213.37,222.53,227.92,232.46,233.43,233.58,236.76,235.66,228.0,217.6,225.99,230.17,212.26,219.34,223.83,209.23,213.84,218.69,-0.2,-0.07,18.44,20.58,17.8,23.83,24.65,36.7,-89.19,-118.66,-12.05,-6.57,-23.24,-27.67,-31.78,-88.01,-89.73,12.96,15.09,8.69,11.99,13.15,9.68,40.5,258.5,206.42,22.4,0.12,253.04,214.12,16.66,-0.04,7.65,7.34,6.3,10.99,13.02,11.19,241.79,212.43,250.0,208.42,229.21,1515671000,54905840.0,56140940.0,51093515.0,0.83,37.76,3655970253.23,164.28,-0.1,42.12,7.81,41.01,40.0,88.0,-48.0,213.06,216.16,218.31,210.91,207.81,230.08,-1.31,-0.61,3.66,213.11,213.32,213.0,-14607875.41
2025-03-19,AAPL,214.22,218.76,213.75,215.24,54385400,-6.71,-4.35,-2.36,-6.71,-4.35,-2.36,214.37,215.31,217.95,219.75,221.38,223.43,225.98,228.09,229.13,230.15,230.95,231.56,232.02,232.6,232.16,224.63,213.02,220.48,226.24,230.98,232.85,233.02,236.22,235.46,228.12,216.28,224.35,228.99,211.98,217.92,222.38,210.1,212.69,217.11,-0.24,-0.11,35.52,25.68,24.11,28.93,27.64,35.23,-61.11,-88.63,-9.57,-7.47,-20.5,-22.06,-29.63,-80.85,-83.6,20.7,16.86,28.37,19.15,15.47,26.52,44.02,257.41,204.54,22.89,0.2,252.94,213.09,17.1,0.05,6.4,7.39,6.43,10.13,13.22,11.68,240.76,211.2,250.0,208.42,229.21,1570056400,53273420.0,56856720.0,52202575.0,1.04,44.09,3633933853.63,164.31,-0.12,44.29,11.25,38.74,36.0,84.0,-48.0,213.11,214.73,216.77,211.07,209.45,227.48,2.55,1.2,6.07,215.92,216.26,215.75,-22036399.6
2025-03-20,AAPL,213.99,217.49,212.22,214.1,48862900,-6.79,-4.84,-1.96,-6.79,-4.84,-1.96,214.24,214.9,217.09,218.73,220.26,222.27,224.85,227.05,228.16,229.26,230.12,230.8,231.32,232.0,231.8,224.52,213.9,218.36,224.7,229.39,232.24,232.4,235.62,235.29,228.23,215.12,222.74,227.78,211.52,216.53,220.94,210.45,211.57,215.57,-0.28,-0.14,41.34,17.75,24.65,21.67,26.72,30.32,-60.91,-85.31,-9.25,-9.61,-21.23,-27.74,-31.73,-84.05,-86.34,20.48,18.04,25.34,15.95,15.7,16.46,42.9,255.88,202.9,23.09,0.21,252.72,212.07,17.49,0.05,5.72,6.92,6.55,8.81,13.24,12.17,238.68,211.01,250.0,208.42,229.21,1521193500,50772340.0,57225970.0,53029875.0,0.92,44.88,3619933288.35,164.34,-0.14,47.03,12.02,35.88,32.0,80.0,-48.0,215.92,218.08,220.93,213.07,210.91,225.19,-1.14,-0.53,5.27,214.6,214.86,214.48,-14000565.28
2025-03-21,AAPL,211.56,218.84,211.28,218.27,94127800,-6.45,-5.16,-1.29,-6.45,-5.16,-1.29,216.25,216.03,217.36,218.64,219.95,221.77,224.22,226.4,227.52,228.65,229.55,230.25,230.81,231.55,231.53,224.46,214.86,216.28,223.12,228.03,231.74,231.92,235.02,235.17,228.35,215.1,221.68,226.88,212.68,216.13,220.17,212.82,211.85,215.03,-0.3,-0.17,81.84,35.28,31.43,29.97,30.12,31.4,-44.38,-68.3,-7.41,-9.63,-20.8,-19.76,-27.28,-70.11,-76.31,56.54,32.57,104.49,29.89,21.67,46.35,51.28,253.81,202.24,22.62,0.31,252.43,211.41,17.68,0.17,5.82,6.89,6.79,5.01,12.89,12.43,238.0,210.44,250.0,208.42,229.21,1615321300,57576380.0,62011390.0,55076395.0,1.71,47.65,3699867213.75,164.4,-0.02,49.56,11.45,36.02,28.0,76.0,-48.0,214.6,216.99,219.87,211.72,209.33,223.18,4.17,1.95,7.56,216.13,215.06,216.67,79933925.4
2025-03-24,AAPL,221.0,221.48,218.58,220.73,44299500,-5.91,-5.31,-0.6,-5.91,-5.31,-0.6,218.49,217.59,218.11,219.02,220.07,221.64,223.89,225.98,227.08,228.21,229.12,229.84,230.41,231.19,231.32,224.42,216.21,215.6,221.97,226.71,231.51,231.48,234.44,235.06,228.49,215.91,220.99,226.17,214.46,216.27,219.79,215.71,212.82,215.04,-0.32,-0.2,79.82,49.8,35.13,34.7,32.64,33.77,-5.98,-38.95,-6.2,-9.76,-6.75,-15.2,-26.37,-62.64,-70.39,92.35,56.46,164.13,37.36,27.73,56.61,58.5,251.04,202.37,21.47,0.38,251.99,210.97,17.72,0.24,5.06,6.74,6.78,3.59,12.17,12.57,237.36,210.42,250.0,208.42,229.21,1659620800,56821600.0,59234220.0,54725050.0,0.81,53.96,3721253179.26,164.43,-0.01,52.54,14.52,35.33,24.0,72.0,-48.0,216.13,220.98,223.69,213.42,208.57,208.42,2.46,1.13,3.21,220.26,220.03,220.38,21385965.52
2025-03-25,AAPL,220.77,224.1,220.08,223.75,34493600,-5.18,-5.28,0.1,-5.18,-5.28,0.1,221.12,219.65,219.36,219.88,220.64,221.9,223.88,225.82,226.87,227.96,228.85,229.57,230.15,230.95,231.17,224.42,218.42,215.89,221.16,225.54,231.38,231.22,233.87,234.97,228.63,217.39,220.71,225.67,216.85,216.97,219.85,219.13,214.49,215.66,-0.33,-0.23,83.28,62.89,34.16,38.58,34.0,36.06,25.01,-18.92,-6.41,-8.48,2.91,-11.99,-23.29,-53.47,-63.13,97.77,82.22,128.86,46.53,37.93,63.72,57.98,247.93,203.15,19.85,0.46,251.78,210.66,17.78,0.32,5.01,6.5,6.76,4.13,11.19,12.63,236.88,210.88,244.98,208.42,226.7,1694114400,55233840.0,55069840.0,54049065.0,0.64,59.43,3749740431.01,164.46,0.02,53.03,17.92,30.63,20.0,68.0,-48.0,220.26,221.95,223.16,219.05,217.36,208.68,3.02,1.37,4.02,222.64,222.09,222.92,28487251.74
2025-03-26,AAPL,223.51,225.02,220.47,221.53,34466100,-4.72,-5.17,0.45,-4.72,-5.17,0.45,221.33,220.27,219.84,220.18,220.78,221.85,223.65,225.5,226.53,227.61,228.5,229.22,229.81,230.64,230.98,224.39,219.68,216.35,220.21,224.6,231.01,230.96,233.24,234.84,228.76,218.42,220.32,225.04,217.95,217.2,219.63,220.46,215.37,215.84,-0.33,-0.25,78.41,77.96,42.37,37.3,33.02,34.22,37.38,-15.94,-2.62,-9.53,4.55,-13.8,-18.83,-60.21,-64.14,77.4,89.17,53.85,39.79,41.22,36.91,53.14,245.92,203.28,18.99,0.43,251.68,210.24,17.94,0.27,4.91,6.49,6.73,4.5,10.66,12.76,236.63,210.67,244.03,208.42,226.22,1659648300,51249980.0,52261700.0,53550690.0,0.64,54.23,3731333261.12,164.48,0.03,52.58,17.52,30.68,16.0,64.0,-48.0,222.64,225.21,226.66,221.19,218.62,209.3,-2.22,-0.99,4.55,222.34,222.74,222.14,-18407169.89
2025-03-27,AAPL,221.39,224.99,220.56,223.85,37094800,-4.13,-4.96,0.83,-4.13,-4.96,0.83,222.59,221.47,220.73,220.85,221.25,222.1,223.67,225.38,226.35,227.4,228.27,228.99,229.58,230.42,230.84,224.38,221.63,217.76,219.45,223.93,230.57,230.77,232.71,234.78,228.9,219.78,220.25,224.57,219.56,217.85,219.74,222.4,216.77,216.46,-0.32,-0.26,78.08,76.29,54.34,35.61,38.33,36.27,77.15,-5.14,1.36,-8.94,14.17,-15.22,-13.45,-44.38,-56.67,92.23,89.13,98.42,55.62,47.31,72.25,55.8,244.4,203.46,18.28,0.5,251.58,209.97,18.03,0.33,5.02,6.33,6.57,4.4,10.23,12.77,236.34,211.0,244.03,208.42,226.22,1696743100,48896360.0,49834350.0,53347750.0,0.7,53.48,3749336380.75,164.51,0.08,53.0,14.0,31.43,12.0,60.0,-48.0,222.34,224.21,226.89,219.66,217.79,210.24,2.32,1.05,4.43,223.13,222.78,223.31,18003119.64
2025-03-28,AAPL,221.67,223.81,217.68,217.9,39818600,-4.09,-4.79,0.7,-4.09,-4.79,0.7,220.24,220.28,220.1,220.31,220.73,221.58,223.12,224.82,225.81,226.87,227.76,228.51,229.12,230.01,230.58,224.32,221.55,218.21,218.04,222.73,229.79,230.37,232.14,234.7,229.02,219.81,219.68,223.76,218.82,217.36,219.11,220.98,216.43,215.96,-0.31,-0.27,59.43,57.76,51.25,39.86,36.83,32.5,43.34,-26.91,0.42,-11.26,4.41,-9.58,-23.94,-45.58,-73.38,48.18,72.6,-0.66,54.42,49.94,63.37,51.94,241.52,203.94,16.87,0.37,251.39,209.36,18.24,0.2,5.03,5.71,6.6,4.13,9.39,12.8,234.55,211.69,244.03,208.42,226.22,1656924500,38034520.0,47805450.0,52497010.0,0.76,56.08,3712375885.81,164.54,-0.01,51.24,15.51,25.27,8.0,56.0,-48.0,223.13,225.71,227.56,221.28,218.7,211.13,-5.95,-2.66,6.17,219.8,220.74,219.32,-36960494.94
2025-03-31,AAPL,217.01,225.62,216.23,222.13,65299300,-3.67,-4.56,0.89,-3.67,-4.56,0.89,221.19,220.89,220.55,220.64,220.95,221.65,223.03,224.62,225.57,226.61,227.49,228.23,228.85,229.75,230.41,224.3,221.83,219.02,217.68,221.94,229.04,230.25,231.67,234.69,229.1,220.52,219.62,223.26,219.7,217.73,219.09,221.9,217.31,216.33,-0.3,-0.28,59.55,66.82,68.48,51.44,36.56,35.78,71.68,-6.5,5.94,-10.11,8.13,1.29,-15.9,-20.29,-61.5,75.66,72.02,82.94,79.71,63.25,112.63,55.56,239.29,204.58,15.64,0.51,251.39,209.11,18.36,0.31,5.62,5.67,6.48,4.01,8.68,12.56,234.36,211.69,241.37,208.42,224.9,1722223800,42234480.0,49528040.0,53402775.0,1.22,66.09,3729135344.07,164.58,0.03,47.31,17.92,16.94,4.0,52.0,-48.0,219.8,221.91,225.93,215.78,213.67,211.96,4.23,1.94,9.39,221.33,220.92,221.53,16759458.25
2025-04-01,AAPL,219.81,223.68,218.9,223.19,36412700,-3.22,-4.3,1.07,-3.22,-4.3,1.07,222.19,221.66,221.14,221.11,221.29,221.84,223.04,224.52,225.42,226.42,227.28,228.01,228.62,229.53,230.27,224.28,221.72,220.07,217.84,221.3,228.33,230.11,231.33,234.71,229.15,221.28,219.74,222.89,220.71,218.26,219.21,222.97,218.35,216.89,-0.29,-0.28,56.54,64.96,65.68,57.38,39.49,39.53,71.64,8.12,4.54,-9.65,10.5,6.21,-12.74,-14.13,-55.17,83.05,68.97,111.23,85.87,73.33,110.95,55.29,237.38,205.22,14.53,0.56,251.34,208.88,18.45,0.34,5.22,5.52,6.33,3.52,8.04,12.25,234.08,212.0,241.37,208.42,224.9,1758636500,42618300.0,48926070.0,52533505.0,0.69,73.8,3758082678.79,164.61,0.09,43.8,18.4,14.1,0.0,48.0,-48.0,221.33,226.42,230.72,217.03,211.94,213.05,1.06,0.48,4.78,221.92,221.29,222.24,28947334.73
2025-04-02,AAPL,221.32,225.19,221.02,223.89,35905900,-2.78,-3.99,1.21,-2.78,-3.99,1.21,223.04,222.4,221.75,221.61,221.69,222.1,223.12,224.47,225.32,226.28,227.11,227.83,228.44,229.35,230.14,224.28,222.19,220.93,218.3,220.71,227.63,230.14,231.0,234.71,229.19,221.97,219.99,222.6,221.7,218.87,219.42,223.95,219.43,217.54,-0.27,-0.28,50.42,68.73,65.88,70.04,41.3,41.58,85.31,34.03,4.62,-6.85,8.65,14.21,-11.85,-10.79,-53.05,87.94,82.22,99.37,89.21,84.93,97.78,56.84,235.36,206.06,13.27,0.61,251.34,208.94,18.42,0.35,5.36,5.21,6.28,3.25,7.32,11.87,233.54,212.71,241.37,208.42,224.9,1794542400,42906260.0,47078120.0,51967420.0,0.69,81.74,3771601207.09,164.64,0.07,42.66,21.58,6.05,0.0,44.0,-44.0,221.92,224.95,226.7,220.17,217.14,214.06,0.7,0.31,4.17,223.37,223.1,223.5,13518528.3
2025-04-03,AAPL,205.54,207.49,201.25,203.19,103419000,-4.05,-4.0,-0.04,-4.05,-4.0,-0.04,213.11,216.0,217.63,218.26,218.85,219.73,221.23,222.89,223.89,224.99,225.95,226.76,227.45,228.49,229.61,224.07,218.06,219.84,217.86,219.1,226.21,229.73,230.31,234.51,229.15,218.75,218.32,221.02,215.6,215.66,217.04,215.18,214.98,214.38,-0.27,-0.28,23.77,32.33,40.6,40.16,31.85,29.83,-210.49,-188.89,-4.47,-14.37,-10.91,-10.3,-32.14,-92.04,-95.16,7.96,59.65,-95.42,7.96,61.02,-98.15,39.52,234.04,204.16,13.64,-0.03,252.19,207.26,19.56,-0.09,8.02,6.51,7.01,6.25,7.47,12.17,234.25,208.2,241.37,201.25,221.31,1691123400,56171100.0,52533730.0,54879850.0,1.88,69.16,3732487610.94,164.69,0.03,39.05,17.25,26.52,8.0,100.0,-92.0,223.37,225.71,227.54,221.54,219.2,225.62,-20.7,-9.25,22.64,203.98,204.37,203.78,-39113596.15
2025-04-04,AAPL,193.89,199.88,187.34,188.38,125910900,-6.18,-4.44,-1.74,-6.18,-4.44,-1.74,200.75,206.79,211.13,212.83,214.16,215.81,218.1,220.34,221.6,222.96,224.11,225.09,225.92,227.18,228.79,223.72,212.16,216.85,216.19,216.57,224.3,229.02,229.41,234.12,229.01,213.03,215.39,218.58,206.2,210.23,213.04,202.62,207.53,208.97,-0.29,-0.28,12.62,20.6,28.61,30.78,27.45,26.75,-266.02,-283.93,-12.48,-22.11,-29.89,-25.62,-50.69,-97.28,-98.08,2.72,32.87,-57.59,2.72,33.3,-58.44,33.54,234.2,198.93,16.29,-0.3,254.3,203.74,22.08,-0.3,9.63,7.27,7.54,11.78,8.82,13.44,232.64,203.56,236.16,187.34,211.75,1565212500,73389560.0,55712040.0,58861715.0,2.14,57.44,3627461453.52,164.73,-0.07,37.17,14.21,37.43,4.0,100.0,-96.0,203.98,206.7,210.22,200.46,197.74,225.19,-14.81,-7.29,15.85,191.87,193.61,191.0,-105026157.42
2025-04-07,AAPL,177.2,194.15,174.62,181.46,160466300,-8.33,-5.22,-3.11,-8.33,-5.22,-3.11,191.1,198.35,204.53,207.13,209.13,211.52,214.61,217.46,219.01,220.65,222.03,223.2,224.17,225.68,227.86,223.29,204.02,212.93,214.02,214.26,222.11,228.19,228.39,233.67,228.84,206.59,212.05,215.82,197.04,204.34,208.58,191.27,199.71,203.02,-0.34,-0.29,12.37,14.11,26.2,28.39,23.15,25.6,-226.37,-287.42,-15.25,-23.77,-39.27,-31.23,-46.02,-86.59,-88.89,13.41,8.03,24.18,13.41,8.03,24.18,32.9,237.13,191.39,21.35,-0.22,256.79,199.6,25.06,-0.32,11.79,8.4,8.15,16.1,11.44,14.87,231.41,197.8,225.84,174.62,200.23,1404746200,92422960.0,67328720.0,63281470.0,2.54,46.52,3579395511.12,164.77,-0.08,36.3,12.29,43.19,0.0,100.0,-100.0,191.87,196.39,204.41,183.85,179.33,223.68,-6.92,-3.67,19.53,183.41,184.38,182.92,-48065942.4
2025-04-08,AAPL,186.7,190.34,169.21,172.42,120859500,-10.64,-6.3,-4.34,-10.64,-6.3,-4.34,181.76,189.71,197.4,200.82,203.48,206.63,210.59,214.12,216.0,217.97,219.61,220.99,222.14,223.93,226.76,222.79,193.87,207.79,211.34,211.84,219.63,227.05,227.31,233.15,228.66,199.23,208.06,212.61,187.4,197.66,203.44,179.96,191.08,196.24,-0.4,-0.31,3.31,12.64,18.78,22.81,23.71,23.72,-178.14,-249.97,-21.01,-26.92,-51.33,-42.82,-48.42,-94.31,-94.33,5.69,7.27,2.53,5.69,7.27,2.53,30.88,241.13,182.55,27.65,-0.17,259.7,194.39,28.76,-0.34,13.93,9.48,8.45,19.98,14.64,16.69,229.55,191.63,225.62,169.21,197.42,1283886700,109312320.0,75965310.0,65517575.0,1.84,38.38,3495257165.41,164.79,-0.13,37.2,8.18,42.37,12.0,100.0,-88.0,183.41,192.2,202.94,172.67,163.88,220.73,-9.04,-4.98,21.13,177.32,179.78,176.1,-84138345.72
2025-04-09,AAPL,171.95,200.61,171.89,198.85,184395900,-10.22,-7.09,-3.14,-10.22,-7.09,-3.14,190.31,192.75,197.72,200.46,202.77,205.66,209.47,212.99,214.9,216.91,218.6,220.02,221.23,223.11,226.21,222.55,188.86,205.53,210.24,210.94,218.24,226.26,226.72,232.9,228.61,197.6,206.83,211.27,189.19,196.76,202.11,184.86,191.0,195.16,-0.45,-0.34,34.52,36.09,38.77,42.67,41.17,37.55,-88.57,-126.86,-9.91,-15.65,-22.68,-15.25,-18.13,-47.46,-47.46,52.54,23.88,109.87,52.54,23.88,109.87,42.24,240.68,181.2,28.2,0.3,259.7,192.82,29.56,0.09,16.69,11.15,9.34,19.53,14.87,16.63,231.78,187.16,225.62,169.21,197.42,1468282600,139010320.0,90958290.0,71609995.0,2.58,49.82,3657053010.81,164.84,0.01,36.8,13.53,35.02,8.0,96.0,-88.0,177.32,185.44,198.45,164.31,156.19,216.61,26.43,15.33,28.72,190.45,186.25,192.55,161795845.4
2025-04-10,AAPL,189.07,194.78,183.0,190.42,121880000,-10.45,-7.76,-2.69,-10.45,-7.76,-2.69,190.36,191.98,196.1,198.63,200.87,203.75,207.66,211.32,213.32,215.44,217.23,218.74,220.02,222.04,225.5,222.23,186.31,202.18,208.66,209.97,216.68,225.28,226.01,232.55,228.52,194.85,204.87,209.48,187.92,194.52,199.88,184.83,188.92,192.77,-0.49,-0.37,30.62,35.12,33.79,37.14,39.71,33.91,-77.8,-111.14,-14.9,-19.08,-33.43,-27.85,-19.26,-62.4,-62.4,37.6,31.94,48.91,37.6,31.94,48.91,41.18,241.1,178.85,29.65,0.19,259.99,190.56,30.82,-0.0,18.27,11.75,9.77,18.9,15.56,16.97,231.15,184.17,225.62,169.21,197.42,1346402600,142702520.0,99436810.0,74635580.0,1.63,40.26,3688712841.03,164.88,0.06,36.46,12.02,33.26,4.0,92.0,-88.0,190.45,209.01,219.17,180.29,161.73,212.82,-8.43,-4.24,15.85,189.4,188.89,189.65,31659830.22
2025-04-11,AAPL,186.1,199.54,186.06,198.15,87435900,-9.89,-8.19,-1.71,-9.89,-8.19,-1.71,194.26,194.03,196.55,198.55,200.45,203.05,206.75,210.34,212.34,214.48,216.3,217.84,219.16,221.25,224.96,221.99,188.26,200.21,207.32,209.21,215.22,224.49,225.34,232.25,228.47,194.12,203.75,208.28,189.71,194.04,198.85,188.72,189.37,192.15,-0.52,-0.4,46.56,37.49,39.21,40.06,45.55,40.04,-48.13,-72.74,-10.55,-17.12,-19.75,-22.58,-15.34,-48.7,-48.7,51.7,47.28,60.53,51.3,47.15,59.61,44.73,240.72,177.69,30.13,0.32,259.85,189.13,31.5,0.13,19.6,12.48,10.0,18.09,15.76,16.61,231.71,181.79,225.62,169.21,197.42,1433838500,135007520.0,104198540.0,76001995.0,1.15,42.11,3758116708.24,164.91,0.07,36.53,12.53,31.3,0.0,88.0,-88.0,189.4,195.8,201.18,184.02,177.62,209.33,7.73,4.06,13.48,194.58,192.8,195.48,69403867.21
2025-04-14,AAPL,211.44,212.94,201.16,202.52,101352900,-8.99,-8.35,-0.65,-8.99,-8.35,-0.65,198.39,196.86,197.88,199.27,200.77,202.99,206.35,209.76,211.71,213.82,215.62,217.18,218.51,220.64,224.51,221.8,192.47,198.25,206.11,208.63,214.04,223.82,224.92,232.02,228.42,194.54,203.11,207.46,192.63,194.49,198.49,193.62,191.02,192.49,-0.54,-0.43,61.24,39.57,40.34,40.76,45.78,43.68,2.95,-15.24,-9.53,-10.97,-19.61,-21.23,-11.48,-40.95,-40.95,59.5,49.6,79.31,59.05,49.32,78.51,46.35,240.2,177.07,30.26,0.4,259.56,188.08,31.93,0.2,18.48,13.25,10.5,16.43,15.78,16.19,232.85,179.85,225.62,169.21,197.42,1535191400,123184840.0,107803900.0,78665970.0,1.29,45.19,3680166175.64,164.96,0.01,36.47,17.61,29.49,0.0,84.0,-84.0,194.58,203.11,208.06,189.63,181.1,169.21,4.37,2.21,14.79,205.54,207.05,204.79,-77950532.6
2025-04-15,AAPL,201.86,203.51,199.8,202.14,51343900,-8.22,-8.32,0.1,-8.22,-8.32,0.1,200.26,198.62,198.83,199.79,200.98,202.88,205.95,209.2,211.09,213.17,214.97,216.52,217.87,220.03,224.07,221.6,198.42,196.14,204.67,208.11,212.91,223.3,224.45,231.77,228.36,195.25,202.49,206.69,194.78,194.85,198.15,196.93,192.41,192.79,-0.55,-0.45,68.34,38.99,42.48,41.43,45.44,44.76,-7.88,-30.82,-7.23,-8.47,-21.05,-19.39,-10.55,-41.62,-41.62,75.3,62.17,101.57,58.38,56.24,62.64,50.11,239.74,176.47,30.4,0.41,259.54,187.07,32.45,0.21,16.74,13.19,10.43,14.06,15.82,15.79,232.33,179.57,225.62,169.21,197.42,1483847500,109281720.0,109297020.0,79111545.0,0.65,44.7,3693590322.01,164.99,0.02,36.49,17.2,30.36,0.0,80.0,-80.0,205.54,209.92,217.32,198.14,193.76,170.08,-0.38,-0.19,3.71,201.82,201.66,201.9,13424146.36
2025-04-16,AAPL,198.36,200.7,192.37,194.27,59732400,-8.15,-8.29,0.14,-8.15,-8.29,0.14,197.27,197.17,197.81,198.79,199.95,201.8,204.84,208.09,210.0,212.12,213.96,215.56,216.94,219.19,223.48,221.33,197.5,193.18,202.85,207.06,211.53,222.53,223.98,231.42,228.27,194.91,201.17,205.49,193.87,193.79,196.89,195.7,191.63,191.7,-0.55,-0.47,69.79,44.81,37.15,37.53,43.25,44.58,-30.35,-55.05,-12.54,-10.47,-29.62,-29.58,-20.97,-55.58,-55.58,57.31,64.04,43.84,44.42,53.95,25.37,49.52,239.08,175.03,30.93,0.3,259.57,185.49,33.29,0.12,15.35,13.57,10.72,10.14,16.01,15.53,231.98,177.7,225.62,169.21,197.42,1424115100,84349020.0,111679670.0,79378895.0,0.75,40.83,3661106795.96,165.01,0.02,36.13,16.71,33.41,52.0,76.0,-24.0,201.82,203.83,205.53,200.12,198.11,170.94,-7.87,-3.89,9.77,195.78,196.54,195.4,-32483526.05
2025-04-17,AAPL,197.2,198.83,194.42,196.98,52164700,-7.78,-8.19,0.41,-7.78,-8.19,0.41,197.12,197.11,197.63,198.46,199.49,201.2,204.09,207.27,209.16,211.28,213.13,214.75,216.16,218.46,222.95,221.09,198.81,192.56,201.06,206.2,210.25,221.82,223.53,231.1,228.18,195.6,200.21,204.55,194.17,193.42,196.11,196.17,191.8,191.31,-0.55,-0.49,47.03,55.82,38.1,40.93,43.32,44.15,-18.18,-45.78,-11.74,-6.06,-6.21,-20.92,-17.12,-50.77,-50.77,63.5,65.37,59.77,49.23,50.68,46.33,55.55,238.35,174.05,31.18,0.36,259.44,184.2,33.92,0.17,12.98,13.45,10.65,9.63,16.07,15.08,231.0,177.18,225.62,169.21,197.42,1476279800,70405960.0,106554240.0,79543985.0,0.66,44.61,3669505194.37,165.03,0.03,36.66,16.86,32.17,48.0,72.0,-24.0,195.78,199.19,204.11,190.86,187.45,171.78,2.71,1.39,4.56,196.74,196.62,196.8,8398398.41
2025-04-21,AAPL,193.27,193.8,189.81,193.16,46742500,-7.71,-8.09,0.38,-7.71,-8.09,0.38,195.14,195.79,196.64,197.49,198.52,200.2,203.05,206.22,208.13,210.27,212.15,213.81,215.26,217.63,222.36,220.81,197.81,193.04,199.41,204.95,208.72,221.02,223.02,230.75,228.04,195.71,198.97,203.45,193.2,192.45,194.95,194.83,191.05,190.35,-0.55,-0.5,55.1,58.27,36.43,37.4,42.49,42.78,-37.73,-61.84,-13.73,-9.52,4.78,-28.97,-25.11,-57.22,-57.54,54.77,58.53,47.25,42.78,45.48,37.39,47.21,237.07,172.82,31.35,0.32,259.35,182.69,34.68,0.14,9.9,13.3,10.74,9.52,16.06,14.36,229.64,176.45,225.62,169.21,197.42,1429537300,62267280.0,98637400.0,77174720.0,0.61,39.8,3701252606.65,165.05,0.0,39.1,16.08,35.03,44.0,68.0,-24.0,196.74,199.07,201.15,194.66,192.33,172.6,-3.82,-1.94,7.17,192.26,191.8,192.48,31747412.28
2025-04-22,AAPL,196.12,201.59,195.97,199.74,52976400,-7.04,-7.88,0.84,-7.04,-7.88,0.84,197.44,197.11,197.33,197.9,198.71,200.14,202.73,205.74,207.59,209.68,211.55,213.2,214.65,217.04,221.92,220.6,197.26,194.86,197.92,203.9,207.8,220.46,222.64,230.45,227.93,196.93,198.48,202.87,194.72,192.86,194.75,196.97,192.25,190.77,-0.54,-0.51,53.09,69.99,48.26,40.27,43.46,45.67,25.87,-24.4,-1.7,-6.66,18.28,-23.45,-20.99,-45.46,-45.88,67.84,62.04,79.46,54.54,48.85,65.91,50.12,235.21,172.58,30.71,0.43,259.21,181.72,35.15,0.23,8.84,13.56,10.78,8.78,15.66,14.0,229.85,175.62,225.62,169.21,197.42,1482513700,52591980.0,87888410.0,77608565.0,0.68,40.39,3719351305.58,165.07,-0.0,40.06,19.88,34.36,40.0,64.0,-24.0,192.26,194.7,196.25,190.71,188.27,173.41,6.58,3.41,8.43,199.1,198.78,199.26,18098698.93
2025-04-23,AAPL,206.0,208.0,202.8,204.6,52929200,-6.05,-7.51,1.47,-6.05,-7.51,1.47,201.02,199.61,198.94,199.12,199.61,200.7,202.91,205.66,207.4,209.4,211.21,212.82,214.26,216.64,221.57,220.44,197.75,198.08,196.68,202.94,207.26,220.0,222.22,230.17,227.82,198.7,198.54,202.66,197.51,194.14,195.21,200.64,194.59,192.09,-0.53,-0.51,53.97,56.15,59.1,42.26,44.41,46.5,108.47,12.07,8.61,-3.8,32.18,-19.29,-19.15,-19.07,-37.26,72.14,64.92,86.6,80.93,59.42,123.95,45.89,232.83,173.04,29.46,0.53,258.95,181.06,35.4,0.3,8.1,13.85,11.02,4.48,14.95,13.79,230.61,175.21,225.62,169.21,197.42,1535442900,52909040.0,81095380.0,78530345.0,0.67,41.05,3703065397.89,165.09,-0.03,37.55,21.99,33.63,36.0,60.0,-24.0,199.1,202.23,204.72,196.61,193.48,174.2,4.86,2.43,8.26,205.13,205.4,205.0,-16285907.69
2025-04-24,AAPL,204.89,208.83,202.94,208.37,47311000,-4.9,-6.99,2.09,-4.9,-6.99,2.09,204.7,202.53,201.04,200.8,200.96,201.66,203.43,205.86,207.46,209.34,211.07,212.63,214.03,216.37,221.31,220.32,200.57,199.04,195.64,202.28,206.97,219.52,221.72,229.9,227.72,200.57,199.06,202.74,200.86,195.97,196.12,204.79,197.55,193.99,-0.5,-0.51,60.52,71.32,65.65,52.4,44.69,48.15,119.35,27.15,14.83,-3.19,9.52,5.18,-13.16,-10.45,-30.58,83.0,74.33,100.34,89.55,75.01,118.64,53.86,231.01,173.55,28.41,0.61,258.42,180.61,35.45,0.36,6.83,12.65,11.11,5.55,14.36,13.67,228.74,178.12,225.62,169.21,197.42,1582753900,50424760.0,67386890.0,79172590.0,0.6,46.97,3742986564.27,165.12,0.01,36.19,24.53,25.65,32.0,56.0,-24.0,205.13,207.47,210.33,202.27,199.93,174.98,3.77,1.84,5.89,206.71,205.88,207.13,39921166.38
2025-04-25,AAPL,206.37,209.75,206.2,209.28,38222300,-3.87,-6.37,2.49,-3.87,-6.37,2.49,206.99,204.78,202.87,202.34,202.24,202.61,203.99,206.11,207.58,209.34,210.98,212.48,213.84,216.13,221.07,220.21,203.03,200.92,196.05,201.55,206.96,218.97,221.22,229.64,227.63,202.43,199.73,202.88,203.65,197.74,197.07,207.89,200.27,195.87,-0.46,-0.5,83.13,65.78,73.67,61.14,45.73,47.03,113.77,44.84,21.38,-2.25,18.86,20.9,-14.57,-8.37,-28.97,84.18,79.77,92.98,91.63,87.37,100.15,56.27,228.67,174.43,26.91,0.64,257.65,180.28,35.33,0.37,6.8,11.77,11.06,5.5,13.56,13.67,227.54,180.44,225.62,169.21,197.42,1620976200,47636280.0,59021120.0,79228965.0,0.48,53.82,3771088029.91,165.14,0.01,34.19,26.92,19.13,28.0,52.0,-24.0,206.71,210.49,212.6,204.6,200.82,175.74,0.91,0.44,3.55,208.41,207.98,208.63,28101465.63
2025-04-28,AAPL,210.0,211.5,207.46,210.14,38743100,-2.96,-5.69,2.73,-2.96,-5.69,2.73,208.56,206.57,204.48,203.76,203.45,203.55,204.57,206.41,207.74,209.39,210.94,212.38,213.69,215.94,220.86,220.11,206.43,202.12,197.5,201.16,206.84,218.34,220.76,229.37,227.51,204.11,200.55,203.09,205.99,199.45,198.07,210.21,202.76,197.73,-0.42,-0.48,81.63,62.0,60.8,66.34,45.18,46.46,108.7,59.28,5.68,-3.72,11.99,28.68,-7.76,-6.4,-27.44,93.73,86.97,107.25,93.6,91.59,97.61,62.83,227.51,174.82,26.19,0.67,256.54,180.13,35.0,0.39,5.99,10.67,11.04,6.1,13.17,13.63,225.91,183.24,225.62,169.21,197.42,1659719300,46036400.0,54151840.0,79175190.0,0.49,63.33,3783746666.54,165.16,0.05,33.22,30.89,12.59,24.0,48.0,-24.0,208.41,210.62,211.96,207.07,204.86,176.48,0.86,0.41,4.04,209.7,209.48,209.81,12658636.63
2025-04-29,AAPL,208.69,212.24,208.37,211.21,36827600,-2.12,-4.97,2.85,-2.12,-4.97,2.85,209.89,208.11,205.98,205.12,204.65,204.51,205.21,206.77,207.97,209.49,210.96,212.33,213.6,215.78,220.67,220.02,208.72,202.99,199.48,200.62,206.75,217.67,220.35,229.09,227.43,205.76,201.5,203.37,208.05,201.14,199.13,212.08,205.09,199.59,-0.37,-0.46,100.0,63.98,73.14,74.31,47.56,45.76,105.84,73.02,10.92,-4.31,8.69,38.79,-10.92,-4.21,-25.55,95.41,91.1,104.01,95.79,93.67,100.01,65.83,225.55,175.69,24.85,0.71,255.16,180.18,34.45,0.41,5.89,9.43,10.93,6.75,12.47,13.59,224.08,186.34,225.19,169.21,197.2,1696546900,42806640.0,47699310.0,77751605.0,0.47,71.87,3800970944.58,165.18,0.05,32.35,35.48,10.14,20.0,44.0,-24.0,209.7,211.94,213.74,207.9,205.66,177.21,1.07,0.51,3.87,210.61,210.3,210.76,17224278.04
2025-04-30,AAPL,209.3,213.58,206.67,212.5,52286500,-1.34,-4.24,2.91,-1.34,-4.24,2.91,211.19,209.58,207.43,206.46,205.86,205.51,205.9,207.19,208.26,209.65,211.03,212.34,213.55,215.67,220.5,219.95,210.3,204.02,202.16,200.08,206.75,217.03,220.09,228.79,227.34,207.49,202.63,203.74,209.96,202.85,200.27,213.71,207.35,201.48,-0.32,-0.43,100.0,85.23,68.64,62.49,46.42,46.92,96.28,84.15,7.24,-5.03,10.36,13.65,-10.69,-3.53,-22.67,95.46,94.86,96.64,96.47,95.28,98.84,67.95,223.38,176.78,23.29,0.77,253.74,180.32,33.83,0.44,5.85,7.88,10.81,7.37,11.65,13.59,221.65,190.15,225.19,169.21,197.2,1748833400,42678100.0,47793570.0,78545295.0,0.67,67.84,3836913184.08,165.21,0.05,32.16,33.19,13.69,16.0,40.0,-24.0,210.61,212.84,214.48,208.97,206.74,177.92,1.29,0.61,6.91,210.92,210.12,211.31,35942239.51
2025-05-01,AAPL,209.08,214.56,208.9,213.32,57365700,-0.64,-3.52,2.88,-0.64,-3.52,2.88,212.26,210.82,208.74,207.71,207.0,206.48,206.61,207.65,208.59,209.86,211.14,212.38,213.54,215.6,220.36,219.88,211.29,205.93,203.12,199.56,206.68,216.4,219.76,228.49,227.24,209.18,203.89,204.17,211.59,204.49,201.41,214.98,209.4,203.32,-0.27,-0.4,100.0,84.07,65.46,74.34,46.32,46.38,99.35,105.27,5.33,-3.71,19.05,22.9,-10.57,-4.35,-21.2,94.99,95.28,94.4,95.65,95.97,95.01,68.67,220.98,178.13,21.48,0.82,252.23,180.57,33.11,0.46,5.45,7.15,10.86,7.02,10.71,13.55,220.91,192.31,214.56,169.21,191.88,1806199100,44689040.0,47556900.0,79618285.0,0.72,80.28,3869143383.02,165.24,0.06,31.86,37.55,15.09,12.0,36.0,-24.0,210.92,215.16,217.83,208.25,204.01,179.35,0.82,0.39,5.66,212.26,211.73,212.52,32230198.94
2025-05-02,AAPL,206.09,206.99,202.16,205.35,101010600,-0.73,-2.96,2.24,-0.73,-2.96,2.24,208.8,209.0,207.98,207.28,206.75,206.34,206.49,207.48,208.38,209.61,210.86,212.08,213.22,215.26,220.06,219.74,210.5,206.77,204.12,199.66,206.39,215.59,219.31,228.11,227.09,209.07,204.45,204.08,210.1,204.46,201.47,212.01,208.99,203.51,-0.23,-0.37,38.31,71.67,53.77,57.61,43.44,45.74,7.34,44.37,1.59,-8.26,8.37,7.2,2.16,-37.21,-20.31,50.46,80.3,-9.23,62.79,84.97,18.43,60.91,221.19,178.13,21.56,0.63,250.52,180.66,32.41,0.35,5.87,6.98,11.19,6.3,10.76,13.48,220.45,192.52,214.56,169.21,191.88,1705188500,57246700.0,52441490.0,79497865.0,1.27,67.88,3901558792.96,165.29,0.11,30.23,33.57,22.34,8.0,32.0,-24.0,212.26,215.62,217.92,209.96,206.6,181.46,-7.97,-3.74,11.16,204.83,204.58,204.96,32415409.94
2025-05-05,AAPL,203.1,204.1,198.21,198.89,69018500,-1.3,-2.63,1.33,-1.3,-2.63,1.33,203.85,205.63,205.96,205.75,205.54,205.41,205.76,206.84,207.76,209.01,210.28,211.5,212.66,214.72,219.64,219.53,208.25,207.34,204.16,200.19,205.74,214.66,218.74,227.67,226.94,207.64,204.37,203.6,206.82,203.28,200.73,206.94,206.95,202.52,-0.2,-0.34,21.87,48.48,55.62,46.32,48.31,42.23,-43.81,5.33,2.38,-8.72,5.73,-3.63,10.51,-63.31,-34.55,4.16,49.87,-87.26,36.69,65.04,-20.02,53.3,221.06,179.32,20.85,0.47,248.81,180.51,31.82,0.27,6.05,6.44,10.45,5.06,10.44,13.35,218.64,192.89,214.56,169.21,191.88,1636170000,63301780.0,54669090.0,76653245.0,0.9,57.44,3848476652.89,165.32,0.14,29.44,21.55,28.62,4.0,28.0,-24.0,204.83,207.51,209.66,202.68,200.0,183.45,-6.46,-3.15,7.14,200.4,201.16,200.02,-53082140.07
2025-05-06,AAPL,198.21,200.65,197.02,198.51,51216500,-1.76,-2.46,0.69,-1.76,-2.46,0.69,201.18,203.26,204.31,204.44,204.46,204.55,205.07,206.22,207.17,208.43,209.7,210.94,212.11,214.19,219.23,219.32,205.71,207.22,203.9,201.04,205.0,213.68,218.26,227.19,226.81,206.04,204.21,203.13,204.23,202.2,200.03,203.29,205.17,201.6,-0.19,-0.31,17.68,37.06,51.97,46.32,54.5,41.71,-59.17,-17.08,0.78,-10.63,-1.23,-3.63,17.05,-64.85,-35.39,8.49,21.04,-16.59,35.15,44.88,15.7,50.89,220.0,182.09,18.86,0.43,246.82,180.55,31.01,0.27,6.06,6.43,9.87,5.28,9.48,13.11,217.94,192.21,214.56,169.21,191.88,1584953500,66179560.0,54493100.0,71190755.0,0.72,57.51,3839305654.27,165.34,0.18,28.44,21.57,28.45,0.0,24.0,-24.0,200.4,202.59,206.29,196.7,194.51,185.32,-0.38,-0.19,3.63,198.73,198.84,198.67,-9170998.62
2025-05-07,AAPL,199.17,199.44,193.25,196.25,68536700,-2.29,-2.42,0.14,-2.29,-2.42,0.14,198.71,200.92,202.52,202.95,203.2,203.51,204.23,205.48,206.46,207.75,209.05,210.3,211.48,213.6,218.77,219.09,202.46,206.38,203.5,202.23,204.09,212.67,217.73,226.68,226.67,204.04,203.76,202.57,201.56,200.87,199.13,199.82,203.12,200.41,-0.18,-0.28,11.0,22.48,54.15,52.26,56.85,40.81,-89.13,-56.43,1.6,-12.07,-8.35,1.98,23.83,-73.98,-40.37,14.08,8.91,24.41,26.02,32.62,12.82,50.87,215.86,188.6,13.48,0.28,244.72,180.61,30.15,0.24,6.37,6.18,9.23,6.3,6.81,12.71,216.58,191.88,214.56,171.89,193.22,1516416800,69429600.0,56053850.0,68574615.0,1.0,56.86,3837201942.96,165.37,0.25,26.5,22.46,25.4,4.0,20.0,-16.0,198.73,200.43,202.36,196.8,195.1,187.07,-2.26,-1.14,6.19,196.31,196.34,196.3,-2103711.31
2025-05-08,AAPL,197.72,200.05,194.68,197.49,50478900,-2.57,-2.45,-0.12,-2.57,-2.45,-0.12,198.1,199.78,201.4,201.96,202.32,202.76,203.59,204.89,205.88,207.18,208.48,209.74,210.94,213.08,218.35,218.88,199.3,205.29,203.72,202.16,203.28,211.81,217.15,226.19,226.54,202.42,203.3,202.14,200.01,199.97,198.48,198.13,201.77,199.62,-0.17,-0.26,10.77,23.62,46.47,50.6,62.51,47.82,-77.3,-51.2,-1.13,-11.79,-10.88,0.51,-1.36,-68.97,-40.0,19.9,14.16,31.38,31.03,30.73,31.62,49.97,215.88,188.45,13.57,0.33,243.13,180.5,29.57,0.27,6.58,6.23,8.48,6.83,6.86,12.32,216.06,191.12,214.56,183.0,198.78,1566895700,68052240.0,56370640.0,61878765.0,0.82,56.78,3839551984.86,165.39,0.15,24.6,22.95,25.16,0.0,16.0,-16.0,196.31,199.38,202.5,193.19,190.12,188.72,1.24,0.63,5.37,197.41,197.36,197.43,2350041.9
2025-05-09,AAPL,199.0,200.54,197.54,198.53,36453900,-2.69,-2.5,-0.19,-2.69,-2.5,-0.19,198.32,199.36,200.76,201.33,201.74,202.23,203.11,204.42,205.41,206.7,208.0,209.25,210.45,212.6,217.96,218.67,197.93,204.22,203.82,202.57,202.44,211.04,216.51,225.69,226.41,201.19,202.96,201.83,199.23,199.39,198.04,197.57,200.94,199.13,-0.17,-0.24,11.78,24.23,39.19,56.8,49.79,54.33,-72.38,-42.92,-2.97,-2.29,-10.75,5.37,8.11,-75.22,-50.79,24.78,19.58,35.16,24.78,27.28,19.78,45.84,215.26,189.88,12.53,0.34,241.69,180.38,29.05,0.3,6.03,5.94,7.26,6.98,6.35,11.71,214.99,191.23,214.56,186.06,200.31,1603349600,55140900.0,56193800.0,57607460.0,0.63,62.14,3827157658.86,165.4,0.12,22.55,24.68,20.87,76.0,12.0,64.0,197.41,200.13,202.78,194.76,192.04,190.27,1.04,0.53,3.05,198.87,199.04,198.78,-12394326.0
2025-05-12,AAPL,210.97,211.27,206.75,210.79,63775800,-1.76,-2.35,0.59,-1.76,-2.35,0.59,204.55,203.17,202.99,203.05,203.13,203.3,203.84,204.89,205.76,206.93,208.13,209.32,210.46,212.54,217.82,218.59,200.31,204.28,205.0,203.2,202.2,210.42,216.0,225.32,226.37,202.39,203.74,202.37,202.74,201.14,199.19,202.84,203.46,200.96,-0.16,-0.22,61.51,49.38,53.31,62.23,62.95,61.97,64.42,82.12,1.16,11.9,0.65,11.05,12.64,-17.69,-13.23,82.31,42.33,162.27,82.31,46.04,154.85,52.96,216.22,190.18,12.81,0.79,239.75,181.08,27.88,0.51,7.04,6.25,7.11,7.05,6.51,11.46,216.33,191.35,214.56,189.81,202.18,1667125400,54092360.0,58697070.0,56424455.0,1.13,62.82,3877388156.21,165.44,0.11,21.71,26.82,19.84,72.0,8.0,64.0,198.87,200.2,201.87,197.2,195.87,191.73,12.26,6.18,12.74,209.6,209.01,209.9,50230497.35
2025-05-13,AAPL,210.43,213.4,209.0,212.93,51909300,-0.85,-2.05,1.2,-0.85,-2.05,1.2,208.74,206.42,205.2,204.85,204.64,204.5,204.71,205.49,206.22,207.26,208.37,209.48,210.56,212.55,217.72,218.54,203.2,204.46,205.88,203.72,201.9,209.91,215.47,224.94,226.34,203.96,204.67,203.06,206.06,203.05,200.51,207.39,206.09,202.97,-0.14,-0.21,86.34,50.62,54.83,59.81,60.11,67.51,81.23,99.62,1.74,17.34,1.72,8.33,10.41,-7.65,-6.59,92.35,66.48,144.1,92.35,66.48,144.1,59.0,217.44,190.0,13.47,0.84,238.16,181.67,26.91,0.55,6.07,5.97,6.68,7.25,6.86,11.02,216.65,192.76,214.56,189.81,202.18,1719034700,54230920.0,60205240.0,53952275.0,0.96,62.85,3918207742.12,165.47,0.22,20.57,22.94,20.75,68.0,4.0,64.0,209.6,212.46,214.12,207.94,205.08,193.1,2.14,1.02,4.4,211.78,211.2,212.06,40819585.91
2025-05-14,AAPL,212.43,213.94,210.58,212.33,49325800,-0.17,-1.68,1.5,-0.17,-1.68,1.5,210.54,208.39,206.78,206.21,205.82,205.48,205.43,205.99,206.61,207.54,208.56,209.6,210.63,212.54,217.61,218.48,206.41,204.44,206.39,204.23,201.54,209.44,214.93,224.53,226.32,205.39,205.49,203.74,208.31,204.59,201.64,210.13,208.08,204.63,-0.11,-0.19,85.36,48.56,52.92,55.04,57.08,57.5,77.52,94.14,1.04,23.15,-0.17,3.96,10.19,-10.46,-9.01,92.22,88.96,98.74,89.54,88.07,92.48,63.67,218.45,190.01,13.92,0.78,236.68,182.2,26.01,0.55,5.53,5.79,6.14,7.23,7.11,10.46,217.01,193.85,214.56,189.81,202.18,1669708900,50388740.0,59909170.0,53851370.0,0.92,63.02,3920262983.78,165.49,0.21,20.72,23.3,21.4,64.0,0.0,64.0,211.78,214.55,216.18,210.15,207.38,194.39,-0.6,-0.28,3.36,212.28,212.26,212.3,2055241.67
2025-05-15,AAPL,210.95,212.96,209.54,211.45,45029500,0.29,-1.28,1.57,0.29,-1.28,1.57,210.99,209.41,207.82,207.16,206.69,206.23,206.0,206.4,206.93,207.76,208.7,209.68,210.66,212.51,217.49,218.41,209.21,204.25,206.6,205.09,201.12,208.96,214.37,224.16,226.28,206.67,206.17,204.38,209.66,205.76,202.56,211.48,209.46,205.93,-0.08,-0.17,91.85,61.19,50.32,52.76,56.67,62.78,61.36,77.04,0.11,6.34,-1.87,2.17,17.18,-14.59,-12.57,87.97,90.84,82.21,85.41,89.1,78.02,64.56,218.84,191.34,13.41,0.73,235.13,182.78,25.05,0.55,5.5,5.78,6.12,7.0,6.88,9.77,217.57,194.44,214.56,189.81,202.18,1624679400,49298860.0,58675550.0,53116225.0,0.85,57.39,3925529591.97,165.52,0.25,19.59,22.2,22.72,60.0,0.0,60.0,212.28,213.99,215.64,210.63,208.92,195.6,-0.88,-0.41,3.42,211.32,211.25,211.35,5266608.19
2025-05-16,AAPL,212.36,212.57,209.77,211.26,54737900,0.63,-0.9,1.53,0.63,-0.9,1.53,211.13,210.03,208.59,207.91,207.39,206.86,206.51,206.76,207.21,207.95,208.83,209.75,210.68,212.47,217.37,218.34,211.75,204.84,206.73,205.8,201.39,208.47,213.8,223.77,226.24,207.94,206.76,205.03,210.56,206.74,203.39,212.17,210.51,207.05,-0.06,-0.15,90.24,79.47,48.29,51.45,63.68,58.77,57.81,69.8,-0.58,10.94,5.91,1.12,14.28,-15.49,-13.33,87.05,89.08,82.99,84.51,86.49,80.57,66.02,219.26,192.35,13.08,0.7,233.53,183.42,24.04,0.56,5.02,5.69,5.79,7.34,6.73,9.94,217.89,195.12,214.56,189.81,202.18,1569941500,52955660.0,54048280.0,53244885.0,1.03,51.16,3929048456.97,165.55,0.24,17.04,20.35,23.07,56.0,0.0,56.0,211.32,213.09,214.74,209.67,207.9,196.73,-0.19,-0.09,2.8,211.2,211.17,211.22,3518865.0
2025-05-19,AAPL,207.91,209.48,204.26,208.78,46140500,0.7,-0.58,1.28,0.7,-0.58,1.28,209.95,209.61,208.63,208.07,207.6,207.1,206.72,206.91,207.31,208.0,208.82,209.71,210.61,212.35,217.2,218.24,211.35,205.83,206.64,206.59,202.07,207.87,213.19,223.32,226.18,208.66,207.05,205.51,210.37,207.13,203.83,211.4,210.7,207.57,-0.03,-0.12,77.63,72.24,44.01,46.96,59.53,54.3,18.44,18.62,-2.13,5.36,9.89,-2.43,15.62,-27.12,-23.35,75.06,83.36,58.47,72.88,80.93,56.77,67.44,218.7,194.47,11.73,0.59,231.32,184.42,22.56,0.52,5.25,5.92,5.91,7.11,6.06,9.71,218.55,194.89,214.56,193.25,203.9,1523801000,49428600.0,51760480.0,53214785.0,0.87,45.87,3962814110.23,165.57,0.25,14.6,18.69,28.85,52.0,0.0,52.0,211.2,212.63,214.0,209.83,208.4,197.8,-2.48,-1.17,7.0,207.51,206.87,207.82,33765653.26
2025-05-20,AAPL,207.67,208.47,205.03,206.86,42496600,0.58,-0.35,0.93,0.58,-0.35,0.93,208.41,208.69,208.24,207.85,207.49,207.07,206.74,206.91,207.28,207.94,208.73,209.58,210.46,212.17,216.99,218.13,210.14,206.67,206.35,206.94,202.92,207.46,212.52,222.83,226.12,208.84,207.07,205.82,209.55,207.11,204.0,209.9,210.32,207.69,-0.02,-0.1,26.07,73.32,52.37,43.06,61.42,53.17,14.01,3.76,0.74,2.14,8.35,-5.64,7.12,-36.13,-36.13,63.24,75.12,39.49,63.87,73.75,44.1,66.38,218.62,195.26,11.29,0.5,230.21,184.7,21.94,0.49,5.35,5.69,5.74,6.63,5.84,8.93,218.12,195.35,214.56,193.25,203.9,1481304400,47546060.0,50888490.0,52690795.0,0.81,39.69,3965531916.04,165.59,0.23,12.9,19.43,27.86,48.0,16.0,32.0,207.51,210.75,212.73,205.53,202.29,198.81,-1.92,-0.92,3.75,206.79,206.75,206.8,2717805.81
2025-05-21,AAPL,205.17,207.04,200.71,202.09,59211800,0.11,-0.26,0.37,0.11,-0.26,0.37,205.25,206.49,206.87,206.8,206.66,206.45,206.29,206.55,206.94,207.61,208.4,209.26,210.13,211.84,216.7,217.97,208.09,207.25,205.66,206.82,203.91,207.08,211.77,222.27,226.03,208.01,206.61,205.76,207.34,206.24,203.56,206.67,208.74,206.92,-0.01,-0.08,0.0,58.75,55.31,37.41,52.02,55.49,-23.01,-46.6,1.61,-0.02,5.84,-11.23,-2.51,-57.27,-58.52,27.74,55.35,-27.46,42.73,59.82,8.53,53.82,218.65,194.98,11.45,0.3,229.55,184.61,21.7,0.39,4.44,5.74,5.64,5.82,5.92,6.84,217.77,194.82,214.56,193.25,203.9,1422092600,49523260.0,49956000.0,53004925.0,1.12,32.19,3932137583.34,165.62,0.22,11.94,18.05,33.01,44.0,12.0,32.0,206.79,208.54,210.23,205.1,203.35,199.75,-4.77,-2.31,6.33,203.28,203.88,202.98,-33394332.7
2025-05-22,AAPL,200.71,202.75,199.7,201.36,46742400,-0.32,-0.27,-0.05,-0.32,-0.27,-0.05,203.3,204.78,205.65,205.81,205.84,205.81,205.82,206.16,206.58,207.27,208.06,208.92,209.79,211.49,216.39,217.8,206.07,207.64,204.86,206.47,203.99,206.77,211.12,221.7,225.99,206.94,206.09,205.6,205.44,205.35,203.08,204.16,207.24,206.11,-0.0,-0.07,0.0,55.45,54.67,44.66,47.0,53.16,-43.99,-67.7,1.44,3.65,3.87,-3.99,-7.01,-60.8,-61.94,11.66,34.21,-33.46,39.2,48.6,20.4,51.53,218.52,194.41,11.68,0.29,229.11,184.42,21.61,0.38,4.24,5.16,5.4,5.19,6.03,6.79,216.14,195.5,214.56,193.25,203.9,1375350200,49865840.0,49582350.0,52976495.0,0.88,34.61,3936275435.14,165.64,0.18,11.78,20.07,28.78,40.0,8.0,32.0,203.28,205.85,209.61,199.52,196.95,214.56,-0.73,-0.36,3.05,201.27,201.22,201.29,4137851.8
2025-05-23,AAPL,193.67,197.7,193.46,195.27,78432900,-1.14,-0.44,-0.7,-1.14,-0.44,-0.7,199.29,201.61,203.34,203.89,204.22,204.49,204.82,205.36,205.85,206.6,207.44,208.32,209.22,210.96,215.97,217.58,202.87,207.31,204.19,205.77,204.15,206.48,210.42,221.09,225.93,204.69,205.02,205.04,202.03,203.48,201.9,199.74,204.41,204.3,-0.01,-0.06,0.0,10.81,48.57,45.11,38.38,51.47,-105.43,-126.03,-0.5,-0.87,-3.26,-3.62,-14.01,-90.24,-90.52,8.84,16.08,-5.65,9.76,30.56,-31.84,48.31,218.73,192.8,12.6,0.1,229.04,183.92,21.85,0.25,4.89,5.21,5.49,5.88,6.48,6.5,215.25,194.39,214.56,193.25,203.9,1296917300,54604840.0,53780250.0,54987025.0,1.43,34.26,3924806473.35,165.67,0.14,12.41,19.87,31.62,36.0,4.0,32.0,201.27,202.84,204.32,199.79,198.22,214.26,-6.09,-3.02,7.9,195.48,195.58,195.42,-11468961.79
2025-05-27,AAPL,198.3,200.74,197.43,200.21,56288500,-1.38,-0.63,-0.75,-1.38,-0.63,-0.75,199.75,201.14,202.64,203.22,203.6,203.96,204.38,204.98,205.49,206.24,207.08,207.97,208.87,210.61,215.66,217.41,201.16,206.25,204.27,205.27,204.22,206.21,209.72,220.57,225.88,203.4,204.49,204.78,201.15,202.77,201.45,199.11,203.37,203.62,-0.02,-0.05,23.6,21.86,53.58,52.05,42.49,50.34,-59.62,-68.44,1.38,3.65,-10.58,1.7,-9.93,-66.36,-67.34,32.96,17.82,63.24,33.64,27.53,45.85,52.77,218.29,192.25,12.68,0.31,228.75,183.68,21.86,0.37,5.19,5.34,5.58,6.14,6.51,6.45,215.07,193.69,214.56,193.25,203.9,1353205800,56634440.0,53031520.0,55864295.0,1.01,41.37,3963069048.88,165.69,0.16,12.21,23.44,29.25,32.0,0.0,32.0,195.48,197.49,199.72,193.25,191.24,213.43,4.94,2.53,5.47,199.46,199.08,199.65,38262575.53
2025-05-28,AAPL,200.59,202.73,199.9,200.42,45339700,-1.53,-0.81,-0.72,-1.53,-0.81,-0.72,200.08,200.9,202.15,202.71,203.11,203.51,204.0,204.64,205.16,205.92,206.76,207.64,208.54,210.27,215.36,217.24,199.87,205.0,204.4,204.73,204.15,205.94,209.09,220.07,225.82,202.34,204.03,204.54,200.6,202.2,201.07,198.9,202.57,203.06,-0.03,-0.05,27.6,23.19,52.54,55.28,41.86,46.8,-47.96,-44.15,0.95,0.34,-12.51,4.17,-10.79,-66.02,-66.35,35.69,25.83,55.42,33.98,25.8,50.36,51.26,217.6,191.85,12.58,0.33,228.42,183.46,21.83,0.38,5.19,5.1,5.53,5.89,6.44,6.48,214.21,193.79,214.56,193.25,203.9,1398545500,57203060.0,52374560.0,56289900.0,0.81,48.71,3934391288.1,165.71,0.12,12.04,27.33,25.35,28.0,44.0,-16.0,199.46,201.49,202.77,198.18,196.15,212.63,0.21,0.1,2.83,201.02,201.32,200.87,-28677760.78
2025-05-29,AAPL,203.58,203.81,198.51,199.95,51396800,-1.67,-0.98,-0.69,-1.67,-0.98,-0.69,200.02,200.59,201.66,202.21,202.62,203.07,203.62,204.29,204.83,205.59,206.43,207.31,208.2,209.94,215.06,217.06,199.44,203.76,204.65,204.1,204.08,205.69,208.5,219.63,225.74,201.42,203.58,204.27,200.07,201.64,200.69,198.66,201.81,202.5,-0.04,-0.05,29.92,23.62,28.68,53.18,40.48,43.21,-56.87,-42.48,-5.14,-2.27,-12.38,2.46,-12.55,-68.31,-68.56,33.96,34.2,33.48,31.69,33.1,28.86,46.77,216.6,191.6,12.25,0.33,228.15,183.23,21.84,0.37,4.95,5.1,5.59,5.47,6.25,6.51,213.82,193.42,214.56,193.25,203.9,1347148700,55640060.0,52581660.0,56245415.0,0.91,41.91,3910923315.27,165.73,0.07,11.82,26.5,27.32,24.0,40.0,-16.0,201.02,202.13,203.85,199.3,198.19,211.86,-0.47,-0.23,5.3,200.76,201.16,200.56,-23467972.83
2025-05-30,AAPL,199.37,201.96,196.78,200.85,70819900,-1.68,-1.12,-0.56,-1.68,-1.12,-0.56,200.43,200.67,201.48,201.96,202.35,202.79,203.35,204.04,204.57,205.33,206.15,207.03,207.91,209.64,214.77,216.9,199.34,202.7,204.87,203.48,204.3,205.4,207.91,219.21,225.65,200.89,203.27,204.06,200.01,201.33,200.46,199.01,201.44,202.18,-0.05,-0.05,45.35,26.88,25.02,53.01,40.09,43.2,-70.67,-49.17,-5.67,-3.61,-10.6,2.32,-12.47,-63.92,-64.34,46.13,38.59,61.2,36.08,33.92,40.41,50.31,215.26,191.69,11.58,0.39,227.73,183.07,21.74,0.4,5.15,5.25,5.51,4.8,5.89,6.28,213.86,192.85,213.94,193.25,203.6,1417968600,60455560.0,55160700.0,56918125.0,1.24,35.4,3951391829.56,165.76,0.07,11.73,25.06,28.89,20.0,36.0,-16.0,200.76,203.0,206.06,197.7,195.46,211.13,0.9,0.45,5.18,199.86,199.37,200.11,40468514.29
2025-06-02,AAPL,200.28,202.13,200.12,201.7,35423300,-1.61,-1.22,-0.39,-1.61,-1.22,-0.39,201.07,201.02,201.53,201.92,202.25,202.66,203.2,203.86,204.38,205.12,205.94,206.79,207.67,209.38,214.52,216.75,200.63,201.75,205.08,203.3,204.45,205.15,207.35,218.78,225.56,200.71,203.1,203.89,200.28,201.22,200.36,199.72,201.37,202.06,-0.06,-0.05,51.26,33.05,28.24,33.27,40.12,43.19,-44.34,-26.65,-5.01,-3.62,-9.56,-9.09,-3.65,-59.77,-59.16,54.9,45.0,74.7,40.23,36.0,48.7,52.0,215.07,191.52,11.59,0.43,227.36,182.94,21.65,0.42,4.53,4.49,5.34,3.74,5.89,6.15,212.17,194.22,213.94,193.25,203.6,1453391900,51853640.0,53229240.0,53638760.0,0.66,32.71,3971658891.75,165.78,0.07,13.94,12.53,33.82,16.0,32.0,-16.0,199.86,202.95,205.04,197.77,194.68,210.42,0.85,0.42,2.01,201.32,201.12,201.41,20267062.19
2025-06-03,AAPL,201.35,203.77,200.96,203.27,46381600,-1.41,-1.26,-0.15,-1.41,-1.26,-0.15,202.17,201.77,201.92,202.16,202.41,202.73,203.2,203.82,204.31,205.02,205.81,206.64,207.5,209.18,214.29,216.62,201.24,201.2,204.58,203.52,204.79,204.85,206.76,218.39,225.46,200.99,203.1,203.81,201.02,201.42,200.48,200.97,201.73,202.25,-0.07,-0.05,94.74,41.26,33.72,31.84,48.01,43.64,-18.91,-9.61,-3.87,-3.27,-5.51,-9.66,4.38,-52.1,-51.57,72.24,57.76,101.21,47.9,41.41,60.89,53.08,215.11,191.92,11.39,0.49,226.74,182.97,21.37,0.46,4.5,4.37,4.94,2.9,5.8,5.77,211.95,194.46,213.94,193.25,203.6,1499773500,49872260.0,53253350.0,52506915.0,0.88,31.98,4001534584.27,165.8,0.15,17.04,12.06,34.7,12.0,28.0,-16.0,201.32,202.51,203.33,200.5,199.31,209.74,1.57,0.78,2.81,202.67,202.36,202.82,29875692.53
2025-06-04,AAPL,202.91,206.24,202.1,202.82,43604000,-1.27,-1.26,-0.01,-1.27,-1.26,-0.01,202.49,202.12,202.12,202.28,202.47,202.74,203.17,203.75,204.22,204.9,205.66,206.48,207.31,208.97,214.07,216.48,201.72,200.79,203.91,203.73,204.89,204.49,206.35,217.99,225.35,201.28,203.03,203.69,201.45,201.52,200.55,201.66,201.92,202.34,-0.07,-0.06,79.33,52.25,33.37,32.02,54.24,42.15,8.86,1.84,-4.0,-3.97,-4.04,-9.51,4.31,-52.0,-53.75,73.24,66.79,86.14,48.0,45.38,53.24,53.91,215.09,192.37,11.15,0.46,225.9,183.09,20.94,0.46,3.96,4.43,4.8,2.23,5.68,5.71,212.02,194.31,213.94,193.25,203.6,1456169500,49525120.0,53364090.0,52126290.0,0.84,31.24,3973097192.97,165.82,0.13,19.53,15.02,34.26,8.0,24.0,-16.0,202.67,204.37,205.48,201.56,199.86,209.09,-0.45,-0.22,4.14,203.72,204.17,203.5,-28437391.3
2025-06-05,AAPL,203.5,204.75,200.15,200.63,55126100,-1.33,-1.27,-0.05,-1.33,-1.27,-0.05,201.56,201.62,201.79,201.98,202.19,202.48,202.92,203.51,203.98,204.66,205.42,206.22,207.05,208.7,213.8,216.32,201.85,200.65,203.13,203.95,204.76,204.03,206.01,217.62,225.23,201.25,202.73,203.41,201.05,201.22,200.33,201.15,201.53,202.04,-0.07,-0.06,51.63,47.93,33.76,30.51,52.2,39.93,-17.56,-31.16,-3.9,-5.59,-1.46,-10.82,4.38,-62.48,-64.33,56.1,67.19,33.92,37.52,44.47,23.61,44.24,214.86,193.04,10.7,0.35,224.73,183.33,20.29,0.42,3.84,4.51,4.84,2.18,5.46,5.76,211.95,193.9,213.94,193.46,203.7,1401043400,50270980.0,52955520.0,51455760.0,1.07,30.9,3929475670.36,165.84,0.09,22.36,14.74,35.06,4.0,20.0,-16.0,203.72,205.34,207.86,201.2,199.58,208.47,-2.19,-1.08,4.6,201.84,202.45,201.54,-43621522.61
2025-06-06,AAPL,203.0,205.7,202.05,203.92,46607700,-1.09,-1.24,0.15,-1.09,-1.24,0.15,202.74,202.39,202.26,202.33,202.45,202.66,203.02,203.54,203.98,204.62,205.34,206.12,206.93,208.54,213.6,216.2,202.47,200.9,202.63,204.27,204.61,203.68,205.79,217.32,225.12,201.85,202.73,203.36,201.86,201.56,200.56,202.31,202.07,202.37,-0.07,-0.06,71.46,79.09,44.44,38.11,57.79,48.77,55.12,-4.95,-1.42,-4.41,2.56,-7.34,6.43,-34.71,-48.93,75.48,68.27,89.88,65.29,50.27,95.34,48.2,214.75,193.79,10.26,0.48,223.75,183.61,19.71,0.51,4.16,4.67,4.79,2.41,5.24,5.72,212.37,193.67,213.94,193.46,203.7,1447651100,45428540.0,52942050.0,51262200.0,0.91,37.85,3930624901.32,165.86,0.09,24.53,15.68,33.85,0.0,16.0,-16.0,201.84,203.54,206.44,198.94,197.24,207.87,3.29,1.64,5.07,203.89,203.88,203.9,1149230.96
2025-06-09,AAPL,204.39,206.0,200.02,201.45,72862600,-1.09,-1.21,0.12,-1.09,-1.21,0.12,202.1,202.08,202.08,202.17,202.3,202.51,202.87,203.39,203.82,204.44,205.15,205.92,206.71,208.31,213.36,216.05,202.42,201.52,201.97,204.42,204.35,203.23,205.65,217.0,224.99,201.95,202.46,203.15,201.66,201.42,200.47,201.99,201.87,202.22,-0.07,-0.06,52.77,55.0,48.68,38.12,53.93,52.36,28.8,-31.56,-0.32,-1.9,6.18,-7.33,2.92,-46.77,-60.99,49.37,60.31,27.47,53.23,52.01,55.66,46.16,214.64,194.19,10.0,0.35,222.45,184.02,18.91,0.45,4.26,4.6,4.82,1.38,5.11,5.68,212.07,193.67,213.94,193.46,203.7,1374788500,52916400.0,52385020.0,53082635.0,1.37,36.55,3892609631.75,165.9,0.06,25.08,15.93,28.98,32.0,12.0,20.0,203.89,205.73,207.54,202.08,200.24,207.29,-2.47,-1.21,5.98,202.49,203.01,202.23,-38015269.57
2025-06-10,AAPL,200.6,204.35,200.57,202.67,54672600,-0.98,-1.16,0.18,-0.98,-1.16,0.18,202.38,202.27,202.21,202.26,202.36,202.53,202.85,203.34,203.74,204.35,205.03,205.78,206.55,208.12,213.15,215.92,202.3,201.77,201.56,204.01,204.1,202.93,205.47,216.65,224.87,202.15,202.3,203.05,201.91,201.52,200.54,202.32,202.04,202.32,-0.07,-0.06,54.33,58.39,52.66,43.05,54.09,53.77,49.67,-27.09,0.65,1.9,2.46,-4.19,-8.12,-32.18,-55.03,62.26,62.37,62.05,67.82,62.11,79.23,43.41,213.8,194.22,9.6,0.43,221.67,184.18,18.47,0.49,4.06,4.6,4.85,1.34,4.9,5.58,212.06,193.64,213.94,193.46,203.7,1429461100,54574600.0,52223430.0,52627475.0,1.04,43.22,3898684365.09,165.92,0.02,25.89,15.92,28.97,28.0,8.0,20.0,202.49,204.96,208.47,198.98,196.51,206.74,1.22,0.61,3.78,202.53,202.46,202.56,6074733.33
2025-06-11,AAPL,203.5,204.5,198.41,198.78,60989900,-1.19,-1.17,-0.02,-1.19,-1.17,-0.02,200.58,201.11,201.45,201.63,201.81,202.06,202.46,203.0,203.42,204.04,204.73,205.47,206.25,207.82,212.87,215.75,201.49,201.6,201.03,203.3,203.69,202.46,205.22,216.35,224.75,201.61,201.8,202.7,200.83,200.91,200.13,200.79,201.18,201.7,-0.07,-0.07,33.38,46.52,57.82,44.35,35.79,52.23,-29.65,-59.51,1.8,0.14,-1.64,-3.31,-14.15,-58.37,-74.02,21.14,44.26,-25.09,41.63,54.23,16.43,37.44,212.4,194.2,8.95,0.25,220.4,184.52,17.72,0.4,4.64,4.59,4.54,1.6,4.55,5.49,211.64,193.29,213.94,193.46,203.7,1368471200,58051780.0,53788450.0,53081505.0,1.15,43.17,3845105388.9,165.95,-0.07,25.46,15.98,25.71,24.0,4.0,20.0,202.53,204.49,206.31,200.71,198.75,206.21,-3.89,-1.92,6.09,200.56,201.46,200.12,-53578976.19
2025-06-12,AAPL,199.08,199.68,197.36,199.2,43904600,-1.31,-1.2,-0.11,-1.31,-1.2,-0.11,199.89,200.47,200.95,201.19,201.41,201.7,202.15,202.72,203.15,203.77,204.46,205.2,205.97,207.53,212.6,215.58,201.2,201.53,200.83,202.65,203.24,201.98,204.99,216.05,224.61,201.17,201.41,202.41,200.17,200.46,199.81,199.96,200.59,201.25,-0.07,-0.07,36.57,44.95,47.18,46.27,33.06,51.53,-94.17,-95.45,-0.5,1.5,-0.75,-2.16,-13.13,-55.09,-71.97,20.72,34.71,-7.25,44.91,51.45,31.83,37.4,210.86,194.44,8.1,0.29,218.91,185.05,16.76,0.42,4.57,4.53,4.44,1.7,4.1,5.29,211.22,193.08,212.96,193.46,203.21,1412375800,55807480.0,53039230.0,52810445.0,0.83,43.36,3870842568.21,165.96,-0.05,25.86,16.16,26.07,20.0,0.0,20.0,200.56,202.72,206.65,196.63,194.47,205.7,0.42,0.21,2.32,198.75,198.52,198.86,25737179.31
2025-06-13,AAPL,199.73,200.37,195.7,196.45,51447300,-1.61,-1.28,-0.33,-1.61,-1.28,-0.33,198.17,199.13,199.95,200.33,200.64,201.05,201.61,202.25,202.72,203.36,204.07,204.82,205.6,207.17,212.28,215.39,199.71,201.09,200.51,201.9,202.68,201.43,204.68,215.78,224.45,200.25,200.82,201.97,198.79,199.59,199.19,198.19,199.4,200.36,-0.08,-0.07,35.11,35.62,40.3,52.3,31.4,48.2,-166.4,-121.28,-1.98,-0.53,-4.4,1.18,-15.0,-92.88,-84.67,7.12,16.33,-11.3,7.12,31.22,-41.09,37.44,209.43,194.36,7.47,0.14,217.2,185.66,15.66,0.34,4.64,4.3,4.5,2.34,3.77,5.08,210.22,193.0,212.57,193.46,203.02,1360928500,56775400.0,51101970.0,53131335.0,0.97,44.88,3835920096.9,165.98,-0.08,24.78,17.03,19.87,16.0,44.0,-28.0,198.75,200.13,201.07,197.81,196.43,205.21,-2.75,-1.38,4.67,197.51,198.04,197.24,-34922471.31
2025-06-16,AAPL,197.3,198.69,196.56,198.42,43020700,-1.67,-1.36,-0.31,-1.67,-1.36,-0.31,198.3,198.89,199.61,199.98,200.3,200.72,201.31,201.97,202.44,203.09,203.79,204.54,205.32,206.88,212.0,215.22,199.1,200.76,200.72,201.26,202.45,201.34,204.42,215.53,224.31,199.76,200.49,201.7,198.44,199.2,198.88,197.95,198.96,199.94,-0.09,-0.07,28.38,37.0,46.52,46.05,35.12,36.95,-133.68,-107.97,-0.77,-0.06,-3.28,-1.79,-12.84,-74.19,-74.05,25.81,17.88,41.66,25.81,25.95,25.53,41.01,207.51,195.0,6.22,0.27,217.12,185.55,15.68,0.41,4.31,4.07,4.44,2.47,3.13,5.11,209.45,193.16,209.48,193.46,201.47,1403949200,50807020.0,51861710.0,52545475.0,0.82,43.85,3868034140.56,166.0,-0.06,25.76,12.66,20.99,12.0,40.0,-28.0,197.51,199.31,202.18,194.64,192.84,204.74,1.97,1.0,2.24,197.89,197.62,198.02,32114043.66
2025-06-17,AAPL,197.2,198.39,195.21,195.64,38856200,-1.92,-1.47,-0.45,-1.92,-1.47,-0.45,196.97,197.81,198.73,199.19,199.58,200.08,200.77,201.5,202.0,202.67,203.39,204.15,204.94,206.51,211.68,215.03,197.7,200.0,200.41,200.6,202.34,201.48,204.04,215.25,224.15,198.83,199.95,201.26,197.28,198.38,198.26,196.58,197.9,199.09,-0.09,-0.08,27.71,32.89,39.08,40.52,33.15,32.0,-150.42,-140.33,-2.59,-7.19,-7.63,-4.78,-13.14,-96.1,-86.39,3.99,12.3,-12.65,3.9,12.27,-12.85,36.46,206.26,194.94,5.64,0.06,216.91,186.05,15.31,0.31,4.04,4.1,4.46,2.77,2.83,5.22,208.97,192.57,208.47,193.46,200.96,1365093000,47643740.0,51109170.0,52181260.0,0.74,37.95,3839686221.07,166.01,-0.12,28.61,9.11,23.21,8.0,36.0,-28.0,197.89,199.22,200.02,197.09,195.76,204.29,-2.78,-1.4,3.21,196.41,196.8,196.22,-28347919.5
2025-06-18,AAPL,195.94,197.57,195.07,196.58,45394700,-2.01,-1.58,-0.44,-2.01,-1.58,-0.44,196.77,197.4,198.25,198.72,199.12,199.64,200.37,201.14,201.65,202.33,203.06,203.82,204.61,206.19,211.38,214.85,197.26,199.37,200.16,200.08,202.28,201.78,203.64,214.99,223.98,198.21,199.57,200.89,196.77,197.84,197.83,196.16,197.29,198.52,-0.1,-0.08,26.12,39.74,39.31,43.44,36.39,33.72,-119.38,-124.88,-2.54,-7.68,-6.24,-3.37,-10.28,-86.48,-79.21,13.82,14.54,12.37,13.52,14.41,11.74,39.8,205.19,194.98,5.1,0.16,216.16,187.4,14.25,0.32,3.54,3.9,4.25,2.77,2.55,5.28,208.17,192.57,207.04,193.46,200.25,1410487700,44524700.0,51288240.0,52326165.0,0.87,38.33,3849128318.67,166.03,-0.11,31.32,9.58,22.11,4.0,32.0,-28.0,196.41,197.62,199.59,194.44,193.23,203.85,0.94,0.48,2.5,196.41,196.32,196.45,9442097.6
2025-06-20,AAPL,198.24,201.7,196.86,201.0,96813500,-1.71,-1.61,-0.11,-1.71,-1.61,-0.11,198.89,198.6,198.86,199.13,199.41,199.81,200.43,201.13,201.61,202.26,202.96,203.7,204.47,206.02,211.17,214.71,197.62,199.41,200.23,200.03,202.44,202.36,203.26,214.7,223.84,198.51,199.66,200.81,197.88,198.2,197.99,197.95,197.96,198.83,-0.1,-0.09,58.36,43.0,45.76,50.26,43.81,39.93,-16.77,-11.0,-1.12,-5.34,0.37,0.15,-1.09,-46.91,-44.48,54.25,24.02,114.73,53.09,23.5,112.26,44.27,205.07,194.99,5.04,0.6,213.98,190.73,11.49,0.44,3.74,3.9,4.31,2.79,2.52,5.16,208.22,192.64,206.24,193.46,199.85,1507301200,55106480.0,55456980.0,54206250.0,1.79,50.1,3917937913.71,166.07,-0.01,31.17,17.16,18.96,0.0,28.0,-28.0,196.41,197.74,198.91,195.24,193.91,203.44,4.42,2.25,5.12,199.85,199.28,200.14,68809595.04
2025-06-23,AAPL,201.63,202.3,198.96,201.5,55814300,-1.42,-1.57,0.15,-1.42,-1.57,0.15,200.19,199.57,199.45,199.56,199.73,200.03,200.53,201.15,201.6,202.22,202.89,203.61,204.35,205.87,210.98,214.58,198.63,199.17,200.27,200.04,202.57,202.41,202.93,214.33,223.74,198.89,199.8,200.74,198.89,198.61,198.21,199.42,198.67,199.21,-0.1,-0.09,58.61,50.13,47.54,49.65,49.31,40.65,15.98,25.27,-0.65,-4.71,-2.42,-0.2,0.14,-42.44,-37.09,68.19,45.42,113.72,57.56,41.39,89.91,52.09,205.08,194.99,5.05,0.64,213.99,190.82,11.45,0.46,3.34,3.99,4.17,2.44,2.52,5.08,208.51,192.55,206.24,193.46,199.85,1563115500,55979880.0,56377640.0,54659845.0,1.02,51.45,3947014824.49,166.09,0.01,28.09,17.52,18.51,0.0,24.0,-24.0,199.85,202.85,204.69,198.01,195.01,203.04,0.5,0.25,3.34,200.92,200.63,201.06,29076910.78
2025-06-24,AAPL,202.59,203.44,200.2,200.3,54064000,-1.27,-1.51,0.24,-1.27,-1.51,0.24,200.25,199.81,199.64,199.7,199.82,200.06,200.51,201.09,201.52,202.11,202.76,203.46,204.19,205.69,210.77,214.44,199.0,199.05,200.18,200.29,202.63,202.61,202.54,213.94,223.64,199.09,199.82,200.6,199.25,198.75,198.27,199.88,198.95,199.33,-0.1,-0.09,66.3,43.72,49.36,44.79,48.78,41.68,31.92,32.52,-0.16,-5.19,-1.15,-2.97,5.03,-53.18,-46.48,55.46,59.3,47.78,46.82,52.49,35.48,45.14,204.81,195.77,4.51,0.5,213.68,191.53,10.93,0.4,3.47,4.02,4.18,2.34,2.26,5.04,208.55,192.46,206.24,195.07,200.66,1509051500,58188540.0,54497780.0,53441400.0,1.01,51.92,3896288108.44,166.11,-0.03,25.01,16.5,18.37,0.0,20.0,-20.0,200.92,202.88,204.26,199.54,197.58,193.46,-1.2,-0.6,3.24,201.31,201.82,201.06,-50726716.05
2025-06-25,AAPL,201.45,203.67,200.62,201.56,39525700,-1.04,-1.41,0.38,-1.04,-1.41,0.38,200.9,200.39,200.06,200.04,200.09,200.25,200.61,201.12,201.52,202.08,202.7,203.38,204.09,205.55,210.59,214.31,200.19,198.94,200.06,200.36,202.32,202.67,202.26,213.58,223.53,199.55,199.94,200.53,199.95,199.11,198.48,200.76,199.53,199.68,-0.1,-0.09,64.14,58.56,45.05,47.85,58.13,44.73,58.74,52.32,-1.16,-3.46,-1.11,-1.26,1.35,-40.62,-41.9,75.47,66.37,93.65,59.38,54.59,68.96,48.33,204.91,195.8,4.55,0.63,213.68,191.67,10.86,0.45,3.29,3.97,3.97,2.17,2.28,4.8,208.54,192.68,206.24,195.07,200.66,1548577200,58322440.0,52983090.0,52603260.0,0.75,51.63,3881125790.73,166.13,-0.08,23.57,12.7,18.62,0.0,16.0,-16.0,201.31,202.43,204.55,199.19,198.07,193.66,1.26,0.63,3.37,201.95,202.14,201.85,-15162317.7
2025-06-26,AAPL,201.43,202.64,199.46,201.0,50799100,-0.89,-1.31,0.42,-0.89,-1.31,0.42,200.95,200.6,200.27,200.21,200.23,200.34,200.65,201.12,201.49,202.02,202.62,203.28,203.97,205.4,210.4,214.17,201.07,199.17,199.94,200.38,201.92,202.64,201.91,213.23,223.43,199.92,200.0,200.44,200.28,199.32,198.61,201.07,199.86,199.88,-0.09,-0.09,80.18,55.49,48.97,50.67,51.15,48.82,31.24,17.2,-0.22,-2.83,2.22,0.37,0.58,-45.75,-46.91,68.95,66.63,73.61,54.25,53.48,55.79,46.95,204.95,195.82,4.56,0.57,213.66,191.63,10.87,0.43,3.42,3.86,3.86,2.27,2.28,4.37,208.38,192.92,206.24,195.07,200.66,1497778100,59403320.0,51964010.0,52876230.0,0.96,51.95,3879528334.76,166.15,-0.05,21.73,13.03,17.65,0.0,12.0,-12.0,201.95,203.28,205.0,200.23,198.9,194.06,-0.56,-0.28,3.18,201.03,201.05,201.02,-1597455.97
2025-06-27,AAPL,201.89,203.22,200.0,201.08,73188600,-0.75,-1.2,0.44,-0.75,-1.2,0.44,201.02,200.76,200.45,200.37,200.36,200.43,200.69,201.11,201.46,201.97,202.55,203.18,203.86,205.26,210.21,214.04,201.09,199.35,199.97,200.44,201.55,202.62,201.54,212.96,223.33,200.27,200.07,200.39,200.56,199.53,198.75,201.3,200.16,200.09,-0.08,-0.09,78.05,66.89,46.17,44.19,50.97,49.69,54.83,30.73,-0.78,-0.5,1.88,-2.84,1.13,-45.01,-46.2,69.88,71.43,66.78,54.99,56.21,52.55,47.64,205.01,195.87,4.56,0.57,213.65,191.6,10.88,0.43,3.42,3.73,3.87,2.35,2.29,3.9,208.15,193.22,206.24,195.07,200.66,1570966700,54678340.0,54892410.0,53965820.0,1.36,53.56,3855435193.14,166.18,-0.05,20.38,12.78,18.27,0.0,8.0,-8.0,201.03,202.61,204.21,199.43,197.85,194.44,0.08,0.04,3.22,201.43,201.61,201.35,-24093141.61
2025-06-30,AAPL,202.01,207.39,199.26,205.17,91912800,-0.31,-1.02,0.71,-0.31,-1.02,0.71,203.09,202.23,201.5,201.24,201.1,201.03,201.11,201.41,201.7,202.15,202.67,203.27,203.91,205.26,210.11,213.96,201.82,200.22,200.05,200.66,201.34,202.84,201.23,212.69,223.26,201.33,200.52,200.62,202.11,200.45,199.39,203.27,201.47,201.01,-0.07,-0.09,77.11,71.32,65.24,57.13,56.9,61.4,135.99,113.18,3.21,1.89,8.72,3.72,4.32,-18.02,-18.02,81.98,73.61,98.73,81.98,63.74,118.46,52.49,205.69,195.62,5.02,0.95,213.62,192.06,10.63,0.61,4.23,3.89,4.01,2.74,2.52,3.5,208.89,193.34,207.39,195.07,201.23,1662879500,61898040.0,58938960.0,55020465.0,1.67,63.91,3897152072.85,166.22,-0.05,19.59,19.94,13.82,100.0,4.0,96.0,201.43,202.87,204.65,199.65,198.21,194.81,4.09,2.03,8.13,203.94,203.32,204.25,41716879.7
2025-07-01,AAPL,206.67,210.19,206.14,207.82,78788900,0.24,-0.77,1.01,0.24,-0.77,1.01,205.46,204.09,202.9,202.44,202.13,201.87,201.75,201.89,202.1,202.46,202.93,203.47,204.06,205.34,210.07,213.89,203.33,201.17,200.48,200.96,201.22,203.06,201.31,212.44,223.18,202.71,201.2,201.04,204.13,201.73,200.3,205.75,203.24,202.31,-0.06,-0.08,82.11,88.79,68.58,59.36,58.81,59.25,225.59,217.87,4.33,6.43,9.4,5.15,6.12,-15.67,-15.67,84.33,78.73,95.52,84.33,73.76,105.45,49.18,206.93,195.0,5.93,1.08,213.79,192.32,10.57,0.72,4.21,3.97,4.0,3.54,2.98,3.21,209.7,193.8,210.19,195.07,202.63,1741668400,66843020.0,62515780.0,57188745.0,1.38,65.07,3883728778.77,166.26,-0.08,19.59,24.53,13.51,100.0,0.0,100.0,203.94,208.62,212.07,200.49,195.81,195.57,2.65,1.29,5.02,208.05,208.16,207.99,-13423294.07
2025-07-02,AAPL,208.91,213.34,208.14,212.44,67941800,1.05,-0.4,1.45,1.05,-0.4,1.45,208.95,206.87,205.02,204.26,203.72,203.2,202.77,202.67,202.76,203.02,203.39,203.86,204.39,205.58,210.12,213.88,205.5,202.84,201.13,201.42,201.35,203.44,201.71,212.23,223.13,204.76,202.3,201.76,207.13,203.67,201.71,209.42,205.87,204.28,-0.03,-0.07,95.78,90.92,81.89,74.19,62.4,63.2,226.71,254.93,8.14,6.11,16.8,13.66,9.17,-4.93,-4.93,94.54,86.95,109.72,95.07,87.13,110.97,53.7,209.25,193.59,7.77,1.2,214.11,192.78,10.49,0.92,4.53,3.93,4.17,4.49,3.91,3.56,210.64,194.9,213.34,195.07,204.2,1809610200,72526240.0,65424340.0,58266755.0,1.17,72.8,3928152263.39,166.3,-0.06,21.61,30.5,9.73,100.0,64.0,36.0,208.05,209.96,212.1,205.91,204.0,196.74,4.62,2.22,5.52,211.31,210.74,211.59,44423484.62
2025-07-03,AAPL,212.15,214.65,211.81,213.55,34955800,1.76,0.03,1.73,1.76,0.03,1.73,211.25,209.1,206.92,205.95,205.23,204.49,203.8,203.48,203.46,203.6,203.89,204.28,204.75,205.84,210.18,213.88,208.01,204.54,202.11,201.96,201.57,203.72,202.24,212.09,223.09,206.71,203.45,202.55,209.68,205.54,203.12,212.26,208.29,206.2,-0.01,-0.06,95.73,89.05,81.25,74.8,61.99,64.72,187.12,241.91,7.63,6.55,16.97,14.35,10.73,-5.62,-5.62,92.99,90.62,97.73,94.38,91.26,100.63,56.92,211.48,192.44,9.43,1.11,214.7,192.73,10.79,0.95,4.47,3.97,4.17,5.03,4.76,4.09,211.74,195.85,214.65,195.07,204.86,1844566000,69357580.0,64380450.0,57834345.0,0.6,77.83,3936029626.77,166.32,-0.03,24.33,32.57,7.75,100.0,60.0,40.0,211.31,214.47,216.51,209.27,206.11,198.4,1.11,0.52,2.84,213.34,213.23,213.39,7877363.38
2025-07-07,AAPL,212.68,216.23,208.8,209.95,50229000,2.0,0.42,1.58,2.0,0.42,1.58,210.6,209.38,207.59,206.67,205.96,205.17,204.38,203.96,203.88,203.95,204.18,204.52,204.95,205.97,210.18,213.84,209.79,205.44,202.83,202.42,201.83,203.83,202.87,211.91,223.06,207.69,204.21,203.09,210.32,206.49,203.95,212.37,209.31,207.22,0.02,-0.04,77.71,72.04,78.59,72.67,57.75,59.31,122.48,164.77,7.31,5.0,8.95,13.5,9.32,-29.68,-29.68,62.99,83.51,21.97,70.32,86.59,37.78,52.19,212.56,192.29,10.02,0.87,214.95,192.7,10.92,0.78,5.05,4.17,4.33,5.13,5.07,4.36,212.72,196.05,216.23,195.07,205.65,1794337000,64765660.0,59722000.0,57589490.0,0.87,77.61,3901349307.79,166.35,-0.02,27.52,31.03,9.7,100.0,56.0,44.0,213.34,214.86,216.18,212.02,210.5,200.35,-3.6,-1.69,7.43,211.66,212.52,211.23,-34680318.98
2025-07-08,AAPL,210.1,211.43,208.45,210.01,42848900,2.18,0.77,1.4,2.18,0.77,1.4,210.3,209.59,208.13,207.28,206.58,205.78,204.92,204.4,204.27,204.29,204.47,204.76,205.15,206.1,210.18,213.8,210.75,206.29,203.73,202.73,202.12,203.86,203.05,211.69,223.02,208.52,204.93,203.62,210.76,207.31,204.71,212.3,210.12,208.11,0.05,-0.02,77.68,76.93,77.81,70.79,60.69,58.64,80.89,115.23,6.83,4.56,8.51,11.59,6.09,-29.4,-29.4,63.35,73.11,43.82,70.6,78.44,54.94,51.74,213.41,192.05,10.53,0.84,215.05,192.67,10.98,0.77,5.02,4.22,4.25,5.11,5.34,4.61,213.36,196.48,216.23,195.07,205.65,1837185900,54952880.0,58425460.0,57401550.0,0.75,72.31,3903362343.36,166.37,-0.02,29.33,30.64,10.17,96.0,52.0,44.0,211.66,214.52,219.09,207.09,204.23,202.57,0.06,0.03,2.98,209.96,209.94,209.98,2013035.57
2025-07-09,AAPL,209.53,211.33,207.22,211.14,48749400,2.38,1.09,1.28,2.38,1.09,1.28,210.72,210.11,208.8,207.98,207.28,206.45,205.51,204.9,204.72,204.67,204.79,205.04,205.39,206.27,210.19,213.77,211.42,207.37,204.58,203.21,202.65,203.9,203.4,211.43,222.97,209.4,205.74,204.2,211.4,208.21,205.54,212.61,211.03,209.08,0.07,-0.01,72.67,76.76,74.3,79.56,58.65,58.26,66.64,97.59,5.04,4.68,10.84,15.5,9.69,-24.05,-24.05,70.01,65.45,79.12,75.95,72.29,83.25,57.28,214.51,191.92,11.12,0.85,215.17,192.62,11.06,0.82,5.15,4.29,4.2,4.84,5.65,4.71,214.08,196.94,216.23,195.07,205.65,1885935300,48944980.0,57894000.0,56195890.0,0.87,71.2,3947604499.57,166.39,0.05,29.86,30.18,9.82,92.0,48.0,44.0,209.96,211.48,212.94,208.5,206.98,204.48,1.13,0.54,4.11,209.9,209.28,210.21,44242156.2
2025-07-10,AAPL,210.51,213.48,210.03,212.41,44443600,2.61,1.4,1.21,2.61,1.4,1.21,211.57,210.88,209.6,208.79,208.07,207.19,206.17,205.46,205.21,205.1,205.16,205.36,205.66,206.47,210.24,213.76,211.41,208.46,205.7,203.7,203.06,203.94,203.64,211.14,222.89,210.32,206.61,204.83,212.25,209.21,206.45,213.26,212.06,210.15,0.09,0.01,69.47,80.66,75.22,79.81,63.52,59.89,82.13,109.19,5.41,4.5,10.85,15.83,9.74,-19.72,-18.05,77.49,70.28,91.91,80.28,75.61,89.62,56.33,215.71,191.69,11.8,0.86,215.34,192.55,11.17,0.87,4.48,4.35,4.08,4.6,6.01,5.01,214.88,197.46,216.23,195.07,205.65,1930378900,44245340.0,58385790.0,55684440.0,0.8,76.51,3964480185.36,166.42,0.06,31.02,33.24,9.43,88.0,44.0,44.0,209.9,212.57,214.01,208.46,205.79,206.13,1.27,0.6,3.45,211.97,211.76,212.08,16875685.8
2025-07-11,AAPL,210.57,212.13,209.86,211.16,39765800,2.67,1.65,1.01,2.67,1.65,1.01,211.36,210.97,209.95,209.22,208.55,207.69,206.64,205.88,205.6,205.44,205.46,205.61,205.88,206.62,210.26,213.73,210.93,209.47,206.67,204.32,203.41,203.94,203.78,210.8,222.81,210.81,207.32,205.35,212.4,209.82,207.11,213.01,212.53,210.83,0.11,0.03,42.4,75.48,75.05,71.73,60.47,61.08,60.5,85.15,5.42,4.11,10.16,10.16,12.38,-29.36,-23.96,70.12,72.54,65.29,70.64,75.62,60.68,55.47,216.54,192.1,11.96,0.78,215.33,192.55,11.17,0.82,4.13,4.17,4.03,3.83,6.11,5.19,214.98,198.3,216.23,195.07,205.65,1890613100,45207340.0,57282460.0,54623235.0,0.73,69.64,3970261116.64,166.44,0.11,33.97,27.63,10.14,84.0,40.0,44.0,211.97,213.92,215.42,210.47,208.52,207.22,-1.25,-0.59,2.55,211.05,211.0,211.08,5780931.28
2025-07-14,AAPL,209.93,210.91,207.54,208.62,38840100,2.47,1.82,0.66,2.47,1.82,0.66,209.99,210.19,209.65,209.11,208.56,207.81,206.83,206.08,205.79,205.61,205.61,205.74,205.98,206.69,210.22,213.68,210.67,210.23,207.18,204.79,203.7,203.86,203.89,210.45,222.72,210.66,207.73,205.69,211.63,209.88,207.39,211.58,212.21,210.95,0.13,0.05,24.97,59.46,65.37,64.0,62.55,55.02,24.14,53.25,3.5,3.98,7.54,7.12,9.42,-44.84,-35.96,24.58,57.4,-41.06,55.16,68.69,28.08,49.35,216.91,192.67,11.83,0.66,215.07,192.66,10.99,0.71,3.85,4.19,3.91,2.51,6.06,5.23,215.21,198.45,216.23,195.07,205.65,1851773000,42929560.0,53847610.0,54370010.0,0.71,63.86,3956315561.45,166.46,0.08,35.96,26.47,14.05,80.0,36.0,44.0,211.05,212.24,213.32,209.97,208.78,216.23,-2.54,-1.2,3.62,209.02,209.22,208.92,-13945555.19
2025-07-15,AAPL,209.22,211.89,208.92,209.11,42296300,2.33,1.92,0.41,2.33,1.92,0.41,209.55,209.83,209.53,209.11,208.64,207.97,207.05,206.31,206.01,205.81,205.78,205.89,206.11,206.77,210.2,213.64,210.49,210.62,207.69,205.42,203.98,203.78,204.14,210.09,222.63,210.45,208.14,206.04,211.17,210.0,207.7,210.75,212.03,211.12,0.14,0.07,43.77,54.01,67.72,67.83,62.62,58.55,34.04,58.42,4.03,2.55,3.94,8.81,12.66,-41.96,-33.65,20.98,38.56,-14.19,58.04,61.28,51.57,46.24,217.02,193.83,11.29,0.66,214.75,192.8,10.77,0.74,3.92,4.19,3.95,1.84,5.8,5.29,215.43,198.66,216.23,195.07,205.65,1894069300,42819040.0,48885960.0,53912460.0,0.78,63.39,3919430909.26,166.48,0.08,37.74,26.19,14.04,76.0,32.0,44.0,209.02,210.51,212.39,207.14,205.65,216.06,0.49,0.23,3.27,209.97,210.4,209.76,-36884652.19
2025-07-16,AAPL,210.3,212.4,208.64,210.16,47490500,2.28,1.99,0.29,2.28,1.99,0.29,209.86,209.94,209.67,209.3,208.88,208.24,207.35,206.59,206.27,206.05,205.99,206.07,206.27,206.88,210.2,213.6,210.29,210.86,208.35,206.01,204.26,203.87,204.36,209.73,222.55,210.37,208.59,206.44,211.14,210.28,208.11,210.62,212.11,211.44,0.15,0.08,50.97,40.88,69.03,67.55,68.25,58.39,36.33,57.94,4.52,4.32,2.34,8.6,11.74,-35.77,-28.69,32.63,26.06,45.77,64.23,59.14,74.41,51.11,217.29,194.73,10.96,0.68,214.99,192.76,10.9,0.78,3.39,4.22,3.91,1.58,5.64,5.39,215.79,198.91,216.23,195.07,205.65,1941559800,42567260.0,45756120.0,54135950.0,0.88,63.86,3910336983.73,166.51,0.04,38.6,26.49,13.95,72.0,28.0,44.0,209.97,211.03,212.94,208.06,207.0,215.89,1.05,0.5,3.76,210.4,210.52,210.34,-9093925.53
2025-07-17,AAPL,210.57,211.8,209.59,210.02,48068100,2.2,2.03,0.17,2.2,2.03,0.17,209.94,209.97,209.75,209.43,209.05,208.46,207.6,206.85,206.52,206.27,206.19,206.25,206.41,206.98,210.2,213.57,209.81,210.61,208.91,206.73,204.49,204.1,204.64,209.38,222.46,210.22,208.98,206.81,211.04,210.49,208.46,210.43,212.09,211.68,0.15,0.1,41.69,34.69,62.18,68.73,66.23,63.75,30.52,53.82,2.36,3.63,-2.42,9.02,14.38,-36.59,-29.35,31.08,28.23,36.77,63.41,61.89,66.43,49.13,217.02,196.44,9.96,0.66,215.25,192.94,10.93,0.77,3.28,4.15,3.91,1.49,5.15,5.49,215.9,199.3,216.23,195.07,205.65,1893491700,43292160.0,43768750.0,54596545.0,0.88,70.37,3880974117.21,166.53,0.04,40.22,26.93,12.18,68.0,24.0,44.0,210.4,212.16,214.16,208.4,206.64,215.72,-0.14,-0.07,2.21,210.47,210.7,210.36,-29362866.52
2025-07-18,AAPL,210.87,211.79,209.7,211.18,48974600,2.21,2.07,0.14,2.21,2.07,0.14,210.56,210.37,210.07,209.75,209.38,208.8,207.94,207.17,206.82,206.54,206.43,206.46,206.6,207.12,210.22,213.54,209.82,210.38,209.59,207.46,204.76,204.35,204.83,209.02,222.38,210.32,209.4,207.24,211.33,210.86,208.92,210.8,212.34,212.07,0.15,0.11,40.72,56.77,59.12,70.07,72.77,64.39,35.15,55.7,1.62,6.24,-2.37,10.1,14.6,-29.76,-23.87,63.26,42.32,105.13,70.24,65.96,78.81,45.58,216.74,198.18,8.95,0.7,215.56,193.14,10.97,0.8,2.99,4.07,3.85,1.11,4.64,5.61,216.08,199.8,216.23,196.86,206.54,1942466300,45133920.0,45170630.0,54775540.0,0.89,69.5,3901360673.19,166.56,0.05,41.53,26.45,12.43,64.0,20.0,44.0,210.47,211.35,212.68,209.14,208.26,215.56,1.16,0.55,2.09,210.89,210.74,210.96,20386555.98
2025-07-21,AAPL,212.1,215.78,211.63,212.48,51377400,2.29,2.11,0.18,2.29,2.11,0.18,211.52,211.07,210.6,210.25,209.86,209.26,208.37,207.56,207.18,206.87,206.73,206.72,206.83,207.3,210.26,213.53,210.59,210.63,210.35,208.03,205.16,204.68,204.96,208.67,222.27,210.7,209.88,207.74,211.94,211.41,209.49,211.61,212.85,212.63,0.16,0.12,59.88,61.96,50.13,66.34,73.06,69.95,147.69,91.23,0.02,6.67,2.53,7.31,11.48,-37.17,-19.36,61.45,51.93,80.49,62.83,65.49,57.52,40.16,217.05,199.02,8.67,0.75,215.87,193.48,10.94,0.85,3.16,3.82,3.95,1.28,4.51,5.73,216.01,200.74,216.23,198.96,207.6,1993843700,47641380.0,45285470.0,52503735.0,0.98,67.86,3871029437.05,166.58,-0.04,42.78,27.86,13.25,60.0,16.0,44.0,210.89,212.08,212.98,209.99,208.8,207.54,1.3,0.62,4.6,213.3,213.7,213.09,-30331236.14
2025-07-22,AAPL,213.14,214.95,212.23,214.4,46404100,2.49,2.19,0.3,2.49,2.19,0.3,212.96,212.18,211.45,211.0,210.56,209.91,208.95,208.07,207.65,207.29,207.1,207.06,207.13,207.53,210.34,213.54,211.65,211.07,210.96,208.68,205.51,205.01,205.06,208.41,222.21,211.39,210.48,208.34,213.01,212.21,210.24,212.99,213.73,213.45,0.16,0.13,97.69,64.66,52.67,65.2,70.95,69.92,151.93,98.27,0.4,9.14,4.39,6.58,12.9,-20.31,-10.6,83.25,69.32,111.12,79.69,70.92,97.22,42.67,217.57,199.79,8.52,0.82,216.34,193.68,11.05,0.91,3.18,3.65,3.84,1.72,4.45,5.97,216.25,201.64,216.23,199.26,207.74,2040247800,48462940.0,45640990.0,52033225.0,0.89,66.35,3898667173.08,166.61,-0.05,42.58,23.64,13.84,56.0,12.0,44.0,213.3,214.96,217.45,210.81,209.15,207.7,1.92,0.9,2.72,213.86,213.59,214.0,27637736.03
2025-07-23,AAPL,215.0,215.15,212.41,214.15,46989300,2.59,2.27,0.32,2.59,2.27,0.32,213.55,212.84,212.05,211.57,211.11,210.44,209.44,208.52,208.07,207.67,207.45,207.36,207.4,207.75,210.42,213.55,212.45,211.37,211.39,209.37,205.93,205.33,205.14,208.18,222.15,211.95,211.01,208.89,213.68,212.85,210.89,213.75,214.34,214.1,0.17,0.14,93.3,58.61,66.72,54.95,69.93,74.62,121.5,98.14,2.0,7.93,3.01,1.71,13.85,-23.09,-12.26,80.22,74.97,90.71,76.91,73.15,84.45,44.84,217.65,201.09,7.91,0.79,216.79,193.87,11.16,0.89,3.06,3.46,3.81,1.98,4.14,6.12,216.35,202.53,216.23,199.26,207.74,1993258500,48362700.0,45464980.0,51679490.0,0.91,65.27,3911357713.95,166.64,0.01,39.8,18.9,14.64,52.0,8.0,44.0,213.86,215.49,216.58,212.77,211.14,207.87,-0.25,-0.12,2.74,213.9,213.78,213.96,12690540.88
2025-07-24,AAPL,213.9,215.69,213.53,213.76,46022600,2.61,2.34,0.27,2.61,2.34,0.27,213.66,213.15,212.43,211.97,211.52,210.85,209.85,208.91,208.43,208.01,207.75,207.64,207.65,207.94,210.49,213.55,213.19,211.5,211.47,209.98,206.3,205.39,205.2,207.9,222.09,212.38,211.42,209.4,214.02,213.3,211.42,214.03,214.7,214.57,0.17,0.14,84.88,64.07,64.55,50.63,71.77,73.19,130.94,108.7,1.79,9.26,1.35,0.21,12.2,-27.41,-14.56,75.49,79.65,67.15,72.59,76.4,64.96,44.52,217.61,202.35,7.27,0.75,216.99,193.78,11.3,0.86,2.9,3.41,3.76,2.1,3.82,6.25,216.67,203.04,216.23,199.26,207.74,1947235900,47953600.0,45622880.0,52004335.0,0.88,65.88,3875136223.21,166.66,-0.01,36.0,17.55,14.85,48.0,4.0,44.0,213.9,215.4,216.64,212.66,211.16,208.02,-0.39,-0.18,2.16,214.33,214.61,214.18,-36221490.74
2025-07-25,AAPL,214.7,215.24,213.4,213.88,40268800,2.6,2.39,0.21,2.6,2.39,0.21,213.77,213.39,212.75,212.32,211.88,211.23,210.24,209.28,208.79,208.34,208.05,207.91,207.9,208.14,210.55,213.55,213.73,211.78,211.5,210.62,206.8,205.4,205.25,207.66,222.03,212.81,211.8,209.89,214.28,213.71,211.9,214.22,214.98,214.98,0.18,0.15,87.55,88.56,61.53,65.03,70.69,69.67,101.31,103.73,1.3,8.8,2.72,3.93,12.88,-22.2,-13.85,73.39,76.36,67.44,77.8,75.77,81.88,45.25,217.16,204.09,6.21,0.75,217.06,193.75,11.35,0.86,2.62,3.01,3.69,2.22,3.27,6.23,216.25,204.22,216.23,199.26,207.74,1987504700,46212440.0,45673180.0,51477820.0,0.78,66.87,3855877231.91,166.68,-0.02,34.62,19.88,9.98,44.0,0.0,44.0,214.33,215.12,216.49,212.96,212.17,208.18,0.12,0.06,1.84,214.17,214.32,214.1,-19258991.3
2025-07-28,AAPL,214.03,214.85,213.06,214.05,37858000,2.58,2.43,0.16,2.58,2.43,0.16,213.91,213.61,213.04,212.63,212.21,211.58,210.6,209.63,209.13,208.65,208.35,208.18,208.14,208.33,210.62,213.56,214.05,212.32,211.77,211.27,207.3,205.44,205.27,207.44,221.99,213.23,212.12,210.35,214.5,214.07,212.36,214.36,215.22,215.35,0.18,0.16,84.58,88.0,57.61,65.33,72.2,69.36,80.03,94.77,0.77,6.49,5.43,4.04,12.97,-20.21,-12.85,75.77,74.88,77.55,79.79,76.73,85.92,47.49,216.2,206.35,4.66,0.78,217.19,193.69,11.44,0.87,2.56,2.92,3.62,2.02,2.46,6.19,216.44,204.76,216.23,199.26,207.74,2025362700,43508560.0,45574970.0,49711290.0,0.76,67.32,3859895678.84,166.71,0.0,33.42,20.46,10.24,40.0,0.0,40.0,214.17,214.95,216.01,213.11,212.33,208.33,0.17,0.08,1.79,213.99,213.96,214.0,4018446.93
2025-07-29,AAPL,214.18,214.81,210.82,211.27,51411700,2.32,2.41,-0.09,2.32,2.41,-0.09,212.59,212.83,212.65,212.39,212.07,211.54,210.66,209.75,209.26,208.8,208.49,208.32,208.26,208.43,210.63,213.54,213.42,212.54,211.85,211.58,207.79,205.44,205.24,207.2,221.92,213.04,212.12,210.61,213.71,213.86,212.42,213.15,214.66,215.14,0.18,0.16,39.25,56.74,50.45,50.44,65.88,66.14,7.77,25.45,0.05,4.85,2.16,0.13,6.1,-54.73,-29.23,27.14,58.77,-36.11,45.27,67.62,0.56,39.53,215.58,207.58,3.78,0.46,217.18,193.69,11.43,0.75,2.83,2.91,3.66,1.74,2.0,5.88,216.49,204.84,216.23,206.14,211.18,1973951000,44510080.0,46486510.0,47686235.0,1.08,66.97,3820080602.9,166.73,-0.08,31.45,20.52,12.75,36.0,0.0,36.0,213.99,214.91,215.78,213.12,212.2,208.48,-2.78,-1.3,3.99,212.3,212.82,212.04,-39815075.94
2025-07-30,AAPL,211.9,212.39,207.72,209.05,45512500,1.91,2.31,-0.4,1.91,2.31,-0.4,210.82,211.57,211.85,211.78,211.6,211.23,210.51,209.7,209.25,208.81,208.52,208.35,208.29,208.45,210.6,213.49,212.4,212.42,211.71,211.64,208.15,205.39,205.3,206.93,221.81,212.4,211.88,210.69,212.36,213.26,212.19,211.31,213.58,214.53,0.17,0.16,4.89,45.3,51.79,39.35,56.42,60.72,-85.78,-90.29,0.21,4.37,-1.11,-3.36,1.23,-81.67,-71.16,16.5,39.8,-30.1,18.33,47.79,-40.61,38.32,215.43,207.85,3.58,0.16,217.06,193.72,11.37,0.66,2.84,3.0,3.49,1.93,1.89,5.61,216.51,204.51,216.23,207.22,211.72,1928438500,44214720.0,46288710.0,46022415.0,0.99,59.87,3800491711.03,166.76,-0.09,28.49,14.81,19.76,32.0,16.0,16.0,212.3,213.78,216.29,209.79,208.31,215.78,-2.22,-1.05,4.67,209.72,210.06,209.55,-19588891.86
2025-07-31,AAPL,208.49,209.84,207.16,207.57,80698400,1.44,2.13,-0.69,1.44,2.13,-0.69,209.19,210.24,210.9,211.01,210.98,210.77,210.23,209.54,209.14,208.74,208.47,208.31,208.26,208.42,210.54,213.43,211.16,212.18,211.39,211.4,208.55,205.37,205.44,206.62,221.71,211.52,211.49,210.65,210.87,212.47,211.79,209.4,212.29,213.71,0.16,0.16,4.05,33.02,44.07,38.79,49.57,59.16,-122.28,-137.57,-0.74,2.98,-2.45,-3.59,-4.87,-95.24,-95.48,4.76,16.13,-18.0,4.76,22.78,-31.3,32.27,215.57,207.22,3.95,0.04,217.01,193.72,11.34,0.59,2.84,3.01,3.38,2.37,2.09,5.09,216.25,204.21,216.23,207.16,211.7,1847740100,51149880.0,49551740.0,46660245.0,1.73,56.33,3744484612.52,166.8,-0.2,26.36,14.76,20.62,28.0,12.0,16.0,209.72,211.72,214.39,207.05,205.05,215.62,-1.48,-0.71,2.68,208.19,208.5,208.04,-56007098.51
2025-08-01,AAPL,210.87,213.58,201.5,202.38,104434500,0.65,1.84,-1.19,0.65,1.84,-1.19,205.79,207.62,209.0,209.44,209.66,209.72,209.48,209.01,208.71,208.39,208.17,208.06,208.03,208.22,210.38,213.32,208.86,211.3,210.81,210.84,208.74,205.28,205.51,206.37,221.58,209.74,210.63,210.26,208.04,210.83,210.77,205.81,209.87,212.03,0.14,0.16,2.42,15.22,27.28,33.28,33.02,51.59,-175.16,-197.75,-3.7,0.69,-8.8,-6.24,-11.17,-93.84,-94.03,6.2,9.15,0.3,6.16,9.75,-1.01,22.96,216.52,205.16,5.39,-0.24,216.95,193.61,11.37,0.38,4.17,3.61,3.69,3.91,2.84,4.72,216.71,202.25,216.23,201.5,208.86,1743305600,63983020.0,55097730.0,50134180.0,2.08,51.49,3655265735.04,166.84,-0.28,26.45,12.29,23.77,24.0,8.0,16.0,208.19,209.22,210.87,206.54,205.51,215.28,-5.19,-2.5,12.08,205.82,207.54,204.96,-89218877.48
2025-08-04,AAPL,204.51,207.88,201.68,203.35,75109300,0.1,1.49,-1.39,0.1,1.49,-1.39,204.57,206.2,207.75,208.34,208.69,208.93,208.9,208.59,208.36,208.11,207.94,207.85,207.85,208.06,210.24,213.22,206.72,210.39,210.45,210.51,208.82,205.3,205.63,206.19,221.44,208.29,209.92,209.91,206.28,209.59,209.97,203.93,208.12,210.72,0.12,0.15,8.9,9.29,31.42,34.95,32.7,47.6,-176.39,-208.66,-3.18,1.13,-9.13,-5.76,-6.6,-87.04,-87.44,13.04,8.0,23.12,12.96,7.96,22.95,24.55,217.1,203.91,6.26,-0.04,216.95,193.66,11.35,0.42,4.75,3.82,3.85,4.61,3.3,4.6,216.55,201.25,215.78,201.5,208.64,1818414900,71433280.0,57470920.0,51378195.0,1.46,43.96,3620618541.82,166.88,-0.27,27.1,9.79,22.47,20.0,4.0,16.0,205.82,210.14,217.9,198.06,193.74,214.45,0.97,0.48,6.2,204.3,204.78,204.06,-34647193.23
2025-08-05,AAPL,203.4,205.34,202.16,202.92,44155100,-0.37,1.12,-1.49,-0.37,1.12,-1.49,203.74,205.1,206.67,207.35,207.8,208.18,208.33,208.17,208.01,207.82,207.69,207.64,207.66,207.89,210.1,213.12,205.05,209.24,210.04,210.15,208.86,205.33,205.72,206.05,221.29,206.94,209.2,209.53,204.86,208.44,209.19,202.58,206.59,209.48,0.1,0.14,7.42,9.16,26.02,30.45,36.64,43.13,-153.34,-194.63,-3.91,-1.1,-11.48,-7.24,-7.09,-90.06,-90.06,10.01,9.75,10.52,9.94,9.69,10.46,24.22,217.57,202.74,7.06,0.01,216.95,193.72,11.31,0.4,4.94,3.78,3.65,4.92,3.71,4.53,215.89,200.76,215.78,201.5,208.64,1774259800,69981960.0,57246020.0,51443505.0,0.86,38.03,3597569024.21,166.9,-0.3,27.99,8.93,22.72,16.0,0.0,16.0,204.3,206.93,210.5,200.73,198.1,213.68,-0.43,-0.21,3.18,203.47,203.75,203.33,-23049517.61
2025-08-06,AAPL,205.63,215.38,205.59,213.25,108483100,0.09,0.91,-0.82,0.09,0.91,-0.82,208.5,207.82,208.14,208.42,208.64,208.81,208.8,208.55,208.35,208.12,207.96,207.88,207.87,208.07,210.16,213.12,205.89,209.15,210.25,210.26,209.3,205.69,205.96,206.09,221.19,207.67,209.49,209.81,207.27,209.32,209.77,206.49,208.02,210.27,0.08,0.13,54.8,48.92,51.47,55.63,54.43,50.98,15.26,21.42,0.36,2.61,-0.9,3.23,2.11,-17.72,-17.72,84.65,35.9,182.16,82.28,35.06,176.73,37.3,217.79,202.72,7.17,0.7,217.15,194.24,11.14,0.83,6.47,4.51,4.1,4.83,3.77,4.3,217.83,199.77,215.78,201.5,208.64,1882742900,82576080.0,63395400.0,54430190.0,1.99,42.6,3658847016.34,166.95,-0.27,26.03,23.37,19.03,12.0,88.0,-76.0,203.47,204.79,206.65,201.61,200.29,201.5,10.33,5.09,12.46,211.41,210.48,211.87,61277992.13
2025-08-07,AAPL,218.88,220.85,216.58,220.03,90224800,0.99,0.93,0.07,0.99,0.93,0.07,214.26,211.89,210.78,210.53,210.39,210.21,209.87,209.4,209.1,208.79,208.55,208.41,208.35,208.46,210.36,213.19,208.39,209.78,210.91,210.64,209.91,206.09,206.12,206.15,221.13,209.65,210.42,210.5,211.31,211.31,211.13,212.26,210.96,212.18,0.08,0.12,71.8,60.13,59.05,62.89,60.53,56.89,147.62,197.3,2.63,3.57,6.27,8.85,7.62,-4.24,-4.24,95.76,63.47,160.34,95.76,62.66,161.96,44.98,219.32,201.96,8.24,1.04,218.12,194.05,11.68,1.08,6.98,4.91,4.27,5.8,4.34,4.47,219.68,200.05,220.85,201.5,211.18,1972967700,84481360.0,67815620.0,56719250.0,1.59,45.55,3714418731.56,167.01,-0.22,25.27,29.46,17.51,100.0,84.0,16.0,211.41,217.22,221.2,207.43,201.62,201.78,6.78,3.18,7.6,219.15,218.72,219.37,55571715.22
2025-08-08,AAPL,220.83,231.0,219.25,229.35,113854000,2.43,1.23,1.2,2.43,1.23,1.2,221.81,217.71,214.91,213.96,213.31,212.61,211.72,210.88,210.41,209.93,209.57,209.32,209.18,209.15,210.73,213.35,213.78,211.32,212.13,211.55,210.86,206.67,206.39,206.31,221.1,213.2,212.21,211.76,217.39,214.71,213.53,220.34,215.79,215.53,0.09,0.11,82.98,69.37,68.91,69.92,66.85,68.39,219.38,275.94,7.1,7.4,15.47,16.87,18.19,-5.59,-5.59,94.41,91.61,100.0,94.41,90.82,101.59,53.09,223.61,199.49,11.4,1.24,220.27,193.07,13.16,1.33,7.99,5.42,4.66,8.47,6.03,5.42,222.56,200.89,231.0,201.5,216.25,2086821700,86365260.0,75174140.0,60423660.0,1.88,49.63,3796296714.54,167.09,-0.14,25.4,34.8,15.86,100.0,80.0,20.0,219.15,221.73,223.42,217.46,214.88,202.54,9.32,4.24,11.75,226.53,225.12,227.24,81877982.98
2025-08-11,AAPL,227.92,229.56,224.76,227.18,61806100,3.36,1.66,1.7,3.36,1.66,1.7,224.49,220.87,217.63,216.36,215.44,214.43,213.2,212.08,211.49,210.89,210.43,210.1,209.88,209.74,211.06,213.49,218.55,212.64,213.11,212.48,211.73,207.21,206.64,206.45,221.06,216.09,213.69,212.81,221.14,217.23,215.42,224.65,219.15,218.05,0.12,0.11,91.33,70.46,65.99,65.0,65.64,65.65,176.39,228.01,6.28,8.21,13.13,12.78,18.56,-12.95,-12.95,87.05,92.41,76.34,87.05,92.41,76.34,53.6,226.31,198.64,13.02,1.03,221.86,192.57,14.14,1.18,8.3,5.57,4.77,9.84,6.92,5.87,224.33,202.06,231.0,201.5,216.25,2025015600,83704620.0,77568950.0,61571960.0,1.0,50.65,3796811765.37,167.13,-0.13,26.21,33.87,15.43,96.0,76.0,20.0,226.53,233.82,238.28,222.07,214.78,204.25,-2.17,-0.95,4.8,227.17,227.16,227.17,515050.83
2025-08-12,AAPL,228.01,230.8,227.07,229.65,55626200,4.24,2.17,2.07,4.24,2.17,2.07,227.07,223.79,220.3,218.78,217.63,216.33,214.76,213.38,212.66,211.93,211.36,210.95,210.66,210.39,211.43,213.65,223.89,214.47,214.12,213.5,212.54,207.79,206.94,206.59,221.03,219.18,215.33,213.97,224.66,219.83,217.44,228.44,222.5,220.68,0.15,0.12,91.75,76.32,67.8,67.29,70.57,66.47,154.52,208.82,7.37,9.35,18.38,15.5,20.54,-4.58,-4.58,95.42,92.29,101.68,95.42,92.29,101.68,61.0,229.21,197.8,14.71,1.01,223.63,191.95,15.25,1.19,7.1,5.64,4.78,11.19,7.85,6.59,226.04,203.49,231.0,201.5,216.25,2080641800,85998840.0,77990400.0,62238455.0,0.89,51.3,3818137627.57,167.17,-0.08,28.09,34.76,15.24,92.0,72.0,20.0,227.17,229.57,231.97,224.77,222.37,205.85,2.47,1.09,3.73,229.17,228.94,229.29,21325862.2
2025-08-13,AAPL,231.07,235.0,230.43,233.33,69878500,5.18,2.77,2.41,5.18,2.77,2.41,230.2,226.97,223.2,221.42,220.04,218.46,216.53,214.86,213.99,213.12,212.44,211.92,211.55,211.14,211.86,213.85,227.91,216.9,215.4,214.66,213.39,208.42,207.31,206.79,221.04,222.61,217.22,215.31,228.4,222.71,219.71,232.39,226.15,223.62,0.18,0.13,93.76,81.16,70.16,70.34,72.29,67.85,141.91,197.96,9.01,10.51,24.28,19.57,23.17,-4.99,-4.99,95.01,92.5,100.05,95.01,92.5,100.05,64.77,232.59,196.73,16.7,1.02,225.73,191.11,16.61,1.22,6.98,5.87,4.88,12.44,8.96,7.53,228.26,204.8,235.0,201.5,218.25,2150520300,78277920.0,80427000.0,63357855.0,1.1,52.78,3836945188.84,167.22,-0.06,30.65,37.87,14.65,100.0,68.0,32.0,229.17,231.28,232.9,227.55,225.44,207.36,3.68,1.6,5.35,232.92,232.72,233.02,18807561.27
2025-08-14,AAPL,234.06,235.12,230.85,232.78,51916300,5.81,3.38,2.43,5.81,3.38,2.43,231.49,228.91,225.33,223.49,222.0,220.25,218.08,216.19,215.21,214.21,213.43,212.83,212.38,211.85,212.27,214.03,230.46,219.42,216.67,215.8,214.07,209.01,207.71,206.93,221.05,225.5,218.94,216.56,230.89,225.07,221.69,234.5,228.91,226.06,0.22,0.15,89.11,91.42,73.59,69.47,71.01,68.67,112.56,156.46,10.18,9.59,25.21,18.9,22.76,-6.96,-6.96,93.0,94.48,90.05,93.04,94.49,90.13,65.49,235.31,196.29,18.08,0.94,227.57,190.45,17.76,1.14,7.14,6.04,4.9,12.89,9.75,8.32,230.16,206.0,235.12,201.5,218.31,2098604000,70616220.0,77548790.0,63550265.0,0.82,51.93,3831960251.37,167.26,-0.04,31.48,36.92,14.07,100.0,64.0,36.0,232.92,235.41,237.49,230.84,228.35,209.57,-0.55,-0.24,4.27,232.92,232.98,232.88,-4984937.47
2025-08-15,AAPL,234.0,234.28,229.34,231.59,56038700,6.15,3.94,2.21,6.15,3.94,2.21,231.54,229.8,226.72,224.96,223.48,221.66,219.37,217.33,216.26,215.18,214.31,213.64,213.13,212.5,212.66,214.21,230.91,222.34,217.85,216.82,214.67,209.59,208.12,207.04,221.05,227.71,220.45,217.69,232.22,226.86,223.32,235.06,230.78,227.94,0.26,0.17,79.82,88.24,75.29,67.7,69.66,70.31,87.5,121.7,10.78,9.68,29.21,17.54,20.41,-10.5,-10.5,89.29,92.44,83.0,89.5,92.52,83.46,62.12,237.42,196.23,19.0,0.86,229.12,190.05,18.64,1.06,6.06,6.26,5.03,11.87,10.3,8.91,231.89,206.84,235.12,201.5,218.31,2042565300,59053160.0,72709210.0,63903470.0,0.88,50.77,3826968950.16,167.31,-0.06,32.03,35.6,14.9,96.0,60.0,36.0,232.92,234.98,237.19,230.71,228.65,212.13,-1.19,-0.51,4.94,231.74,231.81,231.7,-4991301.21
2025-08-18,AAPL,231.7,233.12,230.11,230.89,37476200,6.28,4.41,1.88,6.28,4.41,1.88,231.22,230.16,227.65,226.04,224.62,222.82,220.46,218.33,217.21,216.05,215.12,214.39,213.83,213.1,213.02,214.37,231.65,225.1,218.97,217.74,215.37,210.19,208.6,207.11,221.04,229.26,221.79,218.74,232.86,228.23,224.69,234.82,232.04,229.42,0.29,0.2,57.16,87.6,76.63,70.66,68.11,69.19,73.61,102.2,11.23,10.67,27.54,19.62,18.41,-12.58,-12.58,85.68,89.32,78.38,87.42,89.99,82.28,57.9,239.15,196.33,19.66,0.81,230.45,189.93,19.28,1.01,5.41,6.19,5.07,10.02,10.7,9.34,232.85,208.07,235.12,201.5,218.31,2005089100,54187180.0,68945900.0,63208410.0,0.59,51.3,3808915631.22,167.33,-0.05,33.83,36.0,12.49,92.0,56.0,36.0,231.74,234.13,236.68,229.19,226.8,214.43,-0.7,-0.3,3.01,231.37,231.62,231.25,-18053318.94
2025-08-19,AAPL,231.28,232.87,229.35,230.56,39402600,6.29,4.78,1.51,6.29,4.78,1.51,230.89,230.3,228.29,226.86,225.53,223.78,221.42,219.24,218.07,216.85,215.88,215.09,214.48,213.67,213.36,214.54,231.83,227.86,220.26,218.55,216.06,210.72,209.09,207.2,221.02,230.26,223.01,219.72,233.12,229.33,225.87,234.26,232.89,230.6,0.32,0.22,68.95,81.83,86.2,73.59,66.92,68.2,62.01,87.05,13.92,10.26,27.64,21.51,16.16,-13.56,-13.56,75.4,83.46,59.3,86.44,87.79,83.74,50.74,240.64,196.46,20.21,0.77,231.7,189.75,19.91,0.97,4.23,6.11,5.02,6.37,11.04,9.68,233.65,209.2,235.12,201.5,218.31,1965686500,50942460.0,68470650.0,62858335.0,0.63,51.4,3796602318.72,167.36,-0.08,36.89,36.48,9.92,88.0,52.0,36.0,231.37,232.64,234.38,229.63,228.36,216.5,-0.33,-0.14,3.52,230.93,231.11,230.84,-12313312.5
2025-08-20,AAPL,229.98,230.47,225.77,226.01,42263900,5.86,5.0,0.87,5.86,5.0,0.87,228.45,228.87,227.79,226.71,225.61,224.06,221.86,219.74,218.58,217.36,216.37,215.57,214.94,214.08,213.61,214.65,230.37,229.14,221.39,219.14,216.55,211.22,209.6,207.22,221.0,229.92,223.72,220.36,231.7,229.4,226.36,231.6,232.3,230.76,0.33,0.24,33.45,61.98,76.66,68.95,60.35,63.23,34.02,56.01,11.14,7.54,12.76,18.44,11.86,-27.1,-27.1,42.6,67.89,-8.0,72.9,82.25,54.2,45.88,241.37,196.92,20.28,0.65,232.45,189.98,20.11,0.85,4.23,6.26,5.12,3.93,11.11,9.8,234.39,209.34,235.12,201.5,218.31,1923422600,45419540.0,61848730.0,62622065.0,0.67,53.16,3758654731.91,167.39,-0.12,39.0,35.61,13.13,84.0,48.0,36.0,230.93,232.5,234.45,228.98,227.41,218.36,-4.55,-1.97,4.79,227.42,228.12,227.06,-37947586.81
2025-08-21,AAPL,226.27,226.52,223.78,224.9,30621200,5.37,5.07,0.3,5.37,5.07,0.3,226.67,227.55,227.14,226.38,225.5,224.17,222.15,220.12,218.99,217.78,216.79,215.98,215.33,214.43,213.84,214.75,228.79,229.62,222.54,219.7,216.97,211.66,210.01,207.29,221.0,229.15,224.27,220.9,230.19,229.24,226.65,229.15,231.45,230.65,0.34,0.26,0.0,36.72,75.45,75.26,59.44,61.36,10.16,35.83,10.83,7.09,4.87,22.52,11.14,-30.56,-30.4,9.88,42.63,-55.62,69.44,76.26,55.8,45.72,241.92,197.48,20.22,0.62,233.1,190.22,20.26,0.81,4.09,5.6,5.12,2.82,11.11,9.88,233.34,210.96,235.12,201.5,218.31,1892801400,41160520.0,55888370.0,61851995.0,0.5,57.14,3753066921.69,167.41,-0.1,41.01,39.85,10.01,80.0,44.0,36.0,227.42,229.06,232.12,224.36,222.72,220.03,-1.11,-0.49,2.74,225.07,225.15,225.02,-5587810.22
2025-08-22,AAPL,226.17,229.09,225.41,227.76,42477800,5.16,5.09,0.07,5.16,5.09,0.07,227.22,227.62,227.28,226.63,225.85,224.62,222.68,220.69,219.55,218.34,217.32,216.49,215.81,214.87,214.11,214.88,228.02,229.46,224.24,220.39,217.52,212.24,210.47,207.35,221.02,228.81,225.03,221.59,229.96,229.58,227.25,228.7,231.41,231.03,0.35,0.28,26.63,51.66,70.32,76.26,61.78,62.33,21.18,47.41,6.8,7.85,-1.59,24.41,13.88,-22.33,-21.89,35.1,29.19,46.91,77.67,73.34,86.34,46.06,242.71,198.08,20.25,0.67,233.82,190.66,20.34,0.86,3.92,5.45,5.22,2.88,11.16,10.01,233.59,211.78,235.12,201.5,218.31,1935279200,38448340.0,48750750.0,61962445.0,0.69,63.95,3764840659.74,167.44,-0.07,42.65,44.27,10.27,76.0,40.0,36.0,225.07,226.35,227.81,223.61,222.33,221.54,2.86,1.27,4.19,227.42,227.25,227.5,11773738.04
2025-08-25,AAPL,226.48,229.3,226.23,227.16,30983100,4.88,5.05,-0.17,4.88,5.05,-0.17,227.19,227.46,227.25,226.73,226.05,224.93,223.11,221.17,220.05,218.83,217.8,216.95,216.26,215.27,214.37,215.0,227.28,229.46,225.82,221.05,218.14,212.8,210.92,207.39,221.05,228.39,225.68,222.22,229.53,229.74,227.7,228.07,231.14,231.2,0.34,0.29,28.18,42.0,62.07,75.99,61.09,60.52,6.39,44.23,3.24,6.91,-0.02,24.24,13.11,-26.96,-23.68,29.81,24.93,39.56,73.04,73.38,72.37,44.93,243.35,198.75,20.18,0.64,234.45,191.15,20.35,0.83,3.75,5.44,5.28,2.88,11.15,10.01,234.0,212.22,235.12,201.5,218.31,1904296100,37149720.0,45668450.0,61618700.0,0.5,68.37,3752629079.61,167.46,-0.09,44.0,44.61,10.29,72.0,36.0,36.0,227.42,229.43,231.1,225.75,223.74,222.9,-0.6,-0.26,3.07,227.56,227.76,227.46,-12211580.13
2025-08-26,AAPL,226.87,229.49,224.69,229.31,54575100,4.78,4.99,-0.22,4.78,4.99,-0.22,228.25,228.08,227.71,227.2,226.55,225.48,223.7,221.77,220.64,219.41,218.36,217.49,216.77,215.73,214.67,215.15,227.03,229.43,227.58,221.95,218.81,213.46,211.4,207.44,221.08,228.36,226.47,222.94,229.87,230.23,228.36,228.58,231.41,231.7,0.34,0.3,43.19,35.68,49.91,70.88,62.33,62.12,-13.42,42.22,-0.02,6.95,-0.34,16.06,18.04,-31.34,-17.28,48.77,37.89,70.52,68.66,73.13,59.74,50.15,244.05,199.86,19.91,0.67,235.08,191.83,20.26,0.87,3.73,4.9,5.42,2.88,11.05,10.06,233.5,213.91,235.12,201.5,218.31,1958871200,40184220.0,45563340.0,61776870.0,0.88,66.49,3803111047.11,167.5,-0.01,46.4,34.95,13.68,68.0,32.0,36.0,227.56,228.9,230.63,225.83,224.49,224.12,2.15,0.95,4.8,227.83,227.09,228.2,50481967.5
2025-08-27,AAPL,228.61,230.9,228.26,230.49,31259500,4.74,4.94,-0.2,4.74,4.94,-0.2,229.37,228.88,228.33,227.79,227.16,226.11,224.35,222.42,221.28,220.02,218.95,218.05,217.31,216.22,214.98,215.3,227.92,229.14,228.73,223.02,219.49,214.1,211.88,207.72,221.12,228.56,227.28,223.69,230.47,230.84,229.1,229.42,231.88,232.3,0.34,0.31,49.72,42.19,57.74,65.92,65.95,63.21,23.25,53.42,1.46,7.63,-2.84,10.46,21.44,-29.17,-13.77,63.9,47.49,96.73,70.83,70.84,70.79,53.09,244.56,201.49,19.31,0.67,235.8,192.39,20.27,0.88,3.68,4.54,5.36,2.58,10.77,10.15,233.43,215.26,235.12,201.5,218.31,1990130700,37983340.0,41701440.0,61064220.0,0.51,63.93,3824661156.95,167.52,0.02,47.15,31.29,14.75,64.0,28.0,36.0,227.83,230.97,232.63,226.17,223.03,224.69,1.18,0.51,2.64,229.88,229.58,230.04,21550109.85
2025-08-28,AAPL,230.82,233.41,229.34,232.56,38074700,4.82,4.92,-0.1,4.82,4.92,-0.1,230.96,230.11,229.27,228.66,227.99,226.91,225.13,223.17,222.01,220.72,219.62,218.68,217.91,216.75,215.33,215.47,229.46,229.12,229.57,224.27,220.24,214.84,212.36,208.16,221.14,229.18,228.19,224.53,231.56,231.71,230.0,230.88,232.73,233.17,0.34,0.32,82.85,53.12,56.94,56.27,69.56,64.31,70.52,65.77,1.27,8.79,-0.22,3.21,24.99,-22.57,-7.61,91.17,67.95,137.62,77.43,72.3,87.67,55.85,244.91,203.63,18.41,0.7,236.49,193.18,20.16,0.91,3.76,3.99,5.33,2.54,10.32,10.25,233.12,217.14,235.12,201.5,218.31,2028205400,39474040.0,40317280.0,58933035.0,0.65,59.78,3846832419.61,167.55,0.09,45.43,21.92,16.77,60.0,24.0,36.0,229.88,231.51,232.52,228.87,227.24,224.69,2.07,0.9,4.07,231.77,231.38,231.97,22171262.65
2025-08-29,AAPL,232.51,233.38,231.37,232.14,39418400,4.79,4.89,-0.1,4.79,4.89,-0.1,231.55,230.79,229.91,229.29,228.63,227.57,225.8,223.83,222.66,221.36,220.23,219.27,218.47,217.26,215.66,215.64,230.33,229.18,229.75,225.76,220.94,215.55,212.85,208.67,221.17,229.73,228.94,225.3,232.19,232.36,230.75,231.62,233.26,233.8,0.34,0.32,89.01,54.09,46.64,60.39,70.8,63.8,76.27,70.43,-0.51,8.54,0.55,4.96,29.76,-26.28,-8.86,86.81,80.63,99.18,73.72,73.99,73.18,60.85,243.89,207.63,16.06,0.68,237.09,194.01,19.99,0.89,3.36,3.8,5.3,2.61,9.07,10.33,233.39,218.21,235.12,201.68,218.4,1988787000,38862160.0,38655250.0,55682230.0,0.71,58.4,3837615181.8,167.58,0.16,43.71,23.08,17.65,56.0,20.0,36.0,231.77,234.2,235.84,230.13,227.7,225.73,-0.42,-0.18,2.01,232.3,232.38,232.26,-9217237.81
2025-09-02,AAPL,229.25,230.85,226.97,229.72,44075600,4.52,4.82,-0.29,4.52,4.82,-0.29,230.64,230.43,229.87,229.37,228.79,227.84,226.17,224.27,223.12,221.82,220.69,219.72,218.91,217.67,215.94,215.78,230.84,229.06,229.92,227.08,221.51,216.12,213.34,209.24,221.19,229.82,229.31,225.87,231.8,232.44,231.11,230.96,233.0,233.88,0.33,0.32,61.09,47.58,42.19,50.15,74.29,64.16,-22.03,33.49,-1.31,7.32,-1.17,0.07,26.37,-47.62,-16.15,61.68,79.89,25.27,52.38,67.84,21.46,60.52,241.88,212.28,13.04,0.59,237.61,194.63,19.89,0.82,3.71,3.9,4.97,2.55,7.4,10.32,233.97,218.38,235.12,202.16,218.64,1944711400,41480660.0,39315190.0,54130545.0,0.81,50.41,3856017880.77,167.61,0.22,41.71,20.19,25.25,52.0,16.0,36.0,232.3,233.22,234.31,231.21,230.29,226.67,-2.42,-1.04,5.17,229.18,228.91,229.32,18402698.97
2025-09-03,AAPL,237.21,238.85,234.36,238.47,66427800,4.96,4.85,0.11,4.96,4.85,0.11,234.55,233.11,231.78,231.03,230.28,229.17,227.34,225.32,224.11,222.75,221.56,220.54,219.67,218.35,216.39,216.0,232.68,229.85,230.51,228.86,222.32,216.86,213.91,209.63,221.27,231.54,230.4,226.96,234.37,234.08,232.51,234.42,235.0,235.48,0.33,0.32,83.28,78.9,62.68,58.9,77.41,70.52,193.91,160.45,2.97,12.87,7.91,5.14,35.55,-2.52,-1.04,97.48,81.99,128.45,97.48,74.53,143.38,67.31,239.35,218.36,9.17,0.96,238.84,194.89,20.27,0.99,4.41,4.17,5.11,3.92,5.25,10.68,235.68,219.01,238.85,205.59,222.22,2011139200,43851200.0,42017710.0,55244180.0,1.2,50.22,3911201776.98,167.67,0.28,38.81,25.4,23.62,100.0,12.0,88.0,229.18,231.39,233.06,227.51,225.3,226.97,8.75,3.81,9.13,237.23,236.6,237.54,55183896.21
2025-09-04,AAPL,238.45,239.9,236.74,239.78,47549400,5.35,4.95,0.4,5.35,4.95,0.4,237.17,235.33,233.56,232.62,231.74,230.49,228.53,226.39,225.12,223.69,222.45,221.38,220.46,219.05,216.85,216.24,234.53,231.23,230.94,230.18,223.17,217.65,214.55,210.13,221.34,233.34,231.44,228.09,236.65,235.69,233.93,237.27,236.92,237.08,0.34,0.33,82.41,84.19,66.02,61.81,78.38,72.52,192.4,189.18,3.85,14.7,13.77,7.0,26.53,-0.74,-0.35,99.21,86.12,125.39,99.26,83.04,131.69,72.14,238.94,221.43,7.61,1.05,240.03,195.27,20.56,0.99,4.43,4.09,5.1,4.75,4.38,11.02,236.7,220.35,239.9,216.58,228.24,2058688600,47109180.0,42546260.0,52197495.0,0.91,58.67,3955139830.14,167.71,0.28,36.09,27.52,24.07,100.0,8.0,92.0,237.23,240.09,241.72,235.6,232.74,226.97,1.31,0.55,3.16,238.81,238.32,239.05,43938053.16
2025-09-05,AAPL,240.0,241.32,238.49,239.69,54870400,5.59,5.08,0.51,5.59,5.08,0.51,238.43,236.79,234.92,233.9,232.97,231.64,229.59,227.38,226.06,224.58,223.29,222.17,221.22,219.73,217.3,216.47,235.96,232.71,231.4,231.17,224.04,218.41,215.17,210.54,221.4,234.88,232.34,229.15,238.26,237.03,235.18,239.02,238.39,238.42,0.34,0.33,80.54,81.41,66.59,64.19,74.17,78.08,166.8,191.38,3.96,15.47,14.79,8.1,19.66,-9.29,-6.59,90.2,95.63,79.34,90.71,95.81,80.49,68.66,239.53,222.81,7.23,1.01,241.15,195.68,20.82,0.97,4.14,3.94,4.65,4.86,4.18,11.27,237.47,221.71,241.32,219.25,230.28,2003818200,50468320.0,44971180.0,50429775.0,1.09,68.07,3946802631.56,167.75,0.23,34.35,31.14,22.26,100.0,4.0,96.0,238.81,240.87,241.97,237.71,235.65,228.78,-0.09,-0.04,2.83,239.83,239.9,239.8,-8337198.59
2025-09-08,AAPL,239.3,240.15,236.34,237.88,48999500,5.57,5.17,0.39,5.57,5.17,0.39,238.15,237.15,235.58,234.63,233.72,232.42,230.38,228.16,226.82,225.32,224.0,222.85,221.87,220.32,217.71,216.68,237.11,233.72,231.82,231.59,224.84,219.15,215.82,210.9,221.46,235.82,232.98,230.05,238.78,237.83,236.07,239.24,239.06,239.22,0.35,0.33,67.97,76.53,73.96,61.79,67.95,75.67,107.4,136.24,5.25,17.54,10.12,6.99,8.53,-19.61,-15.59,79.31,89.57,58.79,80.39,90.12,60.93,65.94,240.42,222.77,7.62,0.86,241.97,196.33,20.83,0.91,4.31,4.0,4.47,4.77,4.41,11.38,238.37,222.39,241.32,223.78,232.55,1954818700,52384540.0,45623350.0,47187050.0,1.04,66.63,3937414275.91,167.79,0.15,31.51,30.7,25.78,96.0,0.0,96.0,239.83,241.18,242.66,238.35,237.0,230.79,-1.81,-0.76,3.81,238.12,238.24,238.06,-9388355.64
2025-09-09,AAPL,237.0,238.78,233.36,234.35,66313900,5.2,5.18,0.02,5.2,5.18,0.02,236.25,236.22,235.3,234.58,233.82,232.66,230.76,228.61,227.31,225.82,224.51,223.35,222.36,220.78,218.04,216.86,238.03,234.44,232.05,231.95,225.51,219.82,216.41,211.22,221.49,235.93,233.25,230.66,237.93,237.84,236.41,237.66,238.63,239.23,0.35,0.34,56.17,61.68,67.38,55.77,55.69,72.33,54.82,74.08,4.2,15.24,7.19,3.79,7.17,-39.74,-39.74,51.43,73.65,6.99,60.26,77.12,26.55,59.41,240.6,223.3,7.46,0.64,242.43,197.2,20.57,0.82,4.5,4.13,4.16,4.18,4.33,11.32,239.02,222.5,241.32,223.78,232.55,1888504800,56832200.0,49156430.0,47412440.0,1.4,63.7,3895325748.98,167.84,0.1,27.53,29.69,28.77,92.0,0.0,92.0,238.12,239.91,241.93,236.1,234.31,232.47,-3.53,-1.48,5.42,235.5,236.07,235.21,-42088526.94
2025-09-10,AAPL,232.19,232.42,225.95,226.79,83440800,4.26,5.0,-0.74,4.26,5.0,-0.74,231.52,233.07,233.41,233.16,232.74,231.93,230.38,228.48,227.27,225.87,224.62,223.5,222.53,220.98,218.21,216.96,235.7,234.19,231.8,231.81,226.03,220.25,216.91,211.54,221.48,234.54,232.76,230.74,234.75,236.45,235.76,233.08,236.24,237.81,0.33,0.34,43.64,43.38,48.48,51.09,49.6,60.01,-58.35,-68.82,-0.43,11.76,-2.52,0.78,-2.86,-82.84,-82.84,5.47,45.4,-74.41,17.16,52.6,-53.72,52.72,240.71,222.9,7.68,0.22,242.54,197.96,20.24,0.65,5.42,4.39,4.34,4.58,4.45,11.0,239.16,221.6,241.32,223.78,232.55,1805064000,60234800.0,52043000.0,48803170.0,1.71,59.89,3833551184.53,167.9,0.02,24.87,27.95,33.32,88.0,0.0,88.0,235.5,237.63,240.92,232.21,230.08,241.32,-7.56,-3.23,8.4,228.39,229.18,227.99,-61774564.45
2025-09-11,AAPL,226.88,230.45,226.65,230.03,50208600,3.73,4.74,-1.02,3.73,4.74,-1.02,230.78,232.06,232.66,232.59,232.32,231.69,230.35,228.59,227.45,226.11,224.88,223.79,222.83,221.28,218.45,217.09,233.75,234.14,232.07,231.64,226.73,220.69,217.44,211.88,221.49,233.79,232.59,231.0,233.43,235.8,235.55,231.44,235.07,237.12,0.32,0.33,25.94,45.66,54.16,56.75,50.38,57.81,-55.56,-50.91,1.26,7.87,-0.46,5.13,-3.3,-67.89,-64.37,26.55,27.81,24.01,32.11,36.51,23.31,56.25,240.55,222.74,7.69,0.41,242.86,198.53,20.09,0.71,5.22,4.46,4.34,4.62,4.45,10.54,239.28,221.42,241.32,223.78,232.55,1855272600,60766640.0,53937910.0,47819675.0,1.05,65.27,3872661041.37,167.94,0.04,20.85,27.47,29.57,84.0,0.0,84.0,228.39,230.82,234.86,224.35,221.92,241.01,3.24,1.43,3.8,229.04,228.55,229.29,39109856.84
2025-09-12,AAPL,229.22,234.51,229.02,234.07,55824200,3.59,4.51,-0.92,3.59,4.51,-0.92,232.42,232.73,232.97,232.86,232.59,231.99,230.7,229.0,227.88,226.55,225.33,224.23,223.27,221.7,218.76,217.26,232.62,234.29,232.68,231.71,227.61,221.13,218.08,212.28,221.52,233.77,232.82,231.47,233.76,235.96,235.86,232.19,235.11,237.21,0.3,0.33,35.92,52.95,56.53,58.05,50.73,54.01,-3.22,18.68,2.08,6.38,1.51,6.31,1.29,-43.6,-41.33,52.83,28.28,101.93,56.4,35.23,98.76,54.26,240.67,222.75,7.73,0.63,243.48,198.77,20.22,0.79,4.7,4.56,4.35,4.59,4.48,9.97,239.82,221.59,241.32,223.78,232.55,1911096800,60957400.0,55712860.0,48015070.0,1.16,65.97,3919537100.02,167.98,0.09,16.43,29.25,28.97,80.0,0.0,80.0,229.04,231.44,232.84,227.64,225.24,240.71,4.04,1.76,5.49,232.53,231.76,232.92,46876058.65
2025-09-15,AAPL,237.0,238.19,235.03,236.7,42699500,3.65,4.34,-0.69,3.65,4.34,-0.69,234.56,234.05,233.8,233.56,233.22,232.58,231.27,229.57,228.45,227.11,225.88,224.78,223.79,222.19,219.11,217.45,232.39,234.75,233.28,231.96,228.76,221.59,218.75,212.65,221.55,234.21,233.29,232.06,234.87,236.55,236.45,233.92,235.79,237.72,0.29,0.32,43.45,60.59,58.2,61.58,53.73,58.04,58.94,88.31,2.69,3.2,4.56,9.54,5.11,-27.78,-26.34,69.94,49.77,110.28,72.22,53.58,109.5,53.37,241.2,222.73,7.96,0.76,244.26,198.92,20.46,0.83,4.84,4.63,4.34,4.58,4.62,8.88,240.54,222.01,241.32,223.78,232.55,1953796300,59697400.0,56040970.0,47348110.0,0.9,66.58,3921969350.02,168.01,0.1,12.61,34.12,28.5,76.0,0.0,76.0,232.53,236.05,238.02,230.56,227.04,240.42,2.63,1.12,4.12,236.64,236.61,236.66,2432250.0
2025-09-16,AAPL,237.18,241.22,236.32,238.15,63421100,3.77,4.23,-0.45,3.77,4.23,-0.45,236.36,235.42,234.77,234.39,233.98,233.27,231.93,230.21,229.07,227.73,226.48,225.36,224.36,222.71,219.49,217.66,233.15,235.59,234.01,232.33,229.92,222.15,219.37,212.99,221.58,234.83,233.88,232.67,236.15,237.29,237.14,235.73,236.69,238.4,0.28,0.31,50.6,49.38,57.5,60.91,56.21,57.3,80.24,106.81,2.4,4.83,8.43,8.84,7.26,-20.62,-18.07,79.38,67.38,103.36,79.38,69.33,99.46,51.2,241.95,222.71,8.28,0.8,245.04,199.26,20.61,0.85,5.13,4.64,4.34,4.32,4.81,7.64,241.21,222.65,241.32,223.78,232.55,2017217400,59118840.0,57975520.0,48645355.0,1.3,67.11,3905919928.8,168.06,0.1,10.88,38.74,26.08,72.0,32.0,40.0,236.64,238.25,239.8,235.09,233.48,225.95,1.45,0.61,4.9,238.56,238.77,238.46,-16049421.22
2025-09-17,AAPL,238.97,240.1,237.73,238.99,46508000,3.89,4.16,-0.27,3.89,4.16,-0.27,237.67,236.61,235.71,235.23,234.75,233.99,232.6,230.86,229.71,228.35,227.09,225.95,224.93,223.25,219.87,217.87,235.59,235.64,234.65,232.75,231.12,222.73,219.99,213.3,221.6,235.45,234.52,233.25,237.35,238.06,237.86,237.31,237.61,239.11,0.28,0.3,61.74,48.43,59.09,60.58,57.65,55.11,76.43,98.69,2.95,4.07,0.52,8.5,8.43,-15.16,-13.28,84.84,78.05,98.42,84.84,78.81,96.9,51.19,242.77,222.72,8.61,0.81,245.83,199.63,20.74,0.85,4.93,4.62,4.31,4.36,5.01,5.88,241.84,223.36,241.32,223.78,232.55,2063725400,51732280.0,55983540.0,49000625.0,0.95,67.84,3908863473.1,168.1,0.11,9.51,36.72,26.19,68.0,28.0,40.0,238.56,240.81,243.46,235.91,233.66,226.26,0.84,0.35,2.37,238.94,238.92,238.95,2943544.3
2025-09-18,AAPL,239.97,241.2,236.65,237.88,44249600,3.86,4.1,-0.24,3.86,4.1,-0.24,237.78,237.03,236.19,235.71,235.23,234.48,233.1,231.38,230.24,228.88,227.62,226.47,225.44,223.72,220.23,218.07,237.16,235.45,235.15,233.34,231.94,223.27,220.62,213.58,221.61,235.86,235.01,233.69,237.84,238.5,238.35,237.81,238.03,239.5,0.27,0.3,91.66,46.55,61.22,56.79,56.81,54.56,62.24,82.51,3.55,1.95,-1.9,5.32,11.87,-22.38,-19.61,78.13,80.78,72.82,77.62,80.61,71.63,50.73,243.09,223.6,8.35,0.73,246.51,200.02,20.82,0.81,4.8,4.65,4.36,4.2,4.87,4.94,242.41,223.79,241.32,223.78,232.55,2019475800,50540480.0,55653560.0,49099910.0,0.9,62.2,3888537832.66,168.14,0.13,9.54,34.28,26.0,64.0,24.0,40.0,238.94,240.15,241.31,237.78,236.57,226.55,-1.11,-0.46,4.55,238.58,238.92,238.4,-20325640.44
2025-09-19,AAPL,241.23,246.3,240.21,245.5,163741300,4.39,4.16,0.23,4.39,4.16,0.23,241.64,239.86,238.26,237.49,236.81,235.85,234.28,232.42,231.22,229.8,228.49,227.3,226.23,224.44,220.73,218.34,239.44,236.03,236.01,234.37,232.79,223.93,221.35,213.94,221.65,237.68,236.16,234.56,240.69,240.24,239.74,241.54,240.31,241.18,0.27,0.29,93.73,61.9,59.98,64.4,67.16,61.15,142.77,146.14,2.95,5.46,5.81,13.36,20.6,-3.93,-3.55,96.07,86.35,115.52,96.07,86.18,115.85,63.95,244.7,224.04,8.81,1.04,247.79,200.07,21.31,0.95,4.81,5.11,4.53,5.15,5.16,5.01,244.51,224.06,246.3,224.69,235.5,2183217100,72123900.0,66540650.0,55755915.0,2.94,67.8,4009260071.9,168.28,0.23,10.28,38.34,23.67,100.0,20.0,80.0,238.58,240.5,243.13,235.95,234.03,226.85,7.62,3.2,8.42,244.0,243.26,244.38,120722239.24
2025-09-22,AAPL,248.3,256.64,248.12,256.08,105517400,5.6,4.45,1.15,5.6,4.45,1.15,248.86,245.26,242.22,240.87,239.78,238.38,236.36,234.18,232.83,231.26,229.84,228.55,227.4,225.48,221.43,218.72,243.32,237.85,237.61,235.79,233.68,224.83,222.27,214.38,221.74,241.33,238.23,236.07,246.25,243.62,242.29,248.74,244.88,244.53,0.28,0.29,95.42,77.81,68.31,74.16,73.53,67.43,265.47,241.42,6.8,10.57,18.2,26.36,28.32,-1.82,-1.75,98.18,90.79,112.95,98.18,90.62,113.28,68.99,249.51,222.07,11.64,1.24,250.07,199.59,22.45,1.12,5.86,5.54,4.93,8.19,6.86,6.53,247.44,225.28,256.64,224.69,240.66,2288734500,84687480.0,72192440.0,58907895.0,1.79,74.68,4100906639.98,168.38,0.29,13.07,48.72,16.17,100.0,16.0,84.0,244.0,247.8,250.09,241.71,237.91,227.63,10.58,4.31,11.14,253.61,252.38,254.23,91646568.08
2025-09-23,AAPL,255.88,257.34,253.58,254.43,60275200,6.36,4.83,1.53,6.36,4.83,1.53,251.64,248.32,244.93,243.34,242.03,240.39,238.08,235.68,234.22,232.55,231.04,229.67,228.46,226.43,222.08,219.07,246.58,239.86,239.25,237.15,234.59,225.74,223.16,214.8,221.79,244.34,240.01,237.4,249.76,246.21,244.38,252.64,248.13,247.12,0.3,0.29,88.13,91.68,66.0,66.81,70.5,66.22,206.86,222.62,6.15,10.2,20.08,15.96,27.27,-9.27,-8.91,90.52,94.92,81.71,90.73,94.99,82.21,62.77,252.57,221.73,13.01,1.06,251.89,199.6,23.17,1.05,5.61,5.15,4.91,9.58,7.71,7.42,248.39,227.77,257.34,224.69,241.02,2228459300,84058300.0,71588570.0,60372500.0,1.0,74.64,4067883525.09,168.44,0.26,15.79,42.23,17.38,100.0,12.0,88.0,253.61,259.11,262.13,250.59,245.09,229.37,-1.65,-0.64,3.76,255.12,255.46,254.94,-33023114.89
2025-09-24,AAPL,255.22,255.74,251.04,252.31,42303700,6.7,5.2,1.5,6.7,5.2,1.5,251.98,249.65,246.57,244.97,243.61,241.88,239.44,236.91,235.39,233.65,232.07,230.66,229.39,227.27,222.68,219.4,249.24,242.41,240.18,238.3,235.34,226.61,223.94,215.19,221.84,246.6,241.45,238.55,251.56,248.02,245.98,254.05,250.16,248.95,0.32,0.3,79.6,84.77,65.56,62.98,68.89,68.48,133.07,171.93,6.07,9.43,25.52,12.53,23.0,-16.02,-15.41,82.24,90.31,66.09,83.98,90.96,70.01,59.14,254.66,221.94,13.73,0.93,253.36,199.86,23.61,0.98,5.69,5.26,4.99,9.1,8.18,8.03,249.97,228.91,257.34,225.95,241.64,2186155600,83217440.0,67474860.0,59758930.0,0.71,69.78,4048441824.66,168.48,0.21,17.61,39.93,20.46,96.0,8.0,88.0,255.12,256.65,258.88,252.89,251.36,231.6,-2.12,-0.83,4.7,253.03,253.39,252.85,-19441700.43
2025-09-25,AAPL,253.21,257.17,251.71,256.87,55202100,7.27,5.62,1.65,7.27,5.62,1.65,254.42,252.06,248.86,247.13,245.65,243.75,241.1,238.39,236.77,234.94,233.28,231.8,230.47,228.24,223.36,219.78,253.04,245.1,241.31,239.62,236.13,227.54,224.76,215.71,221.91,249.23,243.22,239.94,254.29,250.36,247.98,256.8,252.92,251.33,0.35,0.31,82.34,85.01,73.76,66.29,69.98,71.43,119.27,163.58,9.61,13.65,26.84,17.18,26.38,-1.5,-1.5,97.89,90.22,113.25,98.5,91.07,113.37,64.59,257.51,221.73,14.94,0.98,255.2,199.89,24.31,1.03,5.77,5.45,5.02,9.0,8.95,8.93,252.0,230.19,257.34,225.95,241.64,2241357700,85407940.0,67974210.0,60956060.0,0.91,69.9,4097577759.83,168.54,0.22,18.73,38.56,19.75,92.0,4.0,88.0,253.03,255.02,257.73,250.32,248.33,233.66,4.56,1.81,5.46,255.25,254.44,255.66,49135935.16
2025-09-26,AAPL,254.1,257.6,253.78,255.46,46076300,7.51,5.99,1.52,7.51,5.99,1.52,254.94,253.19,250.33,248.65,247.16,245.22,242.46,239.65,237.98,236.08,234.37,232.83,231.45,229.14,224.0,220.13,255.03,247.24,242.37,240.76,236.88,228.45,225.48,216.27,221.97,251.12,244.73,241.18,255.74,252.08,249.59,257.75,254.72,253.11,0.37,0.32,81.46,79.93,84.75,66.79,68.04,68.94,99.27,136.88,12.64,13.59,21.39,17.58,22.9,-6.76,-6.76,89.94,90.03,89.78,93.24,91.91,95.9,63.88,259.66,221.87,15.7,0.89,256.73,200.17,24.76,0.98,5.98,5.45,5.07,8.62,9.45,9.57,253.37,231.56,257.6,225.95,241.78,2195281400,61874940.0,66999420.0,61356140.0,0.75,75.11,4092029304.85,168.58,0.2,20.93,39.12,16.94,100.0,0.0,100.0,255.25,258.79,260.71,253.33,249.79,235.56,-1.41,-0.55,3.82,255.61,255.69,255.58,-5548454.97
2025-09-29,AAPL,254.56,255.0,253.01,254.43,40127700,7.53,6.3,1.23,7.53,6.3,1.23,254.69,253.6,251.24,249.7,248.28,246.37,243.6,240.75,239.04,237.1,235.34,233.77,232.35,229.97,224.6,220.47,254.7,249.01,243.47,241.88,237.65,229.32,226.16,216.83,222.01,252.42,246.03,242.32,256.37,253.34,250.89,257.65,255.83,254.41,0.38,0.33,70.91,76.33,81.25,70.14,66.04,68.53,75.26,105.12,10.61,11.71,17.73,20.08,22.29,-10.02,-10.02,84.87,90.9,72.8,89.98,93.91,82.14,67.14,261.25,222.5,16.02,0.82,258.08,200.55,25.09,0.94,5.68,5.24,5.0,8.01,9.69,10.03,254.09,233.12,257.6,225.95,241.78,2155153700,48797000.0,66742240.0,61391605.0,0.65,76.97,4109169277.21,168.62,0.22,24.19,40.71,14.61,96.0,8.0,88.0,255.61,257.45,259.43,253.63,251.79,237.76,-1.03,-0.4,2.45,254.15,254.0,254.22,17139972.36
2025-09-30,AAPL,254.86,255.92,253.11,254.63,37704300,7.48,6.54,0.94,7.48,6.54,0.94,254.66,253.95,251.99,250.59,249.26,247.4,244.65,241.77,240.05,238.07,236.28,234.67,233.22,230.77,225.19,220.81,254.74,250.66,244.82,243.12,238.44,230.16,226.9,217.42,222.05,253.45,247.24,243.41,256.78,254.41,252.08,257.44,256.69,255.53,0.4,0.35,43.39,75.83,79.2,82.77,66.55,67.68,67.26,94.57,8.78,12.09,16.48,27.84,24.91,-9.6,-9.38,85.82,86.88,83.71,90.4,91.21,88.79,65.68,262.41,223.84,15.87,0.8,259.38,200.94,25.39,0.92,4.88,4.84,5.03,7.18,9.64,10.41,254.34,234.97,257.6,225.95,241.78,2192858000,44282820.0,64170560.0,61073040.0,0.62,85.01,4112255394.3,168.66,0.21,29.32,45.42,4.88,92.0,4.0,88.0,254.15,255.28,256.14,253.29,252.16,239.75,0.2,0.08,2.81,254.55,254.52,254.57,3086117.08
2025-10-01,AAPL,255.04,258.79,254.93,255.45,48713900,7.42,6.72,0.71,7.42,6.72,0.71,255.05,254.45,252.76,251.48,250.21,248.41,245.68,242.79,241.04,239.04,237.22,235.58,234.1,231.58,225.79,221.16,255.37,252.3,246.73,243.97,239.27,230.98,227.66,218.0,222.09,254.32,248.42,244.51,257.26,255.44,253.22,257.47,257.5,256.6,0.41,0.36,55.03,79.29,78.08,81.73,69.39,67.51,72.15,95.98,7.92,11.4,16.46,25.42,16.98,-11.22,-10.17,82.02,84.24,77.59,88.78,89.72,86.9,53.51,263.88,224.06,16.32,0.79,260.7,201.26,25.73,0.91,3.88,4.87,4.99,6.0,9.95,10.75,255.42,235.95,258.79,225.95,242.37,2241571900,45564860.0,64391150.0,60187345.0,0.81,85.08,4076666482.9,168.71,0.14,34.92,49.39,4.86,100.0,0.0,100.0,254.55,256.0,257.36,253.19,251.74,241.53,0.82,0.32,4.16,256.39,256.86,256.15,-35588911.4
2025-10-02,AAPL,256.58,258.18,254.15,257.13,42630200,7.42,6.86,0.57,7.42,6.86,0.57,256.09,255.34,253.73,252.5,251.27,249.5,246.77,243.85,242.08,240.04,238.19,236.51,235.0,232.42,226.41,221.52,255.42,254.23,248.54,244.84,240.3,231.84,228.43,218.58,222.14,255.19,249.67,245.66,258.08,256.59,254.45,258.08,258.5,257.78,0.42,0.37,74.85,74.18,78.23,80.58,65.74,67.33,66.55,85.52,7.97,11.56,19.25,23.06,17.35,-6.99,-5.05,84.44,84.1,85.13,93.01,90.73,97.58,57.21,265.48,224.2,16.86,0.8,262.05,201.63,26.06,0.92,3.92,4.76,4.74,3.37,10.32,10.93,256.3,237.25,258.79,225.95,242.37,2284202100,43050480.0,64229210.0,59941385.0,0.71,84.93,4097082434.76,168.75,0.12,40.3,44.38,6.13,96.0,36.0,60.0,256.39,257.85,260.25,253.99,252.53,243.6,1.68,0.66,4.03,256.49,256.17,256.65,20415951.86
2025-10-03,AAPL,254.67,259.24,253.95,258.02,49155600,7.41,6.97,0.44,7.41,6.97,0.44,257.06,256.23,254.68,253.51,252.31,250.56,247.84,244.9,243.11,241.04,239.16,237.45,235.9,233.26,227.04,221.88,255.93,255.48,250.14,245.76,241.41,232.72,229.19,219.05,222.19,255.88,250.92,246.8,258.89,257.69,255.64,258.73,259.46,258.91,0.43,0.38,59.54,56.75,78.26,79.64,65.49,68.14,67.68,80.23,7.96,10.95,12.52,21.32,18.33,-5.32,-3.66,85.12,83.86,87.64,94.68,92.16,99.72,62.77,267.05,224.46,17.33,0.79,263.37,202.08,26.33,0.91,4.0,4.85,4.84,1.65,10.65,10.99,257.54,238.15,259.24,225.95,242.6,2333357700,43666340.0,52770640.0,59655645.0,0.82,85.11,4123565130.41,168.8,0.15,44.92,39.76,6.03,100.0,32.0,68.0,256.49,258.82,260.52,254.79,252.46,245.42,0.89,0.35,5.29,257.07,256.6,257.31,26482695.65
2025-10-06,AAPL,257.99,259.07,255.05,256.69,44664100,7.21,7.02,0.2,7.21,7.02,0.2,256.87,256.39,255.13,254.09,252.99,251.33,248.69,245.77,243.98,241.91,240.01,238.28,236.72,234.03,227.63,222.22,256.38,255.54,251.47,246.7,242.37,233.58,229.95,219.49,222.21,256.1,251.97,247.79,258.96,258.36,256.53,258.42,259.8,259.6,0.43,0.39,60.34,58.05,77.75,75.86,64.14,69.2,64.45,71.97,7.91,10.58,0.61,18.54,18.81,-11.29,-7.66,68.9,79.49,47.73,88.71,92.13,81.87,57.03,268.19,225.21,17.42,0.73,264.46,202.7,26.44,0.87,3.8,4.78,4.9,1.68,10.74,11.02,258.25,239.12,259.24,225.95,242.6,2288693600,44573620.0,46685310.0,59438875.0,0.75,79.32,4115343380.66,168.85,0.15,48.58,35.76,6.11,96.0,28.0,68.0,257.07,260.19,262.36,254.9,251.78,247.36,-1.33,-0.52,4.02,256.94,257.06,256.88,-8221749.75
2025-10-07,AAPL,256.81,257.4,255.43,256.48,31955800,6.96,7.0,-0.05,6.96,7.0,-0.05,256.68,256.42,255.43,254.52,253.52,251.97,249.43,246.57,244.79,242.72,240.82,239.08,237.49,234.76,228.2,222.57,256.75,255.75,252.69,247.8,243.35,234.43,230.74,219.93,222.23,256.27,252.9,248.7,258.87,258.85,257.28,257.99,259.93,260.1,0.43,0.4,69.98,67.19,70.73,74.84,65.9,64.59,58.33,63.01,4.47,11.65,2.05,17.49,22.13,-12.22,-8.29,63.35,72.46,45.13,87.78,90.39,82.57,57.78,268.89,226.72,17.02,0.71,265.45,203.4,26.47,0.86,3.53,4.76,4.81,1.66,10.54,10.92,258.94,239.92,259.24,225.95,242.6,2256737800,43423920.0,43853370.0,57720970.0,0.55,75.03,4117452139.03,168.88,0.19,52.45,35.97,6.14,92.0,24.0,68.0,256.94,258.82,260.96,254.8,252.92,249.02,-0.21,-0.08,1.97,256.44,256.41,256.45,2108758.38
2025-10-08,AAPL,256.52,258.52,256.11,258.06,36496900,6.8,6.96,-0.16,6.8,6.96,-0.16,257.37,256.96,256.01,255.16,254.22,252.73,250.25,247.42,245.65,243.57,241.66,239.9,238.3,235.53,228.79,222.92,257.28,256.32,253.96,249.37,244.31,235.36,231.56,220.4,222.28,256.69,253.87,249.65,259.25,259.52,258.13,258.31,260.35,260.76,0.43,0.4,76.34,56.5,55.66,78.28,70.96,64.75,92.49,67.06,0.77,8.21,5.75,20.18,31.27,-6.2,-3.54,81.06,71.1,100.97,93.8,90.1,101.2,59.95,268.43,230.3,15.29,0.73,266.36,204.37,26.34,0.87,3.53,4.6,4.67,1.29,9.53,10.91,259.46,241.04,259.24,226.65,242.94,2293234700,40980520.0,43272690.0,55373775.0,0.66,80.07,4140016612.48,168.92,0.28,56.52,37.2,6.35,88.0,20.0,68.0,256.44,257.44,258.41,255.47,254.47,250.45,1.58,0.62,2.41,257.56,257.32,257.69,22564473.44
2025-10-09,AAPL,257.81,258.0,253.14,254.04,38322000,6.29,6.83,-0.54,6.29,6.83,-0.54,255.7,255.99,255.58,254.96,254.19,252.9,250.61,247.91,246.19,244.15,242.26,240.52,238.92,236.14,229.29,223.23,256.66,256.04,255.04,250.57,245.09,236.26,232.29,220.83,222.3,256.28,254.32,250.28,258.13,259.33,258.37,256.62,259.58,260.56,0.42,0.41,42.74,43.96,49.02,63.31,75.7,60.89,-27.24,43.41,-0.15,5.95,-2.83,8.54,24.01,-46.76,-15.96,16.53,53.65,-57.69,53.24,78.27,3.17,53.83,267.4,233.74,13.44,0.6,266.75,205.78,25.81,0.79,3.83,4.35,4.5,1.46,8.42,10.73,259.32,241.91,259.24,229.02,244.13,2254912700,40118880.0,41584680.0,54779445.0,0.7,70.97,4115887945.81,168.95,0.22,58.09,30.96,11.59,84.0,16.0,68.0,257.56,259.02,259.97,256.61,255.15,251.68,-4.02,-1.56,4.92,255.06,255.57,254.8,-24128666.67
2025-10-10,AAPL,254.94,256.38,244.0,245.27,61999100,5.11,6.48,-1.38,5.11,6.48,-1.38,250.49,252.42,253.29,253.2,252.82,251.94,250.1,247.71,246.13,244.22,242.41,240.72,239.17,236.44,229.61,223.45,254.11,255.02,255.02,251.13,245.52,237.02,232.88,221.19,222.25,254.32,253.81,250.29,254.35,257.53,257.47,251.47,256.59,258.73,0.4,0.41,14.7,26.51,36.72,32.14,63.02,55.07,-294.01,-27.94,-2.79,2.33,-10.19,-10.81,11.2,-91.67,-46.23,8.33,35.31,-45.62,8.33,51.79,-78.58,42.65,266.31,235.94,12.09,0.31,266.45,207.58,24.84,0.64,5.0,4.44,4.91,3.72,7.59,10.46,258.99,241.22,259.24,235.03,247.14,2192913600,42687580.0,43176960.0,55088190.0,1.13,59.42,4066609178.12,169.01,0.13,56.72,13.72,26.05,80.0,12.0,68.0,255.06,256.98,259.92,252.12,250.2,259.24,-8.77,-3.45,12.38,248.55,250.19,247.73,-49278767.69
2025-10-13,AAPL,249.38,249.69,245.56,247.66,38142900,4.32,6.05,-1.73,4.32,6.05,-1.73,249.07,250.83,252.04,252.19,252.03,251.41,249.87,247.71,246.23,244.41,242.66,241.02,239.5,236.8,229.96,223.69,252.3,254.34,254.46,251.68,246.03,237.92,233.49,221.6,222.22,252.98,253.48,250.43,252.31,256.38,256.93,249.11,254.69,257.51,0.37,0.4,21.69,33.93,31.07,39.08,61.94,59.28,-214.51,-50.07,-3.59,4.11,-6.77,-6.77,10.96,-75.98,-47.83,24.02,16.29,39.46,24.02,28.53,14.99,41.62,265.39,237.96,10.9,0.35,265.75,210.1,23.39,0.67,5.06,4.49,4.86,4.39,6.86,10.16,258.85,240.89,259.24,236.32,247.78,2231056500,41383340.0,42978480.0,54860360.0,0.7,51.83,4067255667.95,169.04,0.13,56.23,12.46,25.78,76.0,8.0,68.0,248.55,253.1,260.93,240.72,236.17,258.94,2.39,0.97,4.42,247.64,247.62,247.64,646489.83
2025-10-14,AAPL,246.6,248.85,244.7,247.77,35478000,3.66,5.57,-1.91,3.66,5.57,-1.91,248.42,249.81,251.09,251.39,251.37,250.95,249.67,247.71,246.33,244.59,242.91,241.32,239.82,237.16,230.32,223.93,250.56,253.66,254.02,252.16,246.64,238.81,234.08,222.06,222.16,251.79,253.11,250.54,250.83,255.38,256.43,247.65,253.13,256.41,0.35,0.39,23.89,31.7,33.3,42.17,60.18,66.32,-170.98,-69.68,-3.01,5.73,-6.86,-4.54,9.62,-75.26,-50.04,24.74,19.03,36.15,24.74,19.03,36.15,41.56,264.48,239.84,9.77,0.32,264.92,212.71,21.86,0.67,4.9,4.45,4.86,4.85,6.16,9.68,258.57,240.77,259.24,236.65,247.94,2266534500,42087780.0,42755850.0,53463205.0,0.66,52.48,4084268010.12,169.07,0.17,56.07,12.57,23.31,72.0,4.0,68.0,247.64,249.71,251.77,245.58,243.51,258.64,0.11,0.04,4.15,247.11,246.77,247.27,17012342.17
2025-10-15,AAPL,249.49,251.82,247.47,249.34,33893600,3.23,5.1,-1.88,3.23,5.1,-1.88,248.88,249.65,250.7,251.02,251.06,250.75,249.64,247.83,246.52,244.86,243.23,241.67,240.2,237.56,230.69,224.18,248.82,253.05,253.82,252.68,247.0,239.74,234.66,222.54,222.12,251.0,252.84,250.71,250.25,254.77,256.16,247.49,252.22,255.7,0.32,0.37,30.64,31.34,39.2,35.52,60.27,65.42,-88.79,-51.02,-2.0,9.94,-6.11,-7.53,10.35,-64.96,-43.82,35.04,27.93,49.26,35.04,27.93,49.26,40.44,263.44,241.91,8.52,0.35,263.86,215.62,20.12,0.7,4.94,4.37,4.84,4.99,5.38,9.57,258.38,240.9,259.24,236.65,247.94,2300428100,41567120.0,41273820.0,52832485.0,0.64,50.68,4079515114.49,169.11,0.16,55.3,15.32,23.73,68.0,0.0,68.0,247.11,249.51,251.26,245.36,242.96,258.34,1.57,0.63,4.35,249.54,249.64,249.49,-4752895.63
2025-10-16,AAPL,248.25,249.04,245.13,247.45,39777000,2.7,4.62,-1.92,2.7,4.62,-1.92,248.17,248.92,249.98,250.37,250.5,250.34,249.43,247.81,246.58,245.0,243.43,241.92,240.48,237.89,231.02,224.41,247.5,252.08,253.19,253.15,247.25,240.43,235.21,223.06,222.08,249.99,252.35,250.74,249.21,253.89,255.65,246.63,250.97,254.69,0.29,0.36,21.71,25.83,35.79,34.88,57.62,61.07,-107.77,-113.6,-2.82,7.57,-9.68,-8.01,9.57,-77.36,-52.19,22.89,27.56,13.57,22.64,27.47,12.97,41.43,261.79,244.52,6.82,0.17,263.39,217.46,19.11,0.65,5.26,4.4,4.92,5.04,4.32,9.47,258.23,240.63,259.24,240.21,249.73,2260651100,41858120.0,40988500.0,52608855.0,0.76,43.32,4086941510.91,169.14,0.19,54.67,14.52,27.38,64.0,0.0,64.0,249.54,251.62,253.89,247.27,245.19,258.06,-1.89,-0.76,4.21,247.21,247.08,247.27,7426396.42
2025-10-17,AAPL,248.02,253.38,247.27,252.29,49147000,2.64,4.23,-1.58,2.64,4.23,-1.58,250.23,250.04,250.49,250.72,250.78,250.58,249.7,248.14,246.95,245.41,243.87,242.37,240.94,238.36,231.44,224.69,248.9,251.5,252.98,253.49,247.67,241.07,235.85,223.58,222.08,250.02,252.26,251.07,250.06,253.98,255.78,248.35,251.18,254.66,0.26,0.34,45.53,41.33,44.6,46.47,62.16,62.44,-34.61,-54.38,-1.24,7.78,-5.73,-2.14,6.79,-45.6,-36.52,57.09,38.34,94.6,54.4,37.36,88.47,45.06,261.36,245.63,6.21,0.42,263.51,218.63,18.61,0.75,5.79,4.66,5.0,4.6,3.93,9.4,259.02,240.38,259.24,244.0,251.62,2309798100,39287700.0,40987640.0,46879140.0,1.05,50.99,4118553247.41,169.19,0.12,51.98,20.36,24.67,60.0,0.0,60.0,247.21,249.28,251.12,245.37,243.3,257.78,4.84,1.96,6.11,250.98,250.32,251.31,31611736.5
2025-10-20,AAPL,255.89,264.38,255.63,262.24,90483000,3.36,4.05,-0.69,3.36,4.05,-0.69,256.23,254.11,253.1,252.81,252.54,252.04,250.9,249.18,247.94,246.34,244.76,243.23,241.78,239.14,232.05,225.06,251.82,252.06,253.5,253.8,248.49,241.73,236.66,224.2,222.14,251.98,253.1,252.01,253.99,255.85,257.12,254.09,253.92,256.4,0.25,0.32,90.89,58.2,56.8,59.5,63.59,66.92,116.43,143.83,1.99,10.79,5.55,7.61,6.16,-10.5,-10.5,89.5,56.5,155.51,89.5,55.51,157.48,54.59,262.53,245.07,6.88,0.98,264.68,218.77,18.99,0.95,6.82,5.32,5.17,5.53,4.36,9.58,261.54,240.25,264.38,244.0,254.19,2400281100,49755720.0,45569530.0,46127420.0,1.96,55.21,4164777134.26,169.28,0.07,47.54,31.35,21.59,100.0,0.0,100.0,250.98,254.69,257.09,248.58,244.87,244.0,9.95,3.94,12.09,260.75,260.0,261.12,46223886.86
2025-10-21,AAPL,261.88,265.29,261.83,262.77,46695900,3.93,4.03,-0.1,3.93,4.03,-0.1,259.5,257.0,255.25,254.62,254.12,253.38,252.03,250.19,248.89,247.25,245.64,244.08,242.6,239.92,232.66,225.44,254.82,252.69,254.04,254.22,249.43,242.44,237.47,224.83,222.23,253.92,253.95,252.93,257.07,257.53,258.38,258.19,256.29,257.99,0.24,0.31,89.99,56.91,56.39,59.21,56.49,66.78,135.37,172.45,1.84,10.34,6.29,7.32,8.34,-11.84,-11.84,88.16,78.25,107.99,88.16,77.35,109.78,61.2,263.82,244.61,7.56,0.95,265.76,219.12,19.24,0.94,5.54,5.27,4.81,6.38,4.8,9.54,262.57,241.48,265.29,244.0,254.64,2446977000,51999300.0,47043540.0,45448455.0,1.03,55.15,4143453572.99,169.33,0.08,42.69,28.99,21.8,100.0,0.0,100.0,260.75,265.87,269.5,257.12,252.0,244.41,0.53,0.2,3.46,263.3,263.56,263.16,-21323561.27
2025-10-22,AAPL,262.65,262.85,255.43,258.45,45015300,3.98,4.02,-0.04,3.98,4.02,-0.04,258.98,257.48,255.96,255.32,254.78,254.01,252.64,250.8,249.51,247.88,246.26,244.71,243.22,240.52,233.17,225.77,256.64,252.73,254.24,254.52,250.49,243.02,238.26,225.4,222.31,254.97,254.35,253.51,257.89,258.17,258.96,258.91,257.07,258.56,0.24,0.29,73.12,56.42,52.19,51.56,53.71,63.89,67.51,81.8,0.69,8.14,0.39,1.32,6.14,-32.13,-32.13,67.87,81.85,39.93,67.87,81.85,39.93,58.39,264.27,244.78,7.65,0.7,266.47,219.56,19.3,0.83,5.97,5.51,4.98,6.42,4.87,8.66,263.67,241.61,265.29,244.0,254.64,2401961700,54223640.0,47895380.0,45584035.0,0.99,48.21,4135081455.2,169.38,0.1,37.33,27.72,28.12,96.0,4.0,92.0,263.3,264.76,266.76,261.3,259.84,245.24,-4.32,-1.64,7.42,258.91,259.14,258.79,-8372117.79
2025-10-23,AAPL,259.94,260.62,258.01,259.58,32754900,4.07,4.03,0.04,4.07,4.03,0.04,259.28,258.18,256.77,256.09,255.52,254.71,253.3,251.45,250.16,248.53,246.91,245.35,243.87,241.15,233.7,226.1,259.07,253.28,254.41,254.66,251.47,243.54,239.1,225.98,222.38,256.22,254.84,254.1,258.83,258.9,259.61,259.8,257.97,259.24,0.24,0.28,72.59,76.77,53.77,51.83,56.83,60.42,69.97,83.42,1.21,9.12,5.54,1.56,2.71,-26.82,-26.82,72.27,76.1,64.6,73.18,76.41,66.73,57.17,264.61,244.71,7.82,0.75,267.28,219.8,19.5,0.84,5.75,5.32,4.88,6.78,4.98,7.9,263.95,242.65,265.29,244.0,254.64,2434716600,52819220.0,47338670.0,44461675.0,0.74,46.87,4141732833.36,169.41,0.05,32.3,27.29,29.13,92.0,0.0,92.0,258.91,262.39,266.33,254.97,251.49,246.04,1.13,0.44,2.61,259.4,259.32,259.45,6651378.16
2025-10-24,AAPL,261.19,264.13,259.18,262.82,38253700,4.35,4.09,0.26,4.35,4.09,0.26,261.05,259.73,258.11,257.32,256.64,255.72,254.21,252.29,250.98,249.32,247.69,246.11,244.61,241.86,234.27,226.47,261.17,255.04,254.73,255.03,252.43,244.14,240.02,226.58,222.48,257.95,255.61,254.83,260.56,260.1,260.58,261.76,259.51,260.38,0.24,0.27,82.01,77.48,55.57,56.88,55.73,55.59,94.79,116.44,1.84,7.05,17.55,6.13,7.36,-11.6,-11.6,88.0,76.05,111.92,88.4,76.48,112.23,59.9,265.63,244.43,8.31,0.87,268.29,220.0,19.78,0.89,5.84,5.39,4.86,6.74,5.3,7.44,264.99,243.43,265.29,244.0,254.64,2472970300,50640560.0,44964130.0,44070545.0,0.87,53.65,4159739120.43,169.45,0.08,27.58,31.61,28.77,88.0,0.0,88.0,259.4,260.8,262.01,258.19,256.79,246.81,3.24,1.25,4.95,262.04,261.65,262.24,18006287.07
2025-10-27,AAPL,264.88,269.12,264.65,268.81,44888200,5.0,4.27,0.72,5.0,4.27,0.72,264.93,262.75,260.49,259.41,258.52,257.36,255.6,253.52,252.13,250.4,248.72,247.1,245.56,242.74,234.96,226.89,262.49,257.15,255.54,255.75,253.5,244.89,241.13,227.24,222.61,260.46,256.93,255.89,263.77,262.19,262.19,265.67,262.29,262.42,0.24,0.27,82.83,81.44,66.51,62.25,61.82,61.13,135.71,176.62,5.81,4.97,21.15,12.33,14.38,-1.23,-1.23,98.71,86.33,123.47,98.77,86.78,122.74,64.19,268.0,243.5,9.58,1.03,269.74,220.04,20.3,0.98,6.13,5.7,4.98,7.45,6.13,7.41,266.99,244.2,269.12,244.0,256.56,2517858500,41521600.0,45638660.0,44308570.0,1.01,59.82,4198401216.63,169.5,0.1,23.53,36.15,27.21,100.0,56.0,44.0,262.04,264.91,266.99,259.96,257.09,247.55,5.99,2.28,6.3,267.53,266.88,267.85,38662096.2
2025-10-28,AAPL,268.99,269.89,268.15,269.0,41534800,5.46,4.51,0.95,5.46,4.51,0.95,266.96,264.84,262.38,261.15,260.13,258.81,256.87,254.66,253.22,251.44,249.71,248.05,246.48,243.6,235.63,227.31,263.73,259.27,256.37,256.47,254.53,245.65,242.22,227.92,222.77,262.61,258.19,256.89,266.14,263.99,263.64,268.22,264.56,264.21,0.25,0.26,71.95,80.64,82.82,61.18,63.09,63.32,125.91,172.76,9.68,5.73,21.23,10.94,14.37,-3.44,-3.44,96.41,94.37,100.47,96.56,94.58,100.54,62.42,270.05,242.88,10.6,0.96,271.08,220.22,20.7,0.96,5.51,5.65,4.94,7.51,6.79,7.35,268.18,245.57,269.89,244.0,256.94,2559393300,40489380.0,46244340.0,44500095.0,0.93,60.26,4197446393.64,169.55,0.1,19.43,36.01,27.44,100.0,52.0,48.0,267.53,270.4,272.0,265.93,263.06,248.85,0.19,0.07,1.74,269.01,269.02,269.01,-954822.99
2025-10-29,AAPL,269.28,271.41,267.11,269.7,51086700,5.82,4.77,1.05,5.82,4.77,1.05,268.33,266.46,264.01,262.7,261.6,260.18,258.1,255.78,254.28,252.45,250.68,248.99,247.39,244.46,236.31,227.73,265.98,261.31,257.15,257.18,255.55,246.43,243.34,228.58,222.95,264.51,259.45,257.86,268.06,265.64,265.03,270.06,266.54,265.86,0.27,0.26,72.25,86.01,81.98,67.16,63.42,60.91,108.3,151.14,8.9,6.89,20.36,15.66,14.25,-6.24,-6.24,92.92,96.01,86.73,93.76,96.36,88.56,58.96,271.98,242.38,11.51,0.92,272.37,220.49,21.05,0.95,4.4,5.61,5.01,7.27,7.4,7.25,269.31,246.88,271.41,244.0,257.71,2610480000,41703660.0,47963650.0,44618735.0,1.14,67.05,4207901346.2,169.6,0.15,17.83,38.23,23.88,100.0,48.0,52.0,269.01,269.88,270.75,268.14,267.27,250.53,0.7,0.26,4.3,269.41,269.26,269.48,10454952.56
2025-10-30,AAPL,271.99,274.14,268.48,271.4,69886500,6.17,5.05,1.12,6.17,5.05,1.12,269.87,268.11,265.65,264.29,263.11,261.58,259.36,256.93,255.38,253.5,251.7,249.97,248.33,245.34,237.0,228.17,268.35,263.71,258.3,257.89,256.67,247.34,244.31,229.28,223.14,266.34,260.8,258.89,269.96,267.33,266.47,271.86,268.54,267.57,0.28,0.27,100.0,84.43,82.77,83.89,63.98,63.49,112.2,146.68,9.54,5.66,23.95,26.13,14.27,-9.31,-9.09,85.36,91.56,72.95,90.69,93.67,84.73,61.78,274.0,241.78,12.49,0.92,273.54,221.14,21.18,0.96,4.71,5.13,5.09,6.04,8.06,7.01,269.62,249.11,274.14,244.0,259.07,2680366500,49129980.0,50974600.0,45981550.0,1.52,76.76,4210123885.07,169.68,0.12,19.52,45.62,13.38,100.0,44.0,56.0,269.41,271.7,273.71,267.4,265.11,252.62,1.7,0.63,5.66,271.34,271.31,271.36,2222538.87
2025-10-31,AAPL,276.99,277.32,269.16,270.37,86167100,6.3,5.3,0.99,6.3,5.3,0.99,270.12,268.86,266.7,265.39,264.23,262.68,260.41,257.93,256.35,254.44,252.61,250.85,249.19,246.16,237.66,228.59,269.86,265.51,259.98,258.51,257.5,248.25,245.14,229.95,223.3,267.55,261.99,259.77,270.94,268.57,267.63,272.39,269.83,268.83,0.29,0.27,91.98,71.59,79.61,80.53,61.74,63.49,107.43,133.71,8.43,5.84,18.08,22.71,12.35,-21.31,-20.86,68.25,82.17,40.4,78.69,87.72,60.65,56.37,275.56,241.46,13.19,0.85,274.42,222.07,21.09,0.92,4.82,5.39,5.28,4.82,8.53,7.11,271.2,249.62,277.32,244.0,260.66,2594199400,58712660.0,54676610.0,47832125.0,1.8,83.63,4149511243.65,169.78,0.03,21.16,47.57,12.71,100.0,40.0,60.0,271.34,274.2,277.0,268.54,265.68,255.2,-1.03,-0.38,8.16,272.28,273.24,271.8,-60612641.42
2025-11-03,AAPL,270.42,270.85,266.25,269.05,50194600,6.21,5.49,0.73,6.21,5.49,0.73,269.58,268.92,267.22,266.06,264.97,263.47,261.23,258.75,257.17,255.25,253.41,251.65,249.97,246.91,238.28,228.99,269.9,266.2,261.4,259.13,257.93,249.07,245.81,230.66,223.51,268.19,262.99,260.52,271.14,269.36,268.49,271.95,270.47,269.65,0.3,0.28,78.5,66.0,80.91,77.71,59.71,61.98,65.85,88.2,8.73,5.75,6.81,21.28,12.36,-25.69,-24.82,62.22,71.94,42.78,74.31,81.23,60.46,56.52,276.79,241.47,13.63,0.78,275.22,222.93,20.99,0.88,5.1,5.43,5.25,4.79,8.83,7.41,272.09,250.38,277.32,244.0,260.66,2544004800,59773940.0,50647770.0,48108650.0,1.04,81.55,4160423113.21,169.84,0.05,22.67,47.29,15.34,96.0,36.0,60.0,272.28,275.41,280.44,267.25,264.12,258.3,-1.32,-0.49,4.6,268.72,268.55,268.8,10911869.57
2025-11-04,AAPL,268.33,271.49,267.62,270.04,49274800,6.16,5.62,0.54,6.16,5.62,0.54,269.81,269.3,267.85,266.78,265.75,264.29,262.07,259.59,258.0,256.07,254.22,252.45,250.76,247.67,238.91,229.4,270.11,266.92,262.89,259.81,258.45,249.93,246.52,231.37,223.71,268.89,264.03,261.3,271.53,270.18,269.37,271.92,271.18,270.49,0.31,0.29,60.37,85.57,78.55,77.37,61.82,62.08,66.69,86.89,7.04,6.05,7.27,20.7,13.56,-22.62,-21.85,62.3,64.26,58.38,77.38,76.8,78.56,55.63,278.07,241.54,14.06,0.78,275.95,223.91,20.82,0.89,4.95,5.39,5.24,4.76,9.13,7.7,272.86,251.29,277.32,244.0,260.66,2593279600,61321940.0,50905660.0,48974600.0,1.01,82.01,4172773644.48,169.89,0.06,24.59,44.5,15.43,92.0,32.0,60.0,268.72,271.18,273.32,266.58,264.12,260.96,0.99,0.37,3.87,269.72,269.56,269.8,12350531.27
2025-11-05,AAPL,268.61,271.7,266.93,270.14,43683100,6.05,5.71,0.35,6.05,5.71,0.35,269.98,269.58,268.36,267.39,266.42,265.03,262.84,260.37,258.78,256.86,255.0,253.21,251.52,248.41,239.53,229.8,270.2,268.09,264.27,260.41,259.05,250.75,247.2,232.1,223.94,269.48,265.02,262.05,271.78,270.88,270.15,271.8,271.7,271.2,0.32,0.29,59.76,84.6,68.6,81.49,62.12,61.06,56.91,77.28,3.01,5.75,11.69,22.69,12.08,-23.89,-21.55,60.42,61.65,57.96,76.11,75.93,76.45,52.57,279.22,241.6,14.45,0.76,276.69,224.81,20.69,0.87,4.73,5.43,5.38,3.79,9.4,7.89,273.7,251.98,277.32,244.0,260.66,2636962700,59841220.0,50772440.0,49333910.0,0.89,81.19,4187884150.77,169.94,0.05,26.26,44.17,13.15,88.0,28.0,60.0,269.72,271.81,273.59,267.94,265.85,263.25,0.1,0.04,4.77,269.59,269.32,269.73,15110506.29
2025-11-06,AAPL,267.89,273.4,267.89,269.77,51204000,5.87,5.74,0.13,5.87,5.74,0.13,269.87,269.64,268.67,267.82,266.94,265.62,263.5,261.07,259.49,257.57,255.72,253.93,252.23,249.11,240.13,230.2,269.87,269.11,265.76,261.2,259.48,251.53,247.8,232.82,224.17,269.78,265.91,262.74,271.77,271.37,270.79,271.42,271.96,271.71,0.32,0.3,50.64,78.05,66.6,77.69,60.62,60.08,61.35,76.13,2.66,4.92,10.19,17.48,15.73,-34.49,-22.66,40.41,54.38,12.48,65.51,73.0,50.53,50.18,280.2,242.19,14.55,0.73,277.35,225.72,20.53,0.85,5.27,5.39,5.52,2.34,9.5,8.12,274.28,252.72,277.32,244.0,260.66,2585758700,56104720.0,52617350.0,49978010.0,1.02,81.34,4171621537.34,170.0,0.06,29.23,41.03,13.26,84.0,24.0,60.0,269.59,272.25,274.36,267.48,264.82,265.22,-0.37,-0.14,5.51,270.35,270.64,270.21,-16262613.43
2025-11-07,AAPL,269.8,272.29,266.77,268.47,48227400,5.56,5.7,-0.14,5.56,5.7,-0.14,269.17,269.25,268.63,267.94,267.17,265.97,263.97,261.62,260.07,258.18,256.34,254.57,252.87,249.74,240.69,230.58,269.49,269.68,266.84,262.36,259.91,252.25,248.4,233.54,224.4,269.67,266.6,263.32,271.27,271.52,271.18,270.47,271.77,271.87,0.32,0.3,21.33,47.79,77.74,63.6,63.76,60.11,36.72,61.02,3.88,4.05,5.65,6.23,23.2,-40.43,-26.56,20.05,40.29,-20.43,59.57,67.06,44.59,46.0,280.05,244.66,13.49,0.67,277.91,226.59,20.34,0.82,5.44,4.92,5.55,0.87,8.85,8.24,273.81,254.14,277.32,244.7,261.01,2537531300,48516780.0,53614720.0,49289425.0,0.98,73.35,4153099419.95,170.06,0.09,29.95,28.97,16.15,80.0,20.0,60.0,270.35,272.82,275.86,267.31,264.84,277.32,-1.3,-0.48,5.52,269.18,269.53,269.0,-18522117.39
2025-11-10,AAPL,268.96,273.73,267.46,269.43,41312400,5.33,5.63,-0.3,5.33,5.63,-0.3,269.3,269.31,268.8,268.21,267.52,266.41,264.49,262.19,260.67,258.8,256.98,255.21,253.52,250.39,241.26,230.97,269.57,269.74,267.32,263.44,260.41,253.0,249.03,234.27,224.63,269.62,267.28,263.94,271.15,271.79,271.63,270.19,271.79,272.13,0.31,0.3,40.67,52.54,77.53,64.27,77.07,60.98,51.28,64.84,3.79,4.96,0.62,6.66,21.77,-36.04,-24.19,28.73,29.73,26.72,63.96,63.01,65.84,44.07,279.97,246.91,12.55,0.68,278.44,227.56,20.11,0.82,5.53,5.12,5.26,0.83,8.27,8.35,274.73,254.25,277.32,244.7,261.01,2578843700,46740340.0,53257140.0,49447900.0,0.84,73.18,4137747284.06,170.1,0.07,31.05,28.57,15.51,76.0,16.0,60.0,269.18,271.58,274.7,266.06,263.66,277.11,0.96,0.36,6.27,270.21,270.6,270.01,-15352135.89
2025-11-11,AAPL,269.81,275.91,269.8,275.25,46208300,5.55,5.61,-0.06,5.55,5.61,-0.06,272.28,271.29,270.24,269.49,268.71,267.51,265.52,263.16,261.62,259.72,257.87,256.08,254.37,251.2,241.93,231.41,270.61,270.36,268.15,264.82,261.1,253.91,249.77,235.02,224.86,270.62,268.4,264.89,272.94,273.05,272.74,272.58,273.26,273.37,0.31,0.31,82.49,70.42,80.36,83.82,78.71,63.59,132.48,92.12,4.73,7.32,6.25,16.8,27.48,-10.72,-6.35,81.3,43.36,157.18,89.28,70.94,125.97,53.68,280.4,249.23,11.77,0.83,279.21,228.61,19.93,0.92,5.29,5.05,5.36,1.89,7.79,8.7,275.62,255.41,277.32,245.13,261.23,2625052000,46127040.0,53724490.0,49984415.0,0.92,79.56,4173972776.21,170.16,0.09,35.68,32.03,6.67,72.0,12.0,60.0,270.21,272.95,276.48,266.68,263.94,276.9,5.82,2.16,6.48,273.65,272.86,274.05,36225492.14
2025-11-12,AAPL,275.0,275.73,271.7,273.47,48398000,5.52,5.59,-0.08,5.52,5.59,-0.08,272.87,272.02,270.96,270.22,269.44,268.26,266.28,263.93,262.38,260.48,258.63,256.84,255.12,251.93,242.56,231.83,271.28,270.74,269.15,266.02,261.7,254.61,250.48,235.74,225.03,271.19,269.22,265.69,273.63,273.77,273.51,273.3,273.93,274.09,0.31,0.31,66.6,57.57,64.33,77.25,75.84,65.93,140.05,88.68,1.73,5.97,3.77,13.89,24.13,-21.22,-11.96,65.22,58.42,78.83,78.78,77.34,81.65,52.15,280.24,251.81,10.69,0.76,280.1,229.12,20.02,0.87,5.21,5.15,5.35,2.11,7.11,8.92,276.58,255.97,277.32,245.13,261.23,2576654000,47070020.0,53455620.0,50709635.0,0.95,73.16,4168088155.86,170.21,0.09,40.13,31.4,6.54,68.0,8.0,60.0,273.65,277.51,279.76,271.4,267.54,276.7,-1.78,-0.65,4.03,273.63,273.72,273.59,-5884620.35
2025-11-13,AAPL,274.11,276.7,272.09,272.95,49602800,5.39,5.55,-0.16,5.39,5.55,-0.16,272.91,272.33,271.4,270.71,269.98,268.84,266.91,264.59,263.06,261.17,259.33,257.54,255.82,252.62,243.16,232.24,271.91,270.89,270.04,267.3,262.23,255.27,251.26,236.46,225.2,271.59,269.88,266.42,273.91,274.27,274.11,273.47,274.29,274.58,0.31,0.31,63.07,59.8,61.9,72.24,74.26,76.24,130.92,93.71,1.47,7.44,1.55,10.13,25.5,-34.49,-13.58,64.11,70.21,51.92,65.51,77.86,40.82,48.03,278.82,255.78,8.62,0.75,280.91,229.63,20.09,0.84,5.31,5.13,5.37,2.21,5.76,9.1,277.17,256.65,277.32,247.27,262.3,2527051200,46749780.0,51427250.0,51200925.0,0.97,73.65,4136992257.38,170.27,0.05,44.22,28.01,6.57,64.0,4.0,60.0,273.63,275.57,277.66,271.54,269.6,266.77,-0.52,-0.19,4.61,273.91,274.4,273.67,-31095898.48
2025-11-14,AAPL,271.05,275.96,269.6,272.41,47431300,5.18,5.48,-0.3,5.18,5.48,-0.3,272.66,272.36,271.62,271.02,270.36,269.29,267.43,265.17,263.67,261.8,259.97,258.19,256.47,253.27,243.74,232.64,272.7,271.1,270.68,268.31,262.71,255.93,252.06,237.17,225.38,271.87,270.37,267.08,273.89,274.57,274.56,273.26,274.38,274.87,0.31,0.31,62.09,63.57,58.25,60.39,76.37,74.32,67.47,77.31,1.0,11.07,2.04,3.6,20.12,-44.35,-16.34,56.8,62.04,46.3,55.65,66.64,33.65,45.04,277.61,259.0,6.93,0.72,281.61,230.24,20.07,0.82,5.54,5.13,5.47,2.25,4.65,9.25,277.7,257.17,277.32,255.43,266.38,2479619900,46590560.0,47553670.0,51115140.0,0.93,67.18,4131473521.21,170.32,0.01,45.74,21.05,10.03,60.0,0.0,60.0,273.91,275.74,278.52,271.13,269.3,266.97,-0.54,-0.2,6.36,272.66,272.78,272.6,-5518736.16
2025-11-17,AAPL,268.82,270.49,265.73,267.46,45018300,4.57,5.3,-0.73,4.57,5.3,-0.73,270.06,270.72,270.7,270.37,269.91,269.06,267.44,265.34,263.91,262.11,260.33,258.59,256.9,253.74,244.21,232.98,272.31,270.94,270.59,268.57,263.06,256.52,252.72,237.83,225.53,271.21,270.29,267.38,272.19,273.89,274.33,270.81,273.11,274.18,0.3,0.3,46.53,42.11,39.99,46.51,65.99,67.67,-115.74,-15.13,-1.45,7.99,-1.59,-1.54,5.22,-85.07,-45.04,15.77,45.56,-43.81,14.93,45.36,-45.94,43.37,277.43,259.7,6.6,0.44,281.87,231.17,19.77,0.72,5.71,5.49,5.49,2.46,4.43,9.22,278.41,256.46,277.32,255.43,266.38,2434601600,47331740.0,47036040.0,48841905.0,0.92,61.22,4119178607.35,170.37,-0.05,45.7,18.69,14.42,56.0,4.0,52.0,272.66,275.71,279.02,269.35,266.3,276.7,-4.95,-1.82,6.68,267.89,268.11,267.78,-12294913.87
2025-11-18,AAPL,269.99,270.71,265.32,267.44,45677300,4.03,5.04,-1.01,4.03,5.04,-1.01,268.75,269.63,269.97,269.84,269.53,268.86,267.44,265.5,264.14,262.41,260.68,258.97,257.32,254.19,244.67,233.32,270.75,270.68,270.49,268.8,263.43,257.18,253.39,238.5,225.73,270.57,270.18,267.67,270.89,273.28,274.1,269.14,272.01,273.52,0.28,0.3,42.7,41.7,42.15,44.72,56.93,66.7,-108.02,-23.32,-1.08,7.94,-2.6,-2.26,4.67,-82.33,-45.13,18.63,30.4,-4.91,17.67,29.41,-5.83,43.79,277.26,260.34,6.3,0.42,281.89,232.47,19.22,0.71,5.69,5.57,5.18,2.69,4.23,9.17,278.57,256.31,277.32,255.43,266.38,2388924300,47225540.0,46676290.0,48790975.0,0.94,54.66,4109432986.75,170.42,-0.03,44.45,16.48,14.75,52.0,0.0,52.0,267.89,270.06,272.65,265.3,263.13,276.48,-0.02,-0.01,5.39,267.82,268.02,267.73,-9745620.59
2025-11-19,AAPL,265.53,272.21,265.5,268.56,40355600,3.66,4.77,-1.11,3.66,4.77,-1.11,268.66,269.27,269.66,269.61,269.38,268.82,267.54,265.72,264.42,262.75,261.06,259.39,257.76,254.66,245.14,233.68,269.76,270.52,270.41,269.31,263.78,258.02,254.04,239.13,225.91,270.18,270.16,268.0,270.28,272.92,274.01,268.53,271.37,273.12,0.27,0.29,12.54,46.44,48.67,43.18,57.6,69.76,-65.35,-16.74,-0.18,7.71,-1.58,-2.84,10.11,-73.0,-40.02,28.47,20.96,43.5,27.0,19.86,41.27,45.4,276.23,262.38,5.14,0.45,281.32,234.71,18.06,0.73,5.75,5.64,5.33,2.77,3.46,9.16,278.82,256.26,277.32,258.01,267.66,2429279900,45617060.0,46343540.0,48557990.0,0.83,52.7,4105884580.79,170.47,-0.03,40.58,14.7,14.55,48.0,4.0,44.0,267.82,270.33,273.21,264.94,262.43,276.03,1.12,0.42,6.71,268.76,268.86,268.71,-3548405.96
